1,Abdiel Avila,L,E,V,L,E,L,V,E,L,V
2,Abel 🍀🍀 ,L,E,L,V,L,E,V,L,V,E
3,Abel 🍀🍀 ,L,E,L,V,L,E,V,L,E,E
4,Abel 🍀🍀 ,L,E,L,V,L,E,V,L,L,E
5,Abel 🍀🍀 ,L,E,V,V,L,E,V,L,V,E
6,Abel 🍀🍀 ,L,E,V,V,L,E,V,L,E,E
7,Abel 🍀🍀 ,L,E,V,V,L,E,V,L,L,E
8,Abigail 4 ,L,V,V,L,L,L,L,L,L,E
9,Abigail 4 ,L,V,V,L,L,L,L,L,E,E
10,Abigail 4 ,L,V,V,L,L,L,E,L,L,E
11,Abigail 4 ,L,V,V,L,L,L,E,L,E,E
12,Abigail 4 ,L,V,V,L,V,L,L,L,L,E
13,Abigail 4 ,L,V,V,L,V,L,L,L,E,E
14,Abigail 4 ,L,V,V,L,V,L,E,L,L,E
15,Abigail 4 ,L,V,V,L,V,L,E,L,E,E
16,Abigail 4 ,L,V,V,V,L,L,L,L,L,E
17,Abigail 4 ,L,V,V,V,L,L,L,L,E,E
18,Abigail 4 ,L,V,V,V,L,L,E,L,L,E
19,Abigail 4 ,L,V,V,V,L,L,E,L,E,E
20,Abigail 4 ,L,V,V,V,V,L,L,L,L,E
21,Abigail 4 ,L,V,V,V,V,L,L,L,E,E
22,Abigail 4 ,L,V,V,V,V,L,E,L,L,E
23,Abigail 4 ,L,V,V,V,V,L,E,L,E,E
24,Abigail y romario,L,E,V,E,L,L,L,L,L,L
25,Abigail y romario,L,L,V,L,L,L,V,L,L,V
26,ABLTK 333,L,V,V,V,L,L,V,L,V,V
27,ABLTK 333,L,E,L,E,V,E,L,E,L,L
28,Abril y ari ,L,E,V,V,L,L,E,L,V,L
29,Abril y ari ,L,V,V,V,L,L,E,L,V,L
30,Abril y ary ,L,E,V,E,E,L,L,L,L,L
31,Abril y ary ,L,E,V,E,E,L,E,L,L,L
32,Abril y ary ,L,E,V,E,E,L,V,L,L,L
33,Abril y ary ,L,E,V,E,L,L,L,L,L,L
34,Abril y ary ,L,E,V,E,L,L,E,L,L,L
35,Abril y ary ,L,E,V,E,L,L,V,L,L,L
36,Abril y ary ,L,E,V,E,V,L,L,L,L,L
37,Abril y ary ,L,E,V,E,V,L,E,L,L,L
38,Abril y ary ,L,E,V,E,V,L,V,L,L,L
39,Abril 🍀🍀🍀,E,E,E,E,L,E,E,E,E,L
40,Absolute1,V,E,V,V,L,L,V,L,L,L
41,Absolute1,E,L,V,E,V,V,V,V,V,L
42,Abuelita soytu nieto,L,L,V,E,L,V,V,L,L,V
43,Abuelita soytu nieto,L,V,V,L,L,L,V,L,L,E
44,Abuelito MQ,L,L,V,V,L,L,L,L,V,V
45,Abuelito MQ,L,L,V,V,L,E,V,V,V,V
46,Abuelito MQ,E,V,V,V,L,L,E,E,E,V
47,Abuelito MQ,L,L,V,E,L,L,L,L,V,E
48,Abuelito MQ,E,V,V,L,L,L,E,L,E,V
49,Abuelito MQ,L,V,V,L,L,L,E,E,E,E
50,Abuelito MQ,L,V,V,E,E,L,V,L,V,V
51,Abuelito MQ,L,E,V,L,E,E,V,E,V,V
52,Abuelito MQ,E,E,E,L,V,L,L,L,E,E
53,Abuelito MQ,L,V,V,V,L,L,V,L,V,L
54,Abuelito MQ,V,L,V,L,L,E,E,L,V,E
55,Abuelito MQ,V,E,V,E,E,L,L,L,E,V
56,Abuelito MQ,E,V,V,V,L,L,E,L,L,L
57,Abuelito MQ,L,L,L,V,V,E,V,E,V,V
58,Abuelito MQ,E,E,V,L,L,E,L,E,L,V
59,Abuelito MQ,L,L,V,L,E,E,V,L,V,V
60,Abuelito MQ,V,V,L,V,L,V,L,L,L,L
61,Abuelito MQ,L,V,L,V,L,V,L,V,L,V
62,Abuelito MQ,V,V,V,L,E,E,L,V,L,V
63,Abuelito MQ,V,V,V,L,V,L,V,L,E,E
64,Abuelito MQ,L,L,V,V,L,E,L,L,E,V
65,Abuelo ,L,L,V,L,L,L,E,L,L,L
66,Abuelo ,L,L,V,L,L,L,E,L,E,L
67,Abuelo ,L,L,V,L,L,L,V,L,L,L
68,Abuelo ,L,L,V,L,L,L,V,L,E,L
69,Abuelo ,L,L,V,E,L,L,E,L,L,L
70,Abuelo ,L,L,V,E,L,L,E,L,E,L
71,Abuelo ,L,L,V,E,L,L,V,L,L,L
72,Abuelo ,L,L,V,E,L,L,V,L,E,L
73,Abuelo ,L,E,V,L,L,L,E,L,L,L
74,Abuelo ,L,E,V,L,L,L,E,L,E,L
75,Abuelo ,L,E,V,L,L,L,V,L,L,L
76,Abuelo ,L,E,V,L,L,L,V,L,E,L
77,Abuelo ,L,E,V,E,L,L,E,L,L,L
78,Abuelo ,L,E,V,E,L,L,E,L,E,L
79,Abuelo ,L,E,V,E,L,L,V,L,L,L
80,Abuelo ,L,E,V,E,L,L,V,L,E,L
81,AC,L,E,V,L,L,L,E,E,E,L
82,AC,V,V,E,L,E,V,E,V,L,L
83,AC,V,E,E,L,E,E,L,V,L,E
84,AC,L,V,E,V,E,L,E,V,E,L
85,AC,L,V,E,V,V,E,L,E,V,E
86,AC EDUARDO SANCHEZ,L,E,V,E,L,L,E,L,E,L
87,AC EDUARDO SANCHEZ,L,E,V,L,V,L,E,L,E,L
88,Aca001,L,V,L,V,L,L,V,L,V,L
89,Aca001,V,L,V,L,L,L,V,L,V,L
90,Aca001,E,E,V,E,L,L,E,V,L,L
91,ACAMPOS 10,L,L,L,V,L,V,V,V,L,V
92,ACAMPOS 10,L,L,L,L,L,L,V,L,E,V
93,ACAMPOS 10,L,E,L,V,L,V,V,L,E,L
94,Acapulco kone,L,E,V,E,L,L,L,L,E,L
95,Acapulco kone,L,E,V,L,L,L,L,L,E,L
96,Acapulco kone,L,V,V,E,L,L,E,L,V,L
97,Acapulco kone,L,L,V,E,E,E,E,E,E,L
98,Acapulco kone,L,E,V,L,L,L,V,L,L,L
99,Acapulqueñito,L,E,V,L,L,L,L,L,L,E
100,Acapulqueñito,L,V,V,L,L,L,E,L,E,L
101,Acapulqueñito,L,L,V,L,L,L,V,L,E,E
102,Acapulqueñito,L,E,E,E,L,V,V,L,V,L
103,Acapulqueñito,L,V,L,V,E,E,E,L,L,L
104,acck,E,V,V,L,L,E,V,E,V,L
105,acck,L,V,V,L,L,E,L,L,V,L
106,acck,L,E,V,L,L,E,V,E,L,L
107,acck,L,V,V,E,V,E,E,L,E,L
108,acck,L,V,V,L,L,E,V,L,E,L
109,acck,L,L,V,L,L,E,L,V,L,L
110,acck,L,L,E,V,L,E,E,V,E,E
111,acck,L,L,V,E,L,V,E,L,V,V
112,acck,E,V,V,E,L,V,E,V,V,L
113,acck,L,E,V,E,L,L,E,L,E,L
114,AcDanyFer1,E,E,V,E,L,L,E,L,V,L
115,AcDanyFer2,L,V,V,E,L,L,L,L,E,E
116,AcDanyFer3,E,V,V,L,L,E,L,L,V,L
117,AcDanyFer4,V,L,V,V,E,E,V,E,L,L
118,AcDanyFer5,L,L,V,L,L,E,E,L,V,L
119,Acme,E,V,E,E,E,V,E,L,E,V
120,Acme,L,E,V,L,V,E,E,V,L,E
121,Acme,L,E,V,L,E,V,E,V,E,L
122,Acme,E,L,E,V,L,L,L,E,E,E
123,Aconomrs1973,L,E,V,L,L,L,V,L,L,L
124,Aconomrs1973,L,V,V,E,L,L,V,L,V,V
125,Aconomrs1973,L,V,V,L,E,L,V,L,V,V
126,Aconomrs1973,L,L,V,E,L,L,L,L,L,E
127,Aconomrs1973,L,L,V,E,L,E,L,L,E,V
128,Aconomrs1973,E,E,E,V,L,V,V,L,E,E
129,ACRS,L,E,E,L,L,E,L,L,V,L
130,ACTIVATED ☘️🙌 ,L,L,V,L,L,L,L,L,L,L
131,ACTIVATED ☘️🙌 ,L,L,V,L,L,L,L,L,E,L
132,ACTIVATED ☘️🙌 ,L,L,V,L,L,L,L,E,L,L
133,ACTIVATED ☘️🙌 ,L,L,V,L,L,L,L,E,E,L
134,ACTIVATED ☘️🙌 ,L,L,V,L,L,L,E,L,L,L
135,ACTIVATED ☘️🙌 ,L,L,V,L,L,L,E,L,E,L
136,ACTIVATED ☘️🙌 ,L,L,V,L,L,L,E,E,L,L
137,ACTIVATED ☘️🙌 ,L,L,V,L,L,L,E,E,E,L
138,ACTIVATED ☘️🙌 ,L,L,V,L,L,L,V,L,L,L
139,ACTIVATED ☘️🙌 ,L,L,V,L,L,L,V,L,E,L
140,ACTIVATED ☘️🙌 ,L,L,V,L,L,L,V,E,L,L
141,ACTIVATED ☘️🙌 ,L,L,V,L,L,L,V,E,E,L
142,ACTIVATED ☘️🙌 ,L,L,V,E,L,L,L,L,L,L
143,ACTIVATED ☘️🙌 ,L,L,V,E,L,L,L,L,E,L
144,ACTIVATED ☘️🙌 ,L,L,V,E,L,L,L,E,L,L
145,ACTIVATED ☘️🙌 ,L,L,V,E,L,L,L,E,E,L
146,ACTIVATED ☘️🙌 ,L,L,V,E,L,L,E,L,L,L
147,ACTIVATED ☘️🙌 ,L,L,V,E,L,L,E,L,E,L
148,ACTIVATED ☘️🙌 ,L,L,V,E,L,L,E,E,L,L
149,ACTIVATED ☘️🙌 ,L,L,V,E,L,L,E,E,E,L
150,ACTIVATED ☘️🙌 ,L,L,V,E,L,L,V,L,L,L
151,ACTIVATED ☘️🙌 ,L,L,V,E,L,L,V,L,E,L
152,ACTIVATED ☘️🙌 ,L,L,V,E,L,L,V,E,L,L
153,ACTIVATED ☘️🙌 ,L,L,V,E,L,L,V,E,E,L
154,ACTIVATED ☘️🙌 ,L,E,V,L,L,L,L,L,L,L
155,ACTIVATED ☘️🙌 ,L,E,V,L,L,L,L,L,E,L
156,ACTIVATED ☘️🙌 ,L,E,V,L,L,L,L,E,L,L
157,ACTIVATED ☘️🙌 ,L,E,V,L,L,L,L,E,E,L
158,ACTIVATED ☘️🙌 ,L,E,V,L,L,L,E,L,L,L
159,ACTIVATED ☘️🙌 ,L,E,V,L,L,L,E,L,E,L
160,ACTIVATED ☘️🙌 ,L,E,V,L,L,L,E,E,L,L
161,ACTIVATED ☘️🙌 ,L,E,V,L,L,L,E,E,E,L
162,ACTIVATED ☘️🙌 ,L,E,V,L,L,L,V,L,L,L
163,ACTIVATED ☘️🙌 ,L,E,V,L,L,L,V,L,E,L
164,ACTIVATED ☘️🙌 ,L,E,V,L,L,L,V,E,L,L
165,ACTIVATED ☘️🙌 ,L,E,V,L,L,L,V,E,E,L
166,ACTIVATED ☘️🙌 ,L,E,V,E,L,L,L,L,L,L
167,ACTIVATED ☘️🙌 ,L,E,V,E,L,L,L,L,E,L
168,ACTIVATED ☘️🙌 ,L,E,V,E,L,L,L,E,L,L
169,ACTIVATED ☘️🙌 ,L,E,V,E,L,L,L,E,E,L
170,ACTIVATED ☘️🙌 ,L,E,V,E,L,L,E,L,L,L
171,ACTIVATED ☘️🙌 ,L,E,V,E,L,L,E,L,E,L
172,ACTIVATED ☘️🙌 ,L,E,V,E,L,L,E,E,L,L
173,ACTIVATED ☘️🙌 ,L,E,V,E,L,L,E,E,E,L
174,ACTIVATED ☘️🙌 ,L,E,V,E,L,L,V,L,L,L
175,ACTIVATED ☘️🙌 ,L,E,V,E,L,L,V,L,E,L
176,ACTIVATED ☘️🙌 ,L,E,V,E,L,L,V,E,L,L
177,ACTIVATED ☘️🙌 ,L,E,V,E,L,L,V,E,E,L
178,Adachi mc 🍀 ,L,L,V,L,L,L,E,L,L,L
179,Adachi mc 🍀 ,L,L,V,L,L,L,E,L,E,L
180,Adachi mc 🍀 ,L,L,V,L,L,L,L,L,L,L
181,Adachi mc 🍀 ,L,L,V,L,L,L,L,L,E,L
182,Adachi mc 🍀 ,L,L,V,L,E,L,E,L,L,L
183,Adachi mc 🍀 ,L,L,V,L,E,L,E,L,E,L
184,Adachi mc 🍀 ,L,L,V,L,E,L,L,L,L,L
185,Adachi mc 🍀 ,L,L,V,L,E,L,L,L,E,L
186,Adachi mc 🍀 ,L,L,V,E,L,L,E,L,L,L
187,Adachi mc 🍀 ,L,L,V,E,L,L,E,L,E,L
188,Adachi mc 🍀 ,L,L,V,E,L,L,L,L,L,L
189,Adachi mc 🍀 ,L,L,V,E,L,L,L,L,E,L
190,Adachi mc 🍀 ,L,L,V,E,E,L,E,L,L,L
191,Adachi mc 🍀 ,L,L,V,E,E,L,E,L,E,L
192,Adachi mc 🍀 ,L,L,V,E,E,L,L,L,L,L
193,Adachi mc 🍀 ,L,L,V,E,E,L,L,L,E,L
194,Adachi mc 🍀 ,L,L,V,V,L,L,E,L,L,L
195,Adachi mc 🍀 ,L,L,V,V,L,L,E,L,E,L
196,Adachi mc 🍀 ,L,L,V,V,L,L,L,L,L,L
197,Adachi mc 🍀 ,L,L,V,V,L,L,L,L,E,L
198,Adachi mc 🍀 ,L,L,V,V,E,L,E,L,L,L
199,Adachi mc 🍀 ,L,L,V,V,E,L,E,L,E,L
200,Adachi mc 🍀 ,L,L,V,V,E,L,L,L,L,L
201,Adachi mc 🍀 ,L,L,V,V,E,L,L,L,E,L
202,Adachi mc 🍀 ,L,E,V,L,L,L,E,L,L,L
203,Adachi mc 🍀 ,L,E,V,L,L,L,E,L,E,L
204,Adachi mc 🍀 ,L,E,V,L,L,L,L,L,L,L
205,Adachi mc 🍀 ,L,E,V,L,L,L,L,L,E,L
206,Adachi mc 🍀 ,L,E,V,L,E,L,E,L,L,L
207,Adachi mc 🍀 ,L,E,V,L,E,L,E,L,E,L
208,Adachi mc 🍀 ,L,E,V,L,E,L,L,L,L,L
209,Adachi mc 🍀 ,L,E,V,L,E,L,L,L,E,L
210,Adachi mc 🍀 ,L,E,V,E,L,L,E,L,L,L
211,Adachi mc 🍀 ,L,E,V,E,L,L,E,L,E,L
212,Adachi mc 🍀 ,L,E,V,E,L,L,L,L,L,L
213,Adachi mc 🍀 ,L,E,V,E,L,L,L,L,E,L
214,Adachi mc 🍀 ,L,E,V,E,E,L,E,L,L,L
215,Adachi mc 🍀 ,L,E,V,E,E,L,E,L,E,L
216,Adachi mc 🍀 ,L,E,V,E,E,L,L,L,L,L
217,Adachi mc 🍀 ,L,E,V,E,E,L,L,L,E,L
218,Adachi mc 🍀 ,L,E,V,V,L,L,E,L,L,L
219,Adachi mc 🍀 ,L,E,V,V,L,L,E,L,E,L
220,Adachi mc 🍀 ,L,E,V,V,L,L,L,L,L,L
221,Adachi mc 🍀 ,L,E,V,V,L,L,L,L,E,L
222,Adachi mc 🍀 ,L,E,V,V,E,L,E,L,L,L
223,Adachi mc 🍀 ,L,E,V,V,E,L,E,L,E,L
224,Adachi mc 🍀 ,L,E,V,V,E,L,L,L,L,L
225,Adachi mc 🍀 ,L,E,V,V,E,L,L,L,E,L
226,Adachi mc 🍀 ,L,V,V,L,L,L,E,L,L,L
227,Adachi mc 🍀 ,L,V,V,L,L,L,E,L,E,L
228,Adachi mc 🍀 ,L,V,V,L,L,L,L,L,L,L
229,Adachi mc 🍀 ,L,V,V,L,L,L,L,L,E,L
230,Adachi mc 🍀 ,L,V,V,L,E,L,E,L,L,L
231,Adachi mc 🍀 ,L,V,V,L,E,L,E,L,E,L
232,Adachi mc 🍀 ,L,V,V,L,E,L,L,L,L,L
233,Adachi mc 🍀 ,L,V,V,L,E,L,L,L,E,L
234,Adachi mc 🍀 ,L,V,V,E,L,L,E,L,L,L
235,Adachi mc 🍀 ,L,V,V,E,L,L,E,L,E,L
236,Adachi mc 🍀 ,L,V,V,E,L,L,L,L,L,L
237,Adachi mc 🍀 ,L,V,V,E,L,L,L,L,E,L
238,Adachi mc 🍀 ,L,V,V,E,E,L,E,L,L,L
239,Adachi mc 🍀 ,L,V,V,E,E,L,E,L,E,L
240,Adachi mc 🍀 ,L,V,V,E,E,L,L,L,L,L
241,Adachi mc 🍀 ,L,V,V,E,E,L,L,L,E,L
242,Adachi mc 🍀 ,L,V,V,V,L,L,E,L,L,L
243,Adachi mc 🍀 ,L,V,V,V,L,L,E,L,E,L
244,Adachi mc 🍀 ,L,V,V,V,L,L,L,L,L,L
245,Adachi mc 🍀 ,L,V,V,V,L,L,L,L,E,L
246,Adachi mc 🍀 ,L,V,V,V,E,L,E,L,L,L
247,Adachi mc 🍀 ,L,V,V,V,E,L,E,L,E,L
248,Adachi mc 🍀 ,L,V,V,V,E,L,L,L,L,L
249,Adachi mc 🍀 ,L,V,V,V,E,L,L,L,E,L
250,Adali Ferra,L,E,V,E,L,L,E,L,V,V
251,Adali Ferra ,L,E,L,E,L,L,L,L,L,V
252,Adali Ferra ,L,E,L,E,L,L,L,L,E,V
253,Adali Ferra ,L,E,L,V,L,L,L,L,L,V
254,Adali Ferra ,L,E,L,V,L,L,L,L,E,V
255,Adali Ferra ,L,L,L,E,L,L,L,L,L,V
256,Adali Ferra ,L,L,L,E,L,L,L,L,E,V
257,Adali Ferra ,L,L,L,V,L,L,L,L,L,V
258,Adali Ferra ,L,L,L,V,L,L,L,L,E,V
259,Adeline,L,L,V,L,L,L,V,L,L,L
260,Adeline,L,V,V,L,V,L,L,L,V,L
261,Adeline,E,E,V,L,L,V,V,L,V,L
262,Adeline,V,V,V,V,L,L,E,L,E,L
263,Adeline,L,L,V,L,L,L,L,L,V,L
264,ADIANELIS 1131,L,V,V,V,L,E,V,L,V,E
265,ADIANELIS 1131,E,E,V,V,L,L,V,L,E,E
266,ADIANELIS 1131,L,L,V,V,E,L,V,L,V,E
267,Adivinale ,L,L,E,L,L,E,V,E,V,V
268,Adivinale ,L,L,E,L,L,E,V,E,E,V
269,Adivinale ,L,L,E,V,L,E,V,E,V,V
270,Adivinale ,L,L,E,V,L,E,V,E,E,V
271,Adivinale ,L,L,V,L,L,L,V,E,V,V
272,Adivinale ,L,L,V,L,L,L,V,E,E,V
273,Adivinale ,L,L,V,L,L,L,V,L,V,V
274,Adivinale ,L,L,V,L,L,L,V,L,E,V
275,Adivinale ,L,L,V,E,L,L,V,E,V,V
276,Adivinale ,L,L,V,E,L,L,V,E,E,V
277,Adivinale ,L,L,V,E,L,L,V,L,V,V
278,Adivinale ,L,L,V,E,L,L,V,L,E,V
279,ADN GUILLE,L,E,V,V,L,L,V,E,L,V
280,ADN GUILLE,L,E,V,E,L,L,V,E,L,V
281,AdoLfo 74,L,L,V,L,V,L,V,L,L,L
282,AdoLfo 74,L,L,L,V,V,L,L,L,L,L
283,Adolfo Enrique Gonzá,L,L,V,L,L,L,V,L,L,L
284,Adolfo Enrique Gonzá,L,E,V,V,L,L,V,V,E,L
285,Adolfo Enrique Gonzá,L,V,V,V,L,L,L,E,E,L
286,Adolfo Enrique Gonzá,L,L,E,E,L,L,V,E,L,L
287,Adolfo Enrique Gonzá,L,L,L,V,L,L,L,L,L,L
288,Adolfo Enrique Gonzá,L,E,V,L,E,L,V,V,E,L
289,Adolfo Enrique Gonzá,L,L,V,V,L,L,V,V,L,L
290,Adolfo Enrique Gonzá,L,E,E,L,V,L,V,E,E,L
291,Adolfo Enrique Gonzá,L,V,V,V,L,E,L,L,L,L
292,Adrian Aldape,L,L,V,L,L,L,L,L,L,L
293,Adrian Aldape,L,L,V,L,L,L,L,L,L,V
294,Adrian Castillón,L,E,V,L,L,L,E,E,L,L
295,Adrian Castillón,L,L,V,E,L,L,L,L,L,L
296,ADRIAN E.C,L,V,V,V,L,L,L,L,L,L
297,ADRIAN E.C,L,L,V,L,L,L,L,L,L,L
298,ADRIAN E.C,L,V,V,V,L,V,V,V,V,L
299,ADRIAN E.C,E,E,V,E,L,E,L,L,E,L
300,ADRIAN E.C,L,L,V,L,L,L,V,L,V,L
301,Adrián Gutiérrez A,L,V,V,L,L,L,E,L,E,L
302,Adrián Gutiérrez A,L,E,V,L,L,V,E,L,V,E
303,Adrián Gutiérrez A,L,L,V,V,L,V,L,L,V,L
304,Adrián Gutiérrez A,L,E,V,E,L,L,L,L,V,L
305,Adrián Gutiérrez A,E,V,V,V,L,V,E,L,E,L
306,Adrián limon,L,E,V,L,E,V,L,L,E,L
307,Adrián limon,L,E,V,E,E,L,V,E,L,L
308,Adrian Reyes,L,V,V,L,L,L,L,L,L,L
309,Adrian Reyes,L,L,V,V,L,L,L,L,L,V
310,Adrián Rodríguez ,L,V,V,L,L,L,V,L,L,L
311,Adrián Rodríguez ,L,V,V,L,L,L,E,L,L,L
312,Adrián Rodríguez ,L,V,V,L,L,E,V,L,L,L
313,Adrián Rodríguez ,L,V,V,L,L,E,E,L,L,L
314,Adrián Rodríguez ,L,L,V,L,L,L,V,L,L,L
315,Adrián Rodríguez ,L,L,V,L,L,L,E,L,L,L
316,Adrián Rodríguez ,L,L,V,L,L,E,V,L,L,L
317,Adrián Rodríguez ,L,L,V,L,L,E,E,L,L,L
318,Adrian_Flores777,L,E,V,E,L,E,V,E,L,E
319,Adrian_Flores777,L,L,V,V,L,L,V,V,L,E
320,Adrian_Flores777,L,L,V,E,L,E,V,E,L,E
321,Adrian_Flores777,E,V,E,L,E,V,L,V,E,E
322,Adrian_Flores777,L,V,V,V,E,E,V,E,L,E
323,Adriano McWalls,L,E,V,L,L,L,L,L,E,V
324,Adriano McWalls,L,V,V,E,E,L,L,L,E,V
325,Adriano McWalls,L,L,V,L,E,E,E,L,L,E
326,Adriano McWalls,E,E,V,E,L,L,L,E,E,V
327,Adriano McWalls,L,V,V,L,E,E,E,L,E,V
328,Adriano McWalls,L,E,V,E,V,L,E,L,V,V
329,Adriano McWalls,L,V,V,V,E,L,L,E,V,V
330,Adriano McWalls,L,V,V,L,L,E,E,L,L,V
331,AEE,L,V,V,L,V,L,V,L,V,L
332,AEE,V,E,V,L,V,L,V,L,E,L
333,AEE,L,L,V,L,L,L,E,L,L,L
334,AEE,L,L,V,V,E,V,L,E,L,L
335,AEE,L,E,V,L,L,E,E,L,E,L
336,AEE,L,V,V,L,L,L,E,L,L,L
337,AEE,L,V,V,L,V,L,V,L,V,V
338,AEE,L,E,L,L,L,L,E,L,L,V
339,AEE,L,E,E,L,V,L,V,L,L,L
340,AEE,L,L,V,L,L,L,L,L,L,L
341,AEE,L,E,V,L,V,L,V,L,L,V
342,AEE,L,V,V,L,L,L,L,L,L,V
343,Afam. Slzr sndvl,L,E,V,V,L,E,V,L,L,E
344,Afam. Slzr sndvl,L,E,V,E,L,V,E,E,L,L
345,Afam. Slzr sndvl,E,L,V,L,E,V,L,L,V,E
346,Afam. Slzr sndvl,L,L,E,V,L,L,L,E,L,V
347,AG .GUILLERMO,V,E,V,L,V,V,E,L,E,L
348,AG .GUILLERMO,L,E,L,L,L,V,V,L,L,E
349,AG .GUILLERMO,L,L,L,L,L,V,V,L,L,V
350,AG .GUILLERMO,E,E,L,V,E,V,V,E,V,L
351,AG .GUILLERMO,V,E,L,V,E,V,V,E,V,E
352,AG .GUILLERMO,L,L,V,E,L,V,E,L,L,V
353,AG .GUILLERMO,E,V,E,V,E,V,L,E,V,L
354,AG .GUILLERMO,E,L,L,V,L,L,V,E,L,E
355,AG .GUILLERMO,L,V,V,V,E,V,E,L,L,V
356,AG .GUILLERMO,E,V,L,L,L,E,L,L,L,L
357,Agricultore's🚜🚜🚜 ,E,V,V,V,V,L,V,L,L,L
358,Agricultore's🚜🚜🚜 ,E,V,V,V,V,L,V,E,L,L
359,Agricultore's🚜🚜🚜 ,E,V,V,V,E,L,V,L,L,L
360,Agricultore's🚜🚜🚜 ,E,V,V,V,E,L,V,E,L,L
361,Agricultore's🚜🚜🚜 ,E,E,V,V,V,L,V,L,L,L
362,Agricultore's🚜🚜🚜 ,E,E,V,V,V,L,V,E,L,L
363,Agricultore's🚜🚜🚜 ,E,E,V,V,E,L,V,L,L,L
364,Agricultore's🚜🚜🚜 ,E,E,V,V,E,L,V,E,L,L
365,Agricultore's🚜🚜🚜 ,L,V,V,V,V,L,V,L,L,L
366,Agricultore's🚜🚜🚜 ,L,V,V,V,V,L,V,E,L,L
367,Agricultore's🚜🚜🚜 ,L,V,V,V,E,L,V,L,L,L
368,Agricultore's🚜🚜🚜 ,L,V,V,V,E,L,V,E,L,L
369,Agricultore's🚜🚜🚜 ,L,E,V,V,V,L,V,L,L,L
370,Agricultore's🚜🚜🚜 ,L,E,V,V,V,L,V,E,L,L
371,Agricultore's🚜🚜🚜 ,L,E,V,V,E,L,V,L,L,L
372,Agricultore's🚜🚜🚜 ,L,E,V,V,E,L,V,E,L,L
373,Agua zarca,L,V,E,L,L,E,V,E,V,L
374,Agua zarca ,L,E,E,L,L,L,E,L,V,L
375,Agua zarca ,L,E,E,L,L,V,E,L,V,L
376,Agua zarca ,L,E,E,L,E,L,E,L,V,L
377,Agua zarca ,L,E,E,L,E,V,E,L,V,L
378,Agua zarca ,L,V,E,L,L,L,E,L,V,L
379,Agua zarca ,L,V,E,L,L,V,E,L,V,L
380,Agua zarca ,L,V,E,L,E,L,E,L,V,L
381,Agua zarca ,L,V,E,L,E,V,E,L,V,L
382,Agua zarca ,L,V,V,L,E,L,V,L,V,L
383,Agua zarca ,L,V,E,L,E,L,V,L,V,L
384,Agua zarca ,L,V,E,L,L,E,L,V,V,L
385,Agua zarca ,L,L,E,L,L,E,L,V,V,L
386,Aguilar Juan,L,V,L,V,L,E,L,V,E,L
387,Aguilar Juan,E,L,V,E,V,E,E,V,L,E
388,Aguilar Juan,L,V,V,L,L,E,V,L,V,E
389,Aguilar Juan,L,L,V,E,V,E,E,V,V,L
390,AGUILAR ROMAN,L,V,V,L,L,V,V,L,L,L
391,AGUILAR ROMAN,V,L,V,L,E,L,E,L,E,L
392,AGUILART,L,V,V,L,L,L,L,E,E,L
393,AGUILART,L,E,V,V,L,E,E,L,V,L
394,AGUILART,L,E,V,L,L,L,L,L,L,L
395,AGUILART,L,V,V,E,L,L,L,E,L,L
396,AGUITAS RIFA,L,V,V,L,L,L,L,L,L,V
397,AGUITAS RIFA,L,L,V,L,L,L,L,L,L,L
398,AGUSTÍN HDZ,L,V,V,L,L,V,V,L,L,L
399,AGUSTÍN HDZ,L,E,V,V,L,E,V,E,E,L
400,Aguyy,L,L,V,L,L,L,L,V,L,L
401,Aguyy,L,L,V,E,L,E,E,E,L,E
402,Aguyy,L,V,V,V,V,V,L,L,L,E
403,Ahora sí 777,L,L,V,L,L,L,E,L,L,L
404,Ahora sí 777,L,E,E,V,E,L,E,E,V,L
405,Ahora sí 777,E,L,L,V,V,L,E,L,V,E
406,Ahora sí 777,E,V,V,V,L,V,V,L,E,L
407,Ahora sí 777,L,E,V,L,V,E,E,L,L,E
408,Ahora sí 777,L,L,E,V,L,V,V,L,E,L
409,Ahora sí 777,E,L,E,L,L,L,L,E,E,V
410,Ahora sí 777,L,L,V,L,E,E,E,L,L,L
411,Ahora sí 777,L,V,E,L,L,L,E,L,L,L
412,Ahora sí 777,V,V,V,V,E,L,L,L,L,L
413,Ahora sí 777,E,E,E,E,E,E,E,E,E,E
414,Ahora sí 777,L,L,L,E,E,L,L,L,L,E
415,Ahora sí 777,L,E,E,E,L,L,L,E,E,L
416,Ahora sí 777,L,L,V,L,V,L,E,L,V,L
417,ahumbertofab ,L,L,V,L,L,L,L,L,L,L
418,ahumbertofab ,L,L,V,L,L,L,L,L,E,L
419,ahumbertofab ,L,L,V,L,L,L,L,E,L,L
420,ahumbertofab ,L,L,V,L,L,L,L,E,E,L
421,ahumbertofab ,L,L,V,L,L,L,E,L,L,L
422,ahumbertofab ,L,L,V,L,L,L,E,L,E,L
423,ahumbertofab ,L,L,V,L,L,L,E,E,L,L
424,ahumbertofab ,L,L,V,L,L,L,E,E,E,L
425,ahumbertofab ,L,L,V,E,L,L,L,L,L,L
426,ahumbertofab ,L,L,V,E,L,L,L,L,E,L
427,ahumbertofab ,L,L,V,E,L,L,L,E,L,L
428,ahumbertofab ,L,L,V,E,L,L,L,E,E,L
429,ahumbertofab ,L,L,V,E,L,L,E,L,L,L
430,ahumbertofab ,L,L,V,E,L,L,E,L,E,L
431,ahumbertofab ,L,L,V,E,L,L,E,E,L,L
432,ahumbertofab ,L,L,V,E,L,L,E,E,E,L
433,ahumbertofab ,L,V,V,L,L,L,L,L,L,L
434,ahumbertofab ,L,V,V,L,L,L,L,L,E,L
435,ahumbertofab ,L,V,V,L,L,L,L,E,L,L
436,ahumbertofab ,L,V,V,L,L,L,L,E,E,L
437,ahumbertofab ,L,V,V,L,L,L,E,L,L,L
438,ahumbertofab ,L,V,V,L,L,L,E,L,E,L
439,ahumbertofab ,L,V,V,L,L,L,E,E,L,L
440,ahumbertofab ,L,V,V,L,L,L,E,E,E,L
441,ahumbertofab ,L,V,V,E,L,L,L,L,L,L
442,ahumbertofab ,L,V,V,E,L,L,L,L,E,L
443,ahumbertofab ,L,V,V,E,L,L,L,E,L,L
444,ahumbertofab ,L,V,V,E,L,L,L,E,E,L
445,ahumbertofab ,L,V,V,E,L,L,E,L,L,L
446,ahumbertofab ,L,V,V,E,L,L,E,L,E,L
447,ahumbertofab ,L,V,V,E,L,L,E,E,L,L
448,ahumbertofab ,L,V,V,E,L,L,E,E,E,L
449,AI Daniel Mora 3,L,E,E,L,L,E,V,E,V,E
450,AI Daniel Mora 49,L,E,V,L,L,L,E,L,L,L
451,AI Daniel Mora 7,L,E,V,L,E,L,L,L,E,L
452,AI Daniel Mora 777,L,V,V,L,V,L,E,L,V,L
453,AILANY 1,L,E,V,L,E,L,V,E,V,E
454,AILANY 2,V,L,E,V,L,E,L,V,E,V
455,AILANY 3,E,V,L,E,V,V,E,L,L,L
456,AILANY 4,L,V,V,V,L,L,V,L,V,L
457,AILANY 5,V,L,L,L,V,V,L,V,L,V
458,Aimeé SP,L,E,V,V,L,L,V,L,E,L
459,Aimeé SP,L,V,V,L,E,L,V,L,L,V
460,Aimeé SP,L,E,V,V,L,L,L,L,L,L
461,Aimeé SP,E,V,E,L,L,L,E,L,E,L
462,AIVA ALONSO 🚕🐶,L,V,V,L,V,V,L,L,V,L
463,AIVA ÁLVARO 🇧🇷❤️,L,V,V,L,V,L,V,E,E,V
464,AIVA CLAUSS 🩷,V,V,L,V,L,L,V,L,V,L
465,AIVA EF,L,V,V,L,L,E,V,L,E,E
466,AIVA FARAÓN 🇩🇪,L,E,V,L,L,L,L,L,V,E
467,AJM,L,V,L,E,L,E,V,V,L,L
468,AJM,V,L,L,L,L,L,V,V,L,V
469,AJM,E,V,L,V,E,V,E,V,L,L
470,Al pason,L,L,L,V,V,V,L,V,L,V
471,Alacrán M 30,L,V,V,E,E,L,V,L,V,V
472,Alacrán M 30 ,L,V,V,L,L,E,L,L,E,L
473,Alacrán M 30 ,L,V,V,L,L,E,V,L,E,L
474,Alacrán M 30 ,L,V,V,L,E,E,L,L,E,L
475,Alacrán M 30 ,L,V,V,L,E,E,V,L,E,L
476,Alan acosta ,L,V,L,V,L,L,L,V,E,L
477,Alan acosta ,V,V,L,V,L,L,L,V,E,L
478,Alan acosta ,E,E,E,V,L,E,L,L,E,L
479,Alan acosta ,E,V,E,V,L,E,L,L,E,L
480,Alan acosta ,V,L,L,L,L,E,V,E,V,E
481,Alan acosta ,V,L,L,L,L,E,V,E,L,E
482,Alan acosta ,V,L,L,L,L,E,L,E,V,E
483,Alan acosta ,V,L,L,L,L,E,L,E,L,E
484,Alan acosta ,V,L,L,V,L,E,V,E,V,E
485,Alan acosta ,V,L,L,V,L,E,V,E,L,E
486,Alan acosta ,V,L,L,V,L,E,L,E,V,E
487,Alan acosta ,V,L,L,V,L,E,L,E,L,E
488,Alan acosta ,V,L,L,E,L,V,L,E,L,L
489,Alan acosta ,V,L,L,E,L,V,L,V,L,L
490,Alan acosta ,V,L,L,E,V,V,L,E,L,L
491,Alan acosta ,V,L,L,E,V,V,L,V,L,L
492,Alangarcia,L,V,E,E,L,L,V,V,V,E
493,Alangarcia,L,L,E,V,L,E,V,E,L,E
494,Alangarcia,E,E,E,V,E,E,V,V,L,L
495,Alberto cr7,L,V,V,E,V,E,V,E,L,L
496,Alberto cr7 ,E,L,V,V,L,V,L,E,V,V
497,Alberto cr7 ,E,L,V,V,E,V,L,E,V,V
498,Alberto huitron,E,L,V,L,V,E,L,L,E,V
499,Alberto huitron,L,E,V,V,E,L,E,V,L,E
500,Alberto huitron,L,L,E,L,E,V,E,L,V,E
501,Alberto liam,L,V,V,L,L,V,V,L,L,L
502,Alberto liam,L,E,L,E,E,L,V,E,L,L
503,Alberto liam ,L,E,V,V,V,E,V,L,V,L
504,Alberto liam ,L,E,V,V,V,E,V,L,E,L
505,Alberto liam ,L,E,V,V,V,L,V,L,V,L
506,Alberto liam ,L,E,V,V,V,L,V,L,E,L
507,Alberto liam ,L,E,V,V,L,E,V,L,V,L
508,Alberto liam ,L,E,V,V,L,E,V,L,E,L
509,Alberto liam ,L,E,V,V,L,L,V,L,V,L
510,Alberto liam ,L,E,V,V,L,L,V,L,E,L
511,Alberto liam ,L,V,V,V,V,E,V,L,V,L
512,Alberto liam ,L,V,V,V,V,E,V,L,E,L
513,Alberto liam ,L,V,V,V,V,L,V,L,V,L
514,Alberto liam ,L,V,V,V,V,L,V,L,E,L
515,Alberto liam ,L,V,V,V,L,E,V,L,V,L
516,Alberto liam ,L,V,V,V,L,E,V,L,E,L
517,Alberto liam ,L,V,V,V,L,L,V,L,V,L
518,Alberto liam ,L,V,V,V,L,L,V,L,E,L
519,Alberto liam ,L,L,E,E,L,L,V,L,L,L
520,Alberto liam ,L,L,E,E,V,L,V,L,L,L
521,Alberto Mendoza,L,V,E,E,L,L,E,L,L,E
522,Alberto Mendoza,L,E,E,E,L,L,E,L,E,E
523,Alberto Mendoza,L,V,E,E,L,E,E,L,E,E
524,Alberto Mendoza,E,V,L,L,L,E,E,L,E,E
525,Alberto Mendoza,L,V,V,V,L,L,E,L,E,E
526,ALBERTO NANDE,L,V,V,L,L,L,L,L,V,V
527,ALBERTO NANDE,E,E,V,L,L,E,L,E,V,V
528,ALBERTO NANDE,L,L,V,L,L,L,V,L,L,L
529,ALBERTO NANDE,V,V,L,V,V,L,E,E,E,E
530,ALBERTO NANDE,L,E,E,E,E,L,V,E,E,V
531,Alberto Pizano,L,L,V,E,L,L,V,E,V,L
532,Alberto Pizano,L,V,V,L,L,E,V,L,E,L
533,Albino Díaz,L,V,E,L,L,L,V,L,L,V
534,Albino Díaz,L,E,V,E,L,V,V,L,L,V
535,Albino Díaz,L,L,V,L,L,L,E,L,L,V
536,Alcaraz Charly 🍀⚽ 1,L,L,V,L,L,L,L,L,L,V
537,Alcaraz Charly 🍀⚽ 10,L,L,V,L,L,L,L,V,L,V
538,Alcaraz Charly 🍀⚽ 11,L,E,V,L,L,L,L,L,L,V
539,Alcaraz Charly 🍀⚽ 12,L,L,V,E,L,L,L,L,L,V
540,Alcaraz Charly 🍀⚽ 2,L,V,V,L,L,E,L,L,L,V
541,Alcaraz Charly 🍀⚽ 3,L,E,V,L,L,L,L,L,L,V
542,Alcaraz Charly 🍀⚽ 4,E,L,L,L,L,L,L,L,L,V
543,Alcaraz Charly 🍀⚽ 5,L,V,V,L,L,V,E,E,L,V
544,Alcaraz Charly 🍀⚽ 6,L,L,V,L,L,L,L,E,V,V
545,Alcaraz Charly 🍀⚽ 7,L,E,V,L,L,V,V,L,V,V
546,Alcaraz Charly 🍀⚽ 8,L,L,V,E,L,V,V,L,V,V
547,Alcaraz Charly 🍀⚽ 9,L,L,L,V,L,L,L,V,L,V
548,Alcasir ,E,V,V,L,V,E,V,L,V,L
549,Alcasir ,E,V,V,L,V,E,V,E,V,L
550,Alcasir ,L,V,V,L,V,E,V,L,V,L
551,Alcasir ,L,V,V,L,V,E,V,E,V,L
552,Aldair,L,V,V,L,L,L,E,L,L,L
553,Aldair,L,E,V,L,L,L,L,L,L,L
554,Aldair,L,L,V,L,L,L,E,L,V,L
555,Aldair,L,V,V,E,L,L,E,E,V,L
556,Aldair,L,V,V,L,L,L,V,L,V,L
557,Aldara y Papa,L,E,V,L,L,L,E,V,V,L
558,Aldara y Papa,V,E,V,V,L,L,V,V,L,L
559,Aldara y Papa,L,V,V,E,E,L,E,L,L,L
560,Aldara y Papa,L,E,V,L,L,V,L,L,L,V
561,Aldara y Papa,E,V,V,L,L,L,V,V,E,V
562,Aldo VTZ,L,V,V,V,L,L,V,L,V,L
563,Aldo VTZ,L,V,V,V,L,L,L,L,V,L
564,Aldo VTZ,L,L,V,E,L,L,E,L,V,L
565,Aldo VTZ,L,V,V,V,L,L,V,L,L,L
566,Aldo VTZ,L,V,V,V,L,L,V,L,V,L
567,Aldo VTZ,L,V,V,E,L,L,V,L,V,L
568,Ale Serrano,L,V,V,L,L,E,E,L,L,V
569,ALEGRE,V,L,L,V,L,L,L,V,V,E
570,ALEGRE,L,V,V,L,V,V,V,L,L,V
571,ALEGRE,L,L,L,L,L,L,L,L,L,L
572,ALEGRE,E,E,E,E,E,E,E,E,E,E
573,ALEGRE,V,L,V,L,V,L,V,L,V,L
574,ALEGRE,L,V,L,V,L,V,L,V,L,V
575,ALEGRE,L,V,V,L,V,V,V,E,V,L
576,ALEGRE,L,V,V,L,E,L,E,L,L,E
577,ALEGRE,L,V,V,L,V,V,V,L,E,V
578,ALEGRE,L,L,L,L,L,L,L,L,L,L
579,ALEGRE,L,E,E,V,E,V,L,V,V,V
580,ALEGRE,L,V,V,L,E,L,E,L,L,L
581,ALEGRE,E,L,L,V,L,V,V,V,L,E
582,ALEGRE,V,L,V,E,V,E,L,V,V,E
583,ALEGRE,V,E,L,V,E,L,L,E,L,E
584,ALEGRE,L,V,V,L,V,E,V,L,E,E
585,ALEGRE,L,E,V,E,L,E,V,E,L,E
586,ALEGRE,L,L,V,L,E,E,L,L,L,E
587,ALEGRE,L,V,V,L,V,V,E,E,E,E
588,ALEGRE,L,E,V,E,L,E,V,E,L,E
589,ALEJANDRINO IBARRA ,L,L,L,L,L,L,E,L,L,E
590,ALEJANDRINO IBARRA ,L,L,L,L,L,L,V,L,L,E
591,ALEJANDRINO IBARRA ,L,L,L,L,E,L,E,L,L,E
592,ALEJANDRINO IBARRA ,L,L,L,L,E,L,V,L,L,E
593,ALEJANDRINO IBARRA ,L,L,V,L,L,L,E,L,L,E
594,ALEJANDRINO IBARRA ,L,L,V,L,L,L,V,L,L,E
595,ALEJANDRINO IBARRA ,L,L,V,L,E,L,E,L,L,E
596,ALEJANDRINO IBARRA ,L,L,V,L,E,L,V,L,L,E
597,ALEJANDRINO IBARRA ,L,V,L,L,L,L,E,L,L,E
598,ALEJANDRINO IBARRA ,L,V,L,L,L,L,V,L,L,E
599,ALEJANDRINO IBARRA ,L,V,L,L,E,L,E,L,L,E
600,ALEJANDRINO IBARRA ,L,V,L,L,E,L,V,L,L,E
601,ALEJANDRINO IBARRA ,L,V,V,L,L,L,E,L,L,E
602,ALEJANDRINO IBARRA ,L,V,V,L,L,L,V,L,L,E
603,ALEJANDRINO IBARRA ,L,V,V,L,E,L,E,L,L,E
604,ALEJANDRINO IBARRA ,L,V,V,L,E,L,V,L,L,E
605,ALEJANDRINO IBARRA ,E,L,L,L,L,L,E,L,L,E
606,ALEJANDRINO IBARRA ,E,L,L,L,L,L,V,L,L,E
607,ALEJANDRINO IBARRA ,E,L,L,L,E,L,E,L,L,E
608,ALEJANDRINO IBARRA ,E,L,L,L,E,L,V,L,L,E
609,ALEJANDRINO IBARRA ,E,L,V,L,L,L,E,L,L,E
610,ALEJANDRINO IBARRA ,E,L,V,L,L,L,V,L,L,E
611,ALEJANDRINO IBARRA ,E,L,V,L,E,L,E,L,L,E
612,ALEJANDRINO IBARRA ,E,L,V,L,E,L,V,L,L,E
613,ALEJANDRINO IBARRA ,E,V,L,L,L,L,E,L,L,E
614,ALEJANDRINO IBARRA ,E,V,L,L,L,L,V,L,L,E
615,ALEJANDRINO IBARRA ,E,V,L,L,E,L,E,L,L,E
616,ALEJANDRINO IBARRA ,E,V,L,L,E,L,V,L,L,E
617,ALEJANDRINO IBARRA ,E,V,V,L,L,L,E,L,L,E
618,ALEJANDRINO IBARRA ,E,V,V,L,L,L,V,L,L,E
619,ALEJANDRINO IBARRA ,E,V,V,L,E,L,E,L,L,E
620,ALEJANDRINO IBARRA ,E,V,V,L,E,L,V,L,L,E
621,Alejandro galvan,L,V,V,L,L,V,L,L,V,L
622,Alejandro galvan,L,L,V,L,L,L,L,L,L,L
623,Alejandro galvan,L,V,E,V,L,L,E,V,L,E
624,Alejandro galvan,L,E,V,L,L,L,V,E,L,V
625,Alejandro galvan,E,V,E,E,L,E,V,V,L,L
626,Alejandro Loperena,L,L,E,L,L,L,L,L,E,L
627,Alejandro Loperena,L,E,V,L,E,L,V,L,L,L
628,Alejandro Loperena,L,V,V,L,L,L,E,E,E,V
629,ALEJANDRO ORTEGA,L,E,V,V,L,L,E,L,L,E
630,Alejandro Padilla Sa,L,E,V,V,L,L,V,L,V,L
631,Alejandro Padilla Sa,L,L,V,V,L,L,V,L,V,E
632,Alejandro Salinas GB,V,V,V,E,V,V,E,L,L,L
633,Alejandro Salinas GB,E,V,V,V,E,E,V,V,E,L
634,Alejandro Salinas GB,L,L,V,L,L,V,V,E,V,V
635,Alejandro Salinas GB,V,E,V,V,L,L,L,E,V,V
636,Alejandro Salinas GB,E,L,V,L,L,V,E,L,L,E
637,Alejandro Salinas GB,L,E,V,E,V,E,E,V,E,L
638,Alejandro Salinas GB,V,L,V,L,E,E,V,V,E,V
639,Alejandro Salinas GB,E,V,V,E,V,L,L,E,V,V
640,Alejandro Salinas GB,L,V,V,V,E,V,V,L,L,L
641,Alejandro Salinas GB,L,L,E,L,E,V,L,L,V,L
642,Alejandro Salinas GB,L,V,E,L,V,L,L,V,L,V
643,Alejandro Salinas GB,V,V,L,L,E,L,L,E,V,V
644,Alejandro Salinas GB ,L,V,V,L,L,L,L,L,L,E
645,Alejandro Salinas GB ,L,V,V,L,L,L,L,L,V,E
646,Alejandro Salinas GB ,L,V,V,L,L,L,L,E,L,E
647,Alejandro Salinas GB ,L,V,V,L,L,L,L,E,V,E
648,Alejandro Salinas GB ,L,V,V,L,L,V,L,L,L,E
649,Alejandro Salinas GB ,L,V,V,L,L,V,L,L,V,E
650,Alejandro Salinas GB ,L,V,V,L,L,V,L,E,L,E
651,Alejandro Salinas GB ,L,V,V,L,L,V,L,E,V,E
652,Alejandro valdez ⚽,L,V,V,V,L,L,E,L,E,L
653,Alejandro valdez ⚽,L,V,V,L,L,L,E,E,E,L
654,Alejandro2009,L,V,L,E,L,L,L,V,L,L
655,Alejandro2009,V,V,E,V,L,V,V,L,L,L
656,Alejandro2009,L,E,E,L,E,L,E,E,L,V
657,Alejandro2009,L,V,L,L,E,V,V,E,V,L
658,Alejandro2009,E,V,L,V,E,L,L,V,L,L
659,Alejandros90,L,V,V,L,L,L,V,L,V,L
660,Alejandros90 ,L,V,V,E,E,L,V,E,V,L
661,Alejandros90 ,L,V,V,E,E,L,V,V,V,L
662,Alejandros90 ,L,V,E,E,E,L,V,E,V,L
663,Alejandros90 ,L,V,E,E,E,L,V,V,V,L
664,Alex Analine Amor,L,V,E,E,E,V,E,V,L,E
665,Alex Analine Amor,E,E,L,L,E,L,L,E,V,L
666,Alex Analine Amor,L,E,V,V,L,V,E,L,L,L
667,Alex Analine Amor,L,V,E,V,L,L,L,L,V,L
668,Alex Analine Amor,L,V,V,V,L,E,L,E,V,L
669,Alex garcia 1,L,E,V,L,L,L,E,L,V,L
670,Alex garcia 2,L,L,V,E,L,E,V,E,L,V
671,Alex garcia 3,L,V,V,E,L,L,E,V,L,L
672,Alex medina,L,V,V,L,L,L,V,L,L,V
673,Alex medina,E,L,V,E,L,L,V,L,E,V
674,Alex Ríos,L,L,V,V,L,L,V,L,V,L
675,Alex Ríos,L,V,E,L,V,E,L,L,E,V
676,Alex Saldaña,L,V,V,L,L,L,V,V,L,V
677,Alex Saldaña,V,E,E,V,V,V,E,L,L,E
678,Alexandra Rc,L,V,V,E,E,L,L,L,V,V
679,Alexandra Rc,L,L,E,V,L,L,V,V,L,V
680,Alexis cisneros more,L,L,V,L,L,V,L,L,V,V
681,Alexis cisneros more,L,E,L,L,L,E,V,V,E,V
682,Alexis cisneros more,V,E,L,L,V,V,E,E,V,L
683,Alexis cisneros more,E,V,V,L,L,E,V,E,L,E
684,Alexis cisneros more,V,V,V,E,V,L,E,L,V,L
685,Alexis G,L,E,V,L,L,E,V,L,E,L
686,Alexis G,L,V,V,L,L,V,L,L,V,L
687,Alexis Leónidas 🦁 ,L,V,V,E,L,E,L,V,L,E
688,Alexis Leónidas 🦁 ,L,V,V,E,L,L,L,V,L,E
689,Alexis Leónidas 🦁 ,L,V,V,L,L,E,L,V,L,E
690,Alexis Leónidas 🦁 ,L,V,V,L,L,L,L,V,L,E
691,Alexis Leónidas 🦁 ,L,L,V,E,L,V,V,L,V,V
692,Alexis Leónidas 🦁 ,L,L,V,E,L,E,V,L,V,V
693,Alexis Leónidas 🦁 ,L,L,V,V,L,V,V,L,V,V
694,Alexis Leónidas 🦁 ,L,L,V,V,L,E,V,L,V,V
695,ALEXIS MARIN,L,V,V,L,L,L,V,L,V,L
696,ALEXIS MARIN,L,V,V,V,L,L,E,L,L,L
697,ALEXIS MARIN,L,E,E,V,E,E,E,E,E,L
698,Alexis Pimentel,L,E,V,L,E,L,L,L,L,E
699,Alexis Pimentel,L,V,V,V,L,L,V,L,L,L
700,Alexis Pimentel,L,E,V,L,E,L,L,L,V,E
701,Alexis Pimentel,L,L,V,E,L,L,L,L,L,V
702,Alexis Pimentel,E,V,V,L,L,V,V,L,V,V
703,Alexis Ruiz 1,L,V,V,E,L,L,L,L,L,V
704,Alexis Ruiz 2,L,E,V,L,L,L,E,L,L,V
705,Alexis y jesus,L,V,V,L,L,L,L,L,L,L
706,Alexis y jesus,L,L,V,V,L,L,V,L,V,L
707,Alexis y jesus,L,V,L,L,V,L,L,V,V,L
708,Alexis y jesus,L,E,V,L,L,L,E,L,E,L
709,Alexis y jesus,L,L,L,L,V,L,V,V,L,L
710,Alexis y jesus,L,E,V,L,L,L,E,E,L,L
711,Alexis y jesus,L,L,V,L,V,L,L,V,V,L
712,Alexis y jesus,L,L,V,V,L,L,L,L,V,L
713,Alexis y jesus,L,L,V,E,L,L,E,L,V,L
714,Alexis y jesus,L,V,V,L,L,L,L,V,L,L
715,ALEXKING'S66,L,V,V,L,L,L,E,L,E,L
716,ALEXKING'S66,L,V,V,L,V,L,V,L,L,E
717,ALEXKING'S66,L,V,V,L,L,E,V,V,V,E
718,Alexpinis25,L,L,V,E,L,L,L,E,E,L
719,Alexpinis25,L,E,V,L,L,L,L,E,L,L
720,Alexpinis25,L,V,V,L,L,L,L,L,E,L
721,Alexpinis25,L,E,V,L,L,L,E,L,L,E
722,Alexpinis25,L,L,V,L,L,L,L,E,E,L
723,Alexsanchez,L,E,V,L,E,E,L,L,E,L
724,AlexTavares🖤💀,L,V,V,L,L,V,V,L,E,L
725,AlexTavares🖤💀A ,L,L,V,L,L,L,L,L,L,L
726,AlexTavares🖤💀A ,L,L,V,L,L,L,L,E,L,L
727,AlexTavares🖤💀A ,L,L,V,L,E,L,L,L,L,L
728,AlexTavares🖤💀A ,L,L,V,L,E,L,L,E,L,L
729,AlexTavares🖤💀A ,L,L,V,E,L,L,L,L,L,L
730,AlexTavares🖤💀A ,L,L,V,E,L,L,L,E,L,L
731,AlexTavares🖤💀A ,L,L,V,E,E,L,L,L,L,L
732,AlexTavares🖤💀A ,L,L,V,E,E,L,L,E,L,L
733,AlexTavares🖤💀A ,L,E,V,L,L,L,L,L,L,L
734,AlexTavares🖤💀A ,L,E,V,L,L,L,L,E,L,L
735,AlexTavares🖤💀A ,L,E,V,L,E,L,L,L,L,L
736,AlexTavares🖤💀A ,L,E,V,L,E,L,L,E,L,L
737,AlexTavares🖤💀A ,L,E,V,E,L,L,L,L,L,L
738,AlexTavares🖤💀A ,L,E,V,E,L,L,L,E,L,L
739,AlexTavares🖤💀A ,L,E,V,E,E,L,L,L,L,L
740,AlexTavares🖤💀A ,L,E,V,E,E,L,L,E,L,L
741,AlexTavares🖤💀ELY,L,V,V,L,L,V,E,L,V,L
742,AlexTavares🖤💀Gaby,L,L,V,L,L,L,V,L,L,E
743,AlexTavares🖤💀Grey,L,V,V,L,V,V,V,L,V,E
744,AlexTavares🖤💀MRV,L,L,V,L,V,L,L,L,L,L
745,AlexTavares🖤💀SAM,E,L,E,E,E,L,E,L,E,E
746,Alfonsorafael10,L,L,V,E,L,L,L,L,L,L
747,Alfonsorafael10,L,L,V,L,L,L,L,L,L,L
748,Alfonsorafael10,L,L,V,V,L,L,L,L,L,L
749,Alfredo delgadillo,V,V,V,E,E,L,V,E,V,L
750,Alfredo delgadillo,L,E,L,E,L,V,E,V,L,L
751,Alfredo delgadillo,V,E,L,L,E,V,L,V,L,L
752,Alfredo delgadillo,E,V,E,V,L,V,L,E,L,L
753,Alfredo delgadillo,L,E,V,V,E,L,L,E,V,L
754,Alfredo delgadillo,E,E,L,L,V,V,E,E,L,L
755,Alfredo delgadillo,L,E,V,E,L,L,E,E,L,V
756,Alfredo delgadillo,L,E,V,E,E,E,V,V,L,L
757,Alfredo delgadillo,L,L,E,E,L,E,L,E,V,L
758,Alfredo delgadillo,L,L,V,L,L,E,V,E,E,L
759,Alfredo García,L,V,L,L,L,L,V,L,L,L
760,Alfredo García,V,L,V,E,E,V,E,L,L,E
761,Alfredo García,E,L,E,V,L,V,L,E,L,L
762,Alfredo García,L,E,V,L,E,E,V,L,L,L
763,Alfredo García,L,V,V,L,L,L,L,L,L,L
764,Alfredo meza,L,E,V,V,L,V,L,L,E,L
765,Alfredo meza 2,E,V,V,L,L,L,E,L,V,E
766,Alfredo Molina,L,E,E,V,E,V,L,L,V,E
767,Alfredo Molina,L,E,E,E,V,E,E,V,V,V
768,Alfredo Molina,E,L,L,V,L,E,E,V,V,V
769,Alfredo Molina,L,L,V,L,L,V,E,L,L,L
770,Alfredo Molina,V,V,E,E,L,E,L,V,E,L
771,Alfredo Molina,E,E,V,L,V,E,L,E,V,E
772,Alfredo Molina,E,L,L,V,V,V,L,L,L,V
773,Alfredo Molina,V,E,L,L,V,E,L,V,E,V
774,Alfredo Molina,L,E,V,V,V,L,L,V,E,E
775,Alfredo Molina,E,L,L,E,L,E,E,L,E,V
776,Alfredo Molina,V,V,L,L,E,V,V,V,V,L
777,Alfredo Molina,L,V,V,L,E,L,L,V,L,L
778,Alfredo Molina,L,V,E,L,V,E,L,V,E,E
779,Alfredo Molina,V,E,E,E,L,L,L,E,V,V
780,Alfredo Molina,L,V,L,E,L,V,E,E,L,E
781,Alfredo reyes Quinta,E,V,E,V,V,L,V,V,L,L
782,Alfredo reyes Quinta,E,L,L,V,E,V,L,L,E,E
783,Alfredo reyes Quinta,L,E,V,V,V,L,E,V,L,V
784,Alfredo reyes Quinta,V,V,L,L,V,E,L,V,L,E
785,Alfredo reyes Quinta,E,L,V,E,V,V,V,V,L,E
786,Alfredo reyes Quinta,V,L,E,V,L,V,V,L,V,E
787,Alfredo reyes Quinta,E,L,E,V,V,L,V,E,L,L
788,Alfredo reyes Quinta,V,V,E,V,E,V,V,V,E,E
789,Alfredo reyes Quinta,V,E,L,V,V,E,E,L,E,V
790,Alfredo reyes Quinta,L,L,L,L,E,V,E,L,E,L
791,Alfredo reyes Quinta,V,V,E,V,V,L,L,E,E,L
792,Alfredo reyes Quinta,L,E,V,L,V,V,E,V,V,L
793,Alfredo reyes Quinta,L,L,V,L,L,E,E,L,V,V
794,Alfredo reyes Quinta,V,V,E,V,L,L,L,E,V,V
795,Alfredo reyes Quinta,V,L,V,V,L,V,E,E,L,L
796,Alfredo reyes Quinta,E,V,L,V,L,V,V,L,V,V
797,Alfredo reyes Quinta,L,L,V,E,V,L,E,V,L,V
798,Alfredo reyes Quinta,V,V,L,E,V,V,L,V,V,L
799,Alfredo reyes Quinta,V,L,L,E,E,V,L,L,V,L
800,Alfredo reyes Quinta,L,E,E,V,L,E,V,L,E,V
801,Alfredo reyes Quinta,V,L,L,V,V,V,V,V,V,V
802,Alfredo reyes Quinta,L,L,V,V,E,V,L,L,V,L
803,Alfredo reyes Quinta,V,E,V,V,V,V,L,V,L,L
804,Alfredo reyes Quinta,V,V,V,L,V,V,E,E,V,L
805,Alfredo reyes Quinta,E,L,L,E,L,L,L,L,L,L
806,Alfredo reyes Quinta,L,V,L,V,L,V,V,E,E,V
807,Alfredo reyes Quinta,L,V,L,E,L,E,L,V,V,V
808,Alfredo reyes Quinta,E,L,V,V,L,V,L,L,V,L
809,Alfredo reyes Quinta,E,V,V,V,L,L,V,L,E,L
810,Alfredo reyes Quinta,L,V,E,V,L,E,V,V,L,V
811,Alfredo reyes Quinta,E,V,E,V,V,E,L,L,V,V
812,Alfredo reyes Quinta,V,V,V,V,V,E,L,E,V,E
813,Alfredo reyes Quinta,L,E,E,V,E,V,L,L,L,L
814,Alfredo reyes Quinta ,E,V,E,V,L,E,V,L,L,L
815,Alfredo reyes Quinta ,E,V,E,E,L,E,V,L,L,L
816,Alfredo reyes Quinta ,E,V,V,V,L,E,V,L,L,L
817,Alfredo reyes Quinta ,E,V,V,E,L,E,V,L,L,L
818,Alfredo reyes Quinta ,E,L,E,V,L,E,V,L,L,L
819,Alfredo reyes Quinta ,E,L,E,E,L,E,V,L,L,L
820,Alfredo reyes Quinta ,E,L,V,V,L,E,V,L,L,L
821,Alfredo reyes Quinta ,E,L,V,E,L,E,V,L,L,L
822,Alfredo reyes Quinta ,E,E,E,V,L,E,V,L,L,L
823,Alfredo reyes Quinta ,E,E,E,E,L,E,V,L,L,L
824,Alfredo reyes Quinta ,E,E,V,V,L,E,V,L,L,L
825,Alfredo reyes Quinta ,E,E,V,E,L,E,V,L,L,L
826,Alfredo reyes Quinta ,L,V,E,V,L,E,V,L,L,L
827,Alfredo reyes Quinta ,L,V,E,E,L,E,V,L,L,L
828,Alfredo reyes Quinta ,L,V,V,V,L,E,V,L,L,L
829,Alfredo reyes Quinta ,L,V,V,E,L,E,V,L,L,L
830,Alfredo reyes Quinta ,L,L,E,V,L,E,V,L,L,L
831,Alfredo reyes Quinta ,L,L,E,E,L,E,V,L,L,L
832,Alfredo reyes Quinta ,L,L,V,V,L,E,V,L,L,L
833,Alfredo reyes Quinta ,L,L,V,E,L,E,V,L,L,L
834,Alfredo reyes Quinta ,L,E,E,V,L,E,V,L,L,L
835,Alfredo reyes Quinta ,L,E,E,E,L,E,V,L,L,L
836,Alfredo reyes Quinta ,L,E,V,V,L,E,V,L,L,L
837,Alfredo reyes Quinta ,L,E,V,E,L,E,V,L,L,L
838,Alfredo reyes Quinta ,V,V,E,V,L,E,V,L,L,L
839,Alfredo reyes Quinta ,V,V,E,E,L,E,V,L,L,L
840,Alfredo reyes Quinta ,V,V,V,V,L,E,V,L,L,L
841,Alfredo reyes Quinta ,V,V,V,E,L,E,V,L,L,L
842,Alfredo reyes Quinta ,V,L,E,V,L,E,V,L,L,L
843,Alfredo reyes Quinta ,V,L,E,E,L,E,V,L,L,L
844,Alfredo reyes Quinta ,V,L,V,V,L,E,V,L,L,L
845,Alfredo reyes Quinta ,V,L,V,E,L,E,V,L,L,L
846,Alfredo reyes Quinta ,V,E,E,V,L,E,V,L,L,L
847,Alfredo reyes Quinta ,V,E,E,E,L,E,V,L,L,L
848,Alfredo reyes Quinta ,V,E,V,V,L,E,V,L,L,L
849,Alfredo reyes Quinta ,V,E,V,E,L,E,V,L,L,L
850,Alfredo reyes Quinta ,V,L,V,L,L,V,L,L,L,L
851,Alfredo reyes Quinta ,V,L,V,E,L,V,L,L,L,L
852,Alfredo reyes Quinta ,V,E,V,L,L,V,L,L,L,L
853,Alfredo reyes Quinta ,V,E,V,E,L,V,L,L,L,L
854,Alfredo reyes Quinta ,V,V,V,L,L,V,L,L,L,L
855,Alfredo reyes Quinta ,V,V,V,E,L,V,L,L,L,L
856,Alfredo reyes Quinta ,E,L,V,L,L,V,L,L,L,L
857,Alfredo reyes Quinta ,E,L,V,E,L,V,L,L,L,L
858,Alfredo reyes Quinta ,E,E,V,L,L,V,L,L,L,L
859,Alfredo reyes Quinta ,E,E,V,E,L,V,L,L,L,L
860,Alfredo reyes Quinta ,E,V,V,L,L,V,L,L,L,L
861,Alfredo reyes Quinta ,E,V,V,E,L,V,L,L,L,L
862,Alfredo reyes Quinta ,L,L,V,L,L,V,L,L,L,L
863,Alfredo reyes Quinta ,L,L,V,E,L,V,L,L,L,L
864,Alfredo reyes Quinta ,L,E,V,L,L,V,L,L,L,L
865,Alfredo reyes Quinta ,L,E,V,E,L,V,L,L,L,L
866,Alfredo reyes Quinta ,L,V,V,L,L,V,L,L,L,L
867,Alfredo reyes Quinta ,L,V,V,E,L,V,L,L,L,L
868,Alfredo reyes Quinta ,V,L,E,V,V,V,E,V,L,L
869,Alfredo reyes Quinta ,V,E,E,V,V,V,E,V,L,L
870,Alfredo reyes Quinta ,V,V,E,V,V,V,E,V,L,L
871,Alfredo reyes Quinta ,E,L,E,V,V,V,E,V,L,L
872,Alfredo reyes Quinta ,E,E,E,V,V,V,E,V,L,L
873,Alfredo reyes Quinta ,E,V,E,V,V,V,E,V,L,L
874,Alfredo reyes Quinta ,L,L,E,V,V,V,E,V,L,L
875,Alfredo reyes Quinta ,L,E,E,V,V,V,E,V,L,L
876,Alfredo reyes Quinta ,L,V,E,V,V,V,E,V,L,L
877,Alfredo reyes Quinta ,V,E,V,E,V,V,L,L,L,L
878,Alfredo reyes Quinta ,V,E,L,E,V,V,L,L,L,L
879,Alfredo reyes Quinta ,V,L,V,E,V,V,L,L,L,L
880,Alfredo reyes Quinta ,V,L,L,E,V,V,L,L,L,L
881,Alfredo reyes Quinta ,E,E,V,E,V,V,L,L,L,L
882,Alfredo reyes Quinta ,E,E,L,E,V,V,L,L,L,L
883,Alfredo reyes Quinta ,E,L,V,E,V,V,L,L,L,L
884,Alfredo reyes Quinta ,E,L,L,E,V,V,L,L,L,L
885,Alfredo reyes Quinta ,L,E,V,E,V,V,L,L,L,L
886,Alfredo reyes Quinta ,L,E,L,E,V,V,L,L,L,L
887,Alfredo reyes Quinta ,L,L,V,E,V,V,L,L,L,L
888,Alfredo reyes Quinta ,L,L,L,E,V,V,L,L,L,L
889,Alfredo S J,L,L,V,E,E,V,V,E,E,E
890,Alfredo Sánchez,L,E,V,L,L,E,V,L,E,L
891,Alfredo SánchezJ,L,V,E,L,L,E,L,L,L,V
892,Alfredo.tadeo,L,L,V,L,L,E,V,E,V,V
893,Alfredo.tadeo,L,V,V,L,L,E,E,V,E,E
894,Alfredo.tadeo,E,L,V,E,V,E,V,V,V,V
895,AlfredoSevilla ,L,E,V,L,L,L,L,L,L,L
896,AlfredoSevilla ,L,E,V,L,L,L,L,L,E,L
897,AlfredoSevilla ,L,E,V,L,L,L,L,L,V,L
898,AlfredoSevilla ,L,E,V,L,L,L,E,L,L,L
899,AlfredoSevilla ,L,E,V,L,L,L,E,L,E,L
900,AlfredoSevilla ,L,E,V,L,L,L,E,L,V,L
901,AlfredoSevilla ,L,E,V,E,L,L,L,L,L,L
902,AlfredoSevilla ,L,E,V,E,L,L,L,L,E,L
903,AlfredoSevilla ,L,E,V,E,L,L,L,L,V,L
904,AlfredoSevilla ,L,E,V,E,L,L,E,L,L,L
905,AlfredoSevilla ,L,E,V,E,L,L,E,L,E,L
906,AlfredoSevilla ,L,E,V,E,L,L,E,L,V,L
907,AlfredoSevilla ,L,E,V,V,L,L,L,L,L,L
908,AlfredoSevilla ,L,E,V,V,L,L,L,L,E,L
909,AlfredoSevilla ,L,E,V,V,L,L,L,L,V,L
910,AlfredoSevilla ,L,E,V,V,L,L,E,L,L,L
911,AlfredoSevilla ,L,E,V,V,L,L,E,L,E,L
912,AlfredoSevilla ,L,E,V,V,L,L,E,L,V,L
913,AlfredoSevilla ,L,V,V,L,L,L,L,L,L,L
914,AlfredoSevilla ,L,V,V,L,L,L,L,L,E,L
915,AlfredoSevilla ,L,V,V,L,L,L,L,L,V,L
916,AlfredoSevilla ,L,V,V,L,L,L,E,L,L,L
917,AlfredoSevilla ,L,V,V,L,L,L,E,L,E,L
918,AlfredoSevilla ,L,V,V,L,L,L,E,L,V,L
919,AlfredoSevilla ,L,V,V,E,L,L,L,L,L,L
920,AlfredoSevilla ,L,V,V,E,L,L,L,L,E,L
921,AlfredoSevilla ,L,V,V,E,L,L,L,L,V,L
922,AlfredoSevilla ,L,V,V,E,L,L,E,L,L,L
923,AlfredoSevilla ,L,V,V,E,L,L,E,L,E,L
924,AlfredoSevilla ,L,V,V,E,L,L,E,L,V,L
925,AlfredoSevilla ,L,V,V,V,L,L,L,L,L,L
926,AlfredoSevilla ,L,V,V,V,L,L,L,L,E,L
927,AlfredoSevilla ,L,V,V,V,L,L,L,L,V,L
928,AlfredoSevilla ,L,V,V,V,L,L,E,L,L,L
929,AlfredoSevilla ,L,V,V,V,L,L,E,L,E,L
930,AlfredoSevilla ,L,V,V,V,L,L,E,L,V,L
931,Alibaba,L,L,V,V,L,L,V,L,L,L
932,Alibaba,V,V,V,L,L,L,V,L,V,L
933,Alibaba,E,E,V,E,L,L,V,V,E,V
934,Aliza rdz,L,V,L,V,L,L,V,E,V,L
935,Aliza rdz,V,L,V,V,L,E,E,L,L,L
936,Allan Morales,L,V,V,V,L,E,V,L,E,L
937,Allan Morales,L,E,V,E,L,E,E,L,E,E
938,Allison 28,L,E,V,V,L,L,L,L,L,L
939,Allison 28,L,V,V,E,E,L,V,E,V,E
940,Allison 28,E,L,L,L,V,V,E,V,V,V
941,Alma E,L,V,L,L,V,E,L,L,L,V
942,ALMA SANTA,L,L,V,V,L,E,L,V,V,L
943,ALMA SANTA,L,V,V,V,L,L,L,L,L,L
944,ALMA SANTA,L,L,V,L,L,L,V,L,V,L
945,ALMA SANTA,L,V,V,L,L,E,V,V,L,L
946,ALMA SANTA,L,L,V,V,E,E,V,L,L,L
947,ALMA SANTA,L,V,V,V,E,L,V,L,V,L
948,ALMA SANTA,L,L,V,L,E,L,L,V,L,L
949,ALMA SANTA,L,V,V,L,E,E,L,L,V,L
950,ALMA SANTA,L,L,E,V,L,L,V,V,L,L
951,ALMA SANTA,L,V,E,V,L,E,V,L,V,L
952,ALMA SANTA,L,L,E,L,L,E,L,L,L,L
953,ALMA SANTA,L,V,E,L,L,L,L,V,V,L
954,ALMA SANTA,L,L,E,V,E,L,L,L,V,L
955,ALMA SANTA,L,V,E,V,E,E,L,L,L,L
956,ALMA SANTA,L,L,E,L,E,E,V,V,V,L
957,ALMA SANTA,L,V,E,L,E,L,V,L,L,L
958,Almon1327,L,E,V,L,V,L,E,L,L,L
959,Almon1327,E,V,V,E,L,L,V,L,E,V
960,Almon1327,V,L,V,V,E,L,L,L,V,E
961,Almon1327,E,L,V,L,E,L,E,L,V,L
962,Almon1327,L,V,V,E,L,L,L,L,L,L
963,Almon1327,L,L,V,L,L,L,E,L,L,L
964,Almon1327,E,V,V,L,V,L,L,L,L,L
965,Alo,L,E,E,V,L,V,E,L,E,L
966,Alo,L,V,V,L,L,V,V,E,E,L
967,Alo,L,V,L,V,E,V,E,L,L,L
968,Alo,L,E,E,V,E,L,V,E,V,L
969,Alo,L,V,L,E,L,L,E,V,V,L
970,Alo,L,L,V,L,E,E,L,V,V,L
971,ALONDRA GUZMÁN,L,V,V,V,L,L,L,V,V,L
972,ALONDRA GUZMÁN,L,V,V,V,V,L,V,E,L,V
973,ALONSO GARCIA 22 ,L,L,V,L,L,L,L,E,L,L
974,ALONSO GARCIA 22 ,L,L,V,E,L,L,L,E,L,L
975,ALONSO GARCIA 22 ,L,E,V,L,L,L,L,E,L,L
976,ALONSO GARCIA 22 ,L,E,V,E,L,L,L,E,L,L
977,Alonso moreno,L,V,E,V,E,L,E,L,V,L
978,Alonso moreno,L,E,V,E,L,E,E,E,L,L
979,Alonso moreno ,L,V,V,L,E,L,E,E,V,E
980,Alonso moreno ,L,V,V,L,E,L,E,E,L,E
981,Alonso moreno ,L,V,V,L,L,L,E,E,V,E
982,Alonso moreno ,L,V,V,L,L,L,E,E,L,E
983,Alonso moreno ,L,E,V,E,L,L,E,L,E,E
984,Alonso moreno ,L,E,V,E,L,E,E,L,E,E
985,Alonso moreno ,L,V,V,E,L,L,E,L,E,E
986,Alonso moreno ,L,V,V,E,L,E,E,L,E,E
987,Alonso Pacheco,L,L,V,V,L,L,E,L,L,V
988,Alonso Pacheco,E,V,V,L,L,E,L,L,L,V
989,Alonso Pacheco,L,E,V,L,L,V,E,L,V,V
990,Amaral Espinoza,L,L,V,L,L,L,V,L,L,L
991,Amaral Espinoza,L,V,V,L,L,L,V,L,L,L
992,AMATILLO,L,E,V,L,V,L,V,L,E,L
993,Amaury Vega,L,L,V,E,L,V,E,L,L,L
994,Amaury Vega,L,E,V,L,E,E,V,L,L,L
995,Amaury Vega,E,L,V,E,L,V,L,E,L,L
996,Amaury Vega,V,E,V,L,L,L,E,V,E,L
997,Amaury Vega,L,V,V,L,E,L,L,E,L,L
998,AMB,L,E,V,L,L,E,L,V,V,L
999,AMC MARTÍNEZ,L,L,V,E,L,L,V,E,L,L
1000,AMC MARTÍNEZ,L,E,V,E,L,L,E,L,E,V
1001,AMC MARTÍNEZ,L,L,V,V,L,E,L,E,L,E
1002,AMG 23,L,V,V,V,L,L,V,L,V,L
1003,Amira1822 ,L,V,V,E,L,L,L,L,L,L
1004,Amira1822 ,L,V,V,E,L,L,E,L,L,L
1005,Amira1822 ,L,E,V,E,L,L,L,L,L,L
1006,Amira1822 ,L,E,V,E,L,L,E,L,L,L
1007,AMOR SANDRA,L,E,V,L,E,L,V,E,L,L
1008,AMOR SANDRA,L,V,V,L,L,L,V,L,L,L
1009,AMOR SANDRA,L,E,V,E,L,E,L,L,L,L
1010,Amoroso 69 ,L,E,V,E,L,L,V,E,L,L
1011,Amoroso 69 ,L,V,V,E,L,L,V,E,L,L
1012,Ana Sofía ☘️,L,L,L,L,L,L,L,L,L,L
1013,Ana Sofía ☘️,L,E,V,E,L,L,E,L,L,L
1014,Ana Sofía ☘️ ,L,E,V,L,L,L,V,L,L,L
1015,Ana Sofía ☘️ ,L,E,V,L,L,L,L,L,L,L
1016,Ana Sofía ☘️ ,L,E,V,E,L,L,V,L,L,L
1017,Ana Sofía ☘️ ,L,E,V,E,L,L,L,L,L,L
1018,Ana Sofía ☘️ ,L,L,V,L,L,L,V,L,L,L
1019,Ana Sofía ☘️ ,L,L,V,L,L,L,L,L,L,L
1020,Ana Sofía ☘️ ,L,L,V,E,L,L,V,L,L,L
1021,Ana Sofía ☘️ ,L,L,V,E,L,L,L,L,L,L
1022,Ana Sofía ☘️ ,L,V,V,L,L,L,V,L,L,L
1023,Ana Sofía ☘️ ,L,V,V,L,L,L,L,L,L,L
1024,Ana Sofía ☘️ ,L,V,V,E,L,L,V,L,L,L
1025,Ana Sofía ☘️ ,L,V,V,E,L,L,L,L,L,L
1026,Ana Sofía ☘️ ,L,L,V,L,V,L,L,L,L,L
1027,Ana Sofía ☘️ ,L,L,V,L,L,L,L,L,L,L
1028,Ana Sofía ☘️ ,L,L,V,V,V,L,L,L,L,L
1029,Ana Sofía ☘️ ,L,L,V,V,L,L,L,L,L,L
1030,Ana Sofía ☘️ ,L,V,V,L,V,L,L,L,L,L
1031,Ana Sofía ☘️ ,L,V,V,L,L,L,L,L,L,L
1032,Ana Sofía ☘️ ,L,V,V,V,V,L,L,L,L,L
1033,Ana Sofía ☘️ ,L,V,V,V,L,L,L,L,L,L
1034,AnabelArias,L,V,V,L,L,V,V,L,V,L
1035,AnabelArias,V,L,E,V,V,L,V,V,L,L
1036,Ander Mendoza,L,L,V,L,L,E,E,L,L,L
1037,Ander Mendoza,E,L,L,E,L,E,L,V,L,L
1038,Andrés guerrero 🌹,L,E,V,E,L,L,V,E,L,E
1039,Andrés guerrero 🌹,L,L,V,E,L,L,L,L,L,L
1040,Andrés guerrero 🌹,V,L,V,L,L,L,E,E,E,L
1041,Andrés guerrero 🌹,E,E,L,L,L,E,L,V,L,E
1042,Andrés guerrero 🌹,L,V,E,V,L,L,E,E,L,V
1043,Andrés Herrera,L,E,V,V,E,V,V,E,L,L
1044,Andrés Ramos p ,L,V,V,V,V,L,V,L,V,L
1045,Andrés Ramos p ,L,V,V,V,V,L,V,V,V,L
1046,Andrés Ramos p ,L,V,V,V,V,V,V,L,V,L
1047,Andrés Ramos p ,L,V,V,V,V,V,V,V,V,L
1048,Andrés Ramos p ,L,L,V,V,V,L,V,L,V,L
1049,Andrés Ramos p ,L,L,V,V,V,L,V,V,V,L
1050,Andrés Ramos p ,L,L,V,V,V,V,V,L,V,L
1051,Andrés Ramos p ,L,L,V,V,V,V,V,V,V,L
1052,Andrés Ramos p ,V,V,V,V,V,L,V,L,V,L
1053,Andrés Ramos p ,V,V,V,V,V,L,V,V,V,L
1054,Andrés Ramos p ,V,V,V,V,V,V,V,L,V,L
1055,Andrés Ramos p ,V,V,V,V,V,V,V,V,V,L
1056,Andrés Ramos p ,V,L,V,V,V,L,V,L,V,L
1057,Andrés Ramos p ,V,L,V,V,V,L,V,V,V,L
1058,Andrés Ramos p ,V,L,V,V,V,V,V,L,V,L
1059,Andrés Ramos p ,V,L,V,V,V,V,V,V,V,L
1060,Andrés Ruiz G ,E,E,L,L,L,L,E,L,E,L
1061,Andrés Ruiz G ,E,E,L,L,L,L,E,L,V,L
1062,Andrés Ruiz G ,E,E,L,L,L,V,E,L,E,L
1063,Andrés Ruiz G ,E,E,L,L,L,V,E,L,V,L
1064,Andrés Ruiz G ,E,V,L,L,L,L,E,L,E,L
1065,Andrés Ruiz G ,E,V,L,L,L,L,E,L,V,L
1066,Andrés Ruiz G ,E,V,L,L,L,V,E,L,E,L
1067,Andrés Ruiz G ,E,V,L,L,L,V,E,L,V,L
1068,Andrés Ruiz G ,L,E,V,V,E,L,L,E,V,E
1069,Andrés Ruiz G ,L,E,V,V,E,L,E,E,V,E
1070,Andrés Ruiz G ,L,E,V,V,L,L,L,E,V,E
1071,Andrés Ruiz G ,L,E,V,V,L,L,E,E,V,E
1072,Andrés Ruiz G ,E,E,V,V,E,L,L,E,V,E
1073,Andrés Ruiz G ,E,E,V,V,E,L,E,E,V,E
1074,Andrés Ruiz G ,E,E,V,V,L,L,L,E,V,E
1075,Andrés Ruiz G ,E,E,V,V,L,L,E,E,V,E
1076,Andrés Ruiz G ,L,L,E,E,V,E,V,V,L,L
1077,Andrés Ruiz G ,L,L,E,E,V,E,V,L,L,L
1078,Andrés Ruiz G ,L,L,E,L,V,E,V,V,L,L
1079,Andrés Ruiz G ,L,L,E,L,V,E,V,L,L,L
1080,Andrés Ruiz G ,L,L,V,E,V,E,V,V,L,L
1081,Andrés Ruiz G ,L,L,V,E,V,E,V,L,L,L
1082,Andrés Ruiz G ,L,L,V,L,V,E,V,V,L,L
1083,Andrés Ruiz G ,L,L,V,L,V,E,V,L,L,L
1084,Andrés Ruiz G ,V,V,L,V,L,V,L,V,E,V
1085,Andrés Ruiz G ,V,V,L,V,L,V,L,V,L,V
1086,Andrés Ruiz G ,V,V,L,V,L,E,L,V,E,V
1087,Andrés Ruiz G ,V,V,L,V,L,E,L,V,L,V
1088,Andrés Ruiz G ,V,L,L,V,L,V,L,V,E,V
1089,Andrés Ruiz G ,V,L,L,V,L,V,L,V,L,V
1090,Andrés Ruiz G ,V,L,L,V,L,E,L,V,E,V
1091,Andrés Ruiz G ,V,L,L,V,L,E,L,V,L,V
1092,Andrés Ruiz G ,L,E,V,L,L,L,L,L,V,E
1093,Andrés Ruiz G ,L,E,V,L,L,L,L,E,V,E
1094,Andrés Ruiz G ,L,E,V,L,E,L,L,L,V,E
1095,Andrés Ruiz G ,L,E,V,L,E,L,L,E,V,E
1096,Andrés Ruiz G ,V,E,V,L,L,L,L,L,V,E
1097,Andrés Ruiz G ,V,E,V,L,L,L,L,E,V,E
1098,Andrés Ruiz G ,V,E,V,L,E,L,L,L,V,E
1099,Andrés Ruiz G ,V,E,V,L,E,L,L,E,V,E
1100,Andrés Ruiz G ,L,V,L,E,L,V,V,L,E,V
1101,Andrés Ruiz G ,L,V,L,E,L,V,E,L,E,V
1102,Andrés Ruiz G ,L,V,L,V,L,V,V,L,E,V
1103,Andrés Ruiz G ,L,V,L,V,L,V,E,L,E,V
1104,Andrés Ruiz G ,L,V,E,E,L,V,V,L,E,V
1105,Andrés Ruiz G ,L,V,E,E,L,V,E,L,E,V
1106,Andrés Ruiz G ,L,V,E,V,L,V,V,L,E,V
1107,Andrés Ruiz G ,L,V,E,V,L,V,E,L,E,V
1108,Andrés Ruiz G ,E,L,E,E,V,E,V,V,L,V
1109,Andrés Ruiz G ,E,L,E,E,L,E,V,V,L,V
1110,Andru Ponce,L,V,V,L,V,L,L,L,L,L
1111,Andru Ponce,L,E,V,L,L,L,L,L,L,E
1112,Andru Ponce,E,L,V,V,E,V,E,V,V,V
1113,Andy Carrillo,E,V,V,L,V,L,L,V,V,L
1114,Andy Carrillo,L,V,E,L,L,E,L,L,V,V
1115,Andy Carrillo ,L,V,V,V,L,L,L,L,V,L
1116,Andy Carrillo ,L,V,V,V,L,L,L,L,E,L
1117,Andy Carrillo ,L,V,V,E,L,L,L,L,V,L
1118,Andy Carrillo ,L,V,V,E,L,L,L,L,E,L
1119,Andy Carrillo ,L,E,V,V,L,L,L,L,V,L
1120,Andy Carrillo ,L,E,V,V,L,L,L,L,E,L
1121,Andy Carrillo ,L,E,V,E,L,L,L,L,V,L
1122,Andy Carrillo ,L,E,V,E,L,L,L,L,E,L
1123,Andy126,L,V,V,L,L,L,V,L,L,L
1124,Andy126,L,E,V,V,L,E,E,L,E,L
1125,Andy126,L,V,V,L,E,L,L,E,E,V
1126,Andy126,L,L,E,L,L,E,E,L,V,V
1127,Andy126,L,L,V,E,V,V,V,L,E,L
1128,Angel Acosta,L,V,V,L,L,L,E,E,E,V
1129,Angel Acosta,L,L,V,V,E,L,E,V,V,E
1130,Angel Acosta,L,E,V,E,L,L,L,E,L,V
1131,Angel chaidez,L,L,E,V,L,L,E,L,V,L
1132,Angel chaidez,L,V,V,V,L,L,V,L,V,L
1133,Angel chaidez,E,E,V,L,L,L,E,E,E,L
1134,Angel chaidez,L,L,E,L,E,E,L,L,V,L
1135,Angel chaidez,L,V,V,E,V,E,E,V,V,L
1136,ANGEL ECHEVERRÍA 1,L,E,V,E,L,L,L,L,L,L
1137,ANGEL ECHEVERRÍA 2,L,V,V,V,L,L,V,L,L,L
1138,Angel Medina,L,E,V,E,L,L,V,E,L,V
1139,Angel Medina,L,V,V,V,E,L,E,E,L,L
1140,Angel pitus,L,V,V,L,L,L,V,V,V,V
1141,Angel pitus,E,V,V,E,E,L,E,V,E,E
1142,Angel pitus,L,L,E,L,L,E,V,E,L,E
1143,Ángela vitela,L,E,V,V,L,E,V,V,E,L
1144,Angi viktoria,L,L,V,L,E,E,V,L,E,L
1145,Angi viktoria,E,V,V,V,E,L,E,E,V,V
1146,Angi viktoria,V,L,V,L,E,E,L,L,E,L
1147,Angi viktoria,E,E,E,L,V,V,V,L,E,E
1148,Angi viktoria,L,L,L,E,L,V,L,V,L,V
1149,ANIER69,L,L,E,E,L,L,L,L,E,E
1150,ANIER69,E,E,V,V,L,L,E,L,L,V
1151,ANIER69,L,L,V,E,L,L,E,L,E,L
1152,ANIER69,L,V,V,E,E,L,V,E,V,V
1153,ANIER69,L,L,E,E,L,L,L,L,L,V
1154,ANIER69,L,E,V,E,L,L,E,L,E,V
1155,Anthony jr 1025,L,V,V,L,L,L,E,L,L,L
1156,Anthony jr 1025,L,V,V,L,L,L,V,L,L,L
1157,Anthony jr 1025,L,L,V,L,L,L,V,L,L,L
1158,Anthony jr 1025,L,E,V,V,L,L,E,L,L,L
1159,Anthony jr 1025,L,L,V,E,L,L,L,L,L,L
1160,Antonia 14,L,E,V,E,L,L,E,L,V,L
1161,Antonia 14,L,E,V,V,L,L,E,L,V,L
1162,Antonio Chávez Gutié,L,V,V,V,L,L,L,L,V,L
1163,Antonio Chávez Gutié,L,E,V,E,L,L,L,L,E,V
1164,Antonio Chávez Gutié,L,V,V,V,L,L,L,L,V,L
1165,Antonio Chávez Gutié,L,L,V,L,V,L,V,L,L,L
1166,Antonio coba,L,L,V,L,L,L,L,L,V,E
1167,Antonio coba,L,E,V,L,E,L,L,L,L,L
1168,Antonio coba,L,E,V,E,L,E,V,L,L,L
1169,Antonio coba,L,V,E,V,V,E,E,E,E,E
1170,Antonio coba,E,L,V,E,E,L,V,L,E,E
1171,ANTONIO IBARRA⚽ ,L,L,E,L,E,L,E,V,L,E
1172,ANTONIO IBARRA⚽ ,L,L,E,E,E,L,E,V,L,E
1173,ANTONIO IBARRA⚽ ,L,V,E,L,E,L,E,V,L,E
1174,ANTONIO IBARRA⚽ ,L,V,E,E,E,L,E,V,L,E
1175,Antonio jose galindo,L,E,V,L,L,L,L,L,V,L
1176,Antonio jose galindo,E,L,V,V,L,L,E,L,V,L
1177,Antonio jose galindo,E,L,L,E,L,L,L,L,V,L
1178,Antonio jose galindo,L,V,V,L,V,E,E,V,V,V
1179,Antonio jose galindo,V,L,V,L,L,L,L,L,E,V
1180,Antonio jose galindo,L,L,V,E,V,L,V,E,L,L
1181,Antonio jose galindo,L,E,V,V,E,L,V,E,V,L
1182,Antonio jose galindo,V,V,L,V,V,V,L,L,V,E
1183,Antonio jose galindo,L,L,L,E,L,L,L,L,V,V
1184,Antonio jose galindo,L,V,V,L,L,E,E,L,E,L
1185,Antonio jose galindo,L,V,V,L,E,L,E,E,V,L
1186,Antonio jose galindo,L,V,E,L,L,L,L,L,V,L
1187,Antonio jose galindo,L,E,V,E,L,L,L,L,V,L
1188,Antonio jose galindo,E,L,V,L,E,E,V,E,L,V
1189,Antonio jose galindo,E,V,V,L,L,L,L,L,V,L
1190,Antonio jose galindo,L,L,V,E,L,L,L,L,L,E
1191,Antonio jose galindo,V,V,L,E,L,L,V,L,E,V
1192,Antonio jose galindo,L,L,V,V,E,L,E,L,L,L
1193,Antonio jose galindo,V,E,V,L,L,L,L,L,E,L
1194,Antonio jose galindo,L,L,E,L,L,L,L,L,L,V
1195,Antonio jose galindo,V,E,L,V,L,L,L,L,L,L
1196,Antonio jose galindo,L,V,V,E,L,L,E,L,V,L
1197,Antonio jose galindo,L,V,V,L,E,L,V,E,V,L
1198,Antonio jose galindo,V,V,L,V,E,L,L,V,V,L
1199,Antonio jose galindo,L,V,L,V,L,L,V,L,V,L
1200,Antonio jose galindo,L,L,L,E,L,V,L,L,E,L
1201,Antonio jose galindo,L,L,V,L,L,L,L,L,V,L
1202,Antonio jose galindo,E,E,V,L,L,L,L,L,L,V
1203,Antonio jose galindo,E,E,V,L,L,L,L,L,E,L
1204,Antonio jose galindo,L,E,L,V,L,E,V,L,V,L
1205,Antonio jose galindo,E,V,V,L,L,L,L,L,L,L
1206,Antonio jose galindo,E,V,V,V,L,L,L,L,V,L
1207,Antonio jose galindo,L,L,V,V,L,L,E,E,V,L
1208,Antonio jose galindo,L,E,V,V,L,L,L,E,E,L
1209,Antonio jose galindo,L,E,V,L,L,E,V,L,V,L
1210,Antonio jose galindo,L,V,V,V,L,L,E,E,L,L
1211,Antonio jose galindo,E,V,E,L,L,L,E,E,L,V
1212,Antonio jose galindo,E,L,E,L,V,L,V,L,V,E
1213,Antonio jose galindo,E,E,V,L,L,L,V,E,L,L
1214,Antonio jose galindo,E,V,V,E,L,L,L,L,L,E
1215,Antonio jose galindo,L,L,V,L,V,L,V,L,V,L
1216,Antonio jose galindo,E,V,V,L,V,E,L,V,L,V
1217,Antonio jose galindo,L,L,L,E,L,L,L,E,V,V
1218,Antonio jose galindo,L,V,V,L,L,V,V,E,V,L
1219,Antonio jose galindo,L,E,V,V,L,E,L,L,E,L
1220,Antonio jose galindo,L,E,E,L,L,L,L,L,L,L
1221,Antonio jose galindo,L,E,E,V,L,L,E,L,L,L
1222,Antonio jose galindo,E,V,L,V,E,E,E,V,V,E
1223,Antonio jose galindo,L,V,L,V,L,E,V,L,L,E
1224,Antonio jose galindo,L,L,V,L,L,E,E,L,V,L
1225,Antonio jose galindo,E,V,V,V,L,L,L,E,L,E
1226,Antonio jose galindo,L,L,V,E,L,L,L,L,E,L
1227,Antonio jose galindo,L,L,V,V,E,E,L,L,E,L
1228,Antonio jose galindo,L,V,V,L,L,L,E,L,V,L
1229,Antonio jose galindo,L,L,V,L,L,L,L,L,V,V
1230,Antonio perez ,L,L,V,L,L,L,L,L,V,L
1231,Antonio perez ,L,L,V,L,L,L,L,L,L,L
1232,Antonio perez ,L,L,E,L,L,L,L,L,V,L
1233,Antonio perez ,L,L,E,L,L,L,L,L,L,L
1234,Antonio perez ,L,E,V,L,L,L,L,L,V,L
1235,Antonio perez ,L,E,V,L,L,L,L,L,L,L
1236,Antonio perez ,L,E,E,L,L,L,L,L,V,L
1237,Antonio perez ,L,E,E,L,L,L,L,L,L,L
1238,Antonio Ramírez,L,L,V,V,E,L,L,L,E,L
1239,Antonio Ramírez,L,V,V,V,V,L,V,V,L,V
1240,Antonio Ramírez,V,L,E,L,E,E,L,L,E,L
1241,Antonio Ramírez,V,E,E,L,V,L,V,E,V,V
1242,Antonio Ramírez,L,E,V,L,L,E,L,V,L,L
1243,Antonio Ramírez,E,V,E,L,L,E,V,L,V,E
1244,Antonio Ramírez,V,V,L,L,V,L,V,L,L,E
1245,Antonio Ramírez,V,E,L,V,V,E,L,E,L,V
1246,Antonio Ramírez,E,E,L,E,V,E,L,E,V,E
1247,Antonio Ramírez,E,E,L,V,L,L,V,E,E,L
1248,Antonio Sanabria,L,E,V,E,L,L,E,L,E,L
1249,Antonio Sanabria,L,E,V,L,E,L,V,E,L,E
1250,Antonio Sanabria,E,L,E,V,V,E,V,L,E,L
1251,Antonio Sanabria,V,E,L,E,E,L,E,E,E,L
1252,Antonio Sanabria,E,E,V,E,E,L,V,L,L,L
1253,Antonio Sanabria,L,V,V,E,L,E,E,E,E,V
1254,Antonio Sanabria,E,E,E,E,E,L,L,L,E,L
1255,Antonio Sanabria,L,L,L,L,L,L,V,E,V,E
1256,Antonio Valle M.,L,V,V,L,L,L,V,V,V,L
1257,Antonio Valle M.,L,L,V,V,L,L,L,V,L,L
1258,Apicultore,L,L,E,E,L,L,L,E,E,L
1259,Apicultore,L,V,V,V,E,L,L,E,V,L
1260,Apicultore,L,E,V,L,L,E,L,E,V,V
1261,Apicultore,L,V,V,E,V,L,L,E,E,V
1262,Apicultore,L,E,E,V,L,L,L,V,V,L
1263,Apicultore,L,E,V,E,E,V,L,L,V,V
1264,Apicultore,L,E,E,L,V,L,L,E,L,V
1265,Apicultore,V,V,V,L,L,V,E,E,E,L
1266,Apicultore,E,E,V,V,E,L,L,E,V,E
1267,Apicultore,L,L,V,E,L,E,L,L,E,V
1268,Arabe dos,L,V,L,L,L,V,V,E,V,L
1269,Arabe dos,L,E,L,L,L,E,V,V,V,V
1270,Arabe dos,V,L,E,V,V,L,L,L,E,E
1271,Arabe dos,V,E,L,L,E,V,E,V,V,L
1272,Araujo7,L,E,V,L,E,L,V,L,L,L
1273,Araujo7,L,V,V,L,E,L,E,L,L,L
1274,Araujo7,L,E,V,E,V,L,V,L,E,L
1275,Areli tapia,L,V,V,V,L,L,V,L,V,L
1276,ARELLANO CC,L,E,V,L,L,E,L,L,E,V
1277,Arendy lopez,L,L,V,L,L,V,E,V,V,E
1278,Arendy lopez,L,V,V,L,V,L,V,V,V,L
1279,Ari cruz,E,L,V,L,E,E,L,L,L,E
1280,Ari cruz,L,L,V,L,E,E,E,E,E,E
1281,Ari cruz,L,E,V,E,L,L,L,L,L,L
1282,ARKANTOS,L,E,V,V,E,L,L,E,L,L
1283,ARKANTOS,L,L,V,E,L,L,V,L,E,L
1284,Arlan 15,L,V,V,L,L,L,V,V,L,L
1285,Arlan 15,L,E,V,L,L,L,E,V,L,L
1286,Arlan 15,L,L,V,L,L,L,V,E,L,L
1287,Arlan 15,L,V,V,E,E,L,V,V,E,L
1288,Arlan 15,L,V,E,V,V,L,E,L,V,V
1289,Arlan 15,L,L,V,E,V,L,V,L,V,L
1290,Arlan 15,L,L,V,L,E,L,L,L,E,L
1291,ARMANDITO,L,E,E,E,V,E,V,L,E,V
1292,ARMANDITO,L,V,V,E,L,L,V,V,V,V
1293,ARMANDITO,L,L,E,L,L,E,L,L,L,E
1294,ARMANDITO,L,L,V,L,L,L,E,E,E,V
1295,ARMANDITO,L,L,V,E,E,E,E,L,E,V
1296,ARMANDITO,L,E,E,V,V,V,V,V,E,L
1297,ARMANDITO,L,V,V,L,E,V,V,E,V,L
1298,ARMANDITO ,E,E,V,L,L,L,L,L,L,E
1299,ARMANDITO ,E,E,V,L,E,L,L,L,L,E
1300,ARMANDITO ,E,L,V,L,L,L,L,L,L,E
1301,ARMANDITO ,E,L,V,L,E,L,L,L,L,E
1302,ARMANDITO ,L,E,V,L,L,L,L,L,L,E
1303,ARMANDITO ,L,E,V,L,E,L,L,L,L,E
1304,ARMANDITO ,L,L,V,L,L,L,L,L,L,E
1305,ARMANDITO ,L,L,V,L,E,L,L,L,L,E
1306,ARMANDITO ,L,L,V,E,L,L,E,L,L,L
1307,ARMANDITO ,L,L,V,E,L,L,E,V,L,L
1308,ARMANDITO ,L,L,E,E,L,L,E,L,L,L
1309,ARMANDITO ,L,L,E,E,L,L,E,V,L,L
1310,Armando cano,V,L,V,L,E,L,V,L,V,L
1311,Armando cano,L,V,V,L,V,L,V,L,L,L
1312,Armando cano,E,E,V,L,L,L,V,E,V,V
1313,Armando ferrer,L,E,E,L,L,L,L,L,V,L
1314,Armando ferrer,L,V,L,E,V,L,E,L,L,L
1315,Armando ferrer,L,L,V,V,E,L,V,L,E,L
1316,Armando ferrer,L,E,V,E,L,L,L,L,L,L
1317,Armando ferrer,L,L,L,V,L,L,L,L,E,L
1318,Armando Galván,L,L,V,V,L,L,V,L,V,L
1319,Armando Galván,L,E,V,V,L,L,L,L,E,L
1320,Armando Galván,L,V,V,V,L,L,L,L,V,L
1321,Armando Galván,L,L,V,E,L,L,V,L,V,L
1322,Armando Galván,L,L,V,V,L,L,L,L,V,L
1323,Arreaga🍀🍀🍀,L,E,V,L,L,L,E,L,V,L
1324,Arriss18,E,E,V,E,L,E,L,E,L,V
1325,Arriss18,E,E,V,V,L,L,L,L,V,L
1326,Arriss18,E,E,V,E,L,L,V,L,V,V
1327,ARROYO ,L,V,V,L,L,L,V,L,E,L
1328,ARROYO ,L,V,V,L,L,L,V,L,L,L
1329,ARROYO ,L,V,V,L,E,L,V,L,E,L
1330,ARROYO ,L,V,V,L,E,L,V,L,L,L
1331,ARROYO ,L,V,V,E,L,L,V,L,E,L
1332,ARROYO ,L,V,V,E,L,L,V,L,L,L
1333,ARROYO ,L,V,V,E,E,L,V,L,E,L
1334,ARROYO ,L,V,V,E,E,L,V,L,L,L
1335,ARROYO ,L,E,V,L,L,L,V,L,E,L
1336,ARROYO ,L,E,V,L,L,L,V,L,L,L
1337,ARROYO ,L,E,V,L,E,L,V,L,E,L
1338,ARROYO ,L,E,V,L,E,L,V,L,L,L
1339,ARROYO ,L,E,V,E,L,L,V,L,E,L
1340,ARROYO ,L,E,V,E,L,L,V,L,L,L
1341,ARROYO ,L,E,V,E,E,L,V,L,E,L
1342,ARROYO ,L,E,V,E,E,L,V,L,L,L
1343,Arturo espinoza,L,L,V,L,L,L,L,L,L,L
1344,Arturo espinoza,E,E,V,E,L,L,E,E,E,L
1345,Arturo González Garc,L,E,V,L,E,L,V,L,V,L
1346,Arturo González Garc,L,E,V,E,E,L,V,L,V,V
1347,Arturo González Garc,L,V,V,E,L,L,E,L,E,L
1348,Arturo González Garc,L,E,V,V,E,L,L,L,E,E
1349,Arturo González Garc,L,E,E,V,L,L,L,E,V,E
1350,Arturo González Garc,E,E,E,L,L,L,L,L,E,E
1351,Arturo González Garc,L,L,V,V,L,L,L,L,E,L
1352,Arturo socio,L,E,V,E,E,L,V,V,E,L
1353,ASAEL ROMAN 10 ,L,E,V,L,L,L,L,L,E,L
1354,ASAEL ROMAN 10 ,L,E,V,E,L,L,L,L,E,L
1355,ASAEL ROMAN 10 ,L,V,V,L,L,L,L,L,E,L
1356,ASAEL ROMAN 10 ,L,V,V,E,L,L,L,L,E,L
1357,ASAEL ROMAN 11,L,V,V,V,L,L,E,E,E,L
1358,ASB,L,E,V,L,L,L,E,L,E,L
1359,ASB,L,E,V,E,L,L,L,L,L,L
1360,ASB,L,V,V,E,L,L,V,E,V,L
1361,ASB,E,E,V,E,E,L,L,V,L,L
1362,ASB,L,L,V,E,V,L,E,E,E,L
1363,ASB,L,E,V,V,L,E,V,V,V,L
1364,ASB,V,L,E,V,E,E,E,L,L,L
1365,ASB,L,V,V,L,E,L,L,L,E,L
1366,ASB,E,E,E,E,L,L,L,E,V,L
1367,ASB,V,V,V,E,L,L,E,V,L,L
1368,ASB,L,E,V,V,E,L,E,E,V,L
1369,ASB,L,L,E,E,L,L,L,V,L,L
1370,ASB,E,L,L,V,V,V,V,E,E,L
1371,ASB,V,V,V,L,E,L,V,E,L,L
1372,ASB,L,E,V,L,E,V,L,E,E,L
1373,ASB,L,L,L,L,L,E,V,E,E,L
1374,ASB,E,V,V,E,L,L,E,V,E,L
1375,ATANUDOS,L,V,V,V,L,E,V,L,L,L
1376,ATANUDOS,L,E,V,L,V,L,L,L,L,L
1377,ATANUDOS,L,L,V,V,E,V,V,L,E,L
1378,ATANUDOS,V,E,L,L,V,L,L,L,L,L
1379,ATANUDOS,E,E,E,E,L,V,E,L,L,L
1380,ATANUDOS,L,V,V,V,V,L,V,V,V,L
1381,ATANUDOS,L,L,L,E,E,L,V,E,V,L
1382,ATANUDOS,L,V,L,L,L,E,L,L,L,L
1383,Atlas Zorro 🔴🌑🔴🌑,L,E,L,E,L,L,L,L,E,L
1384,Atlas Zorro 🔴🌑🔴🌑,L,L,V,L,E,L,V,E,L,L
1385,Atlas Zorro 🔴🌑🔴🌑,L,V,E,L,L,E,L,V,L,L
1386,Atlas Zorro 🔴🌑🔴🌑,L,L,V,E,L,V,E,L,V,L
1387,Atlas Zorro 🔴🌑🔴🌑,E,V,V,L,L,L,V,L,E,L
1388,Atlas Zorro 🔴🌑🔴🌑,L,E,V,V,L,E,L,L,L,L
1389,Atlas Zorro 🔴🌑🔴🌑,V,L,E,L,E,L,V,L,V,L
1390,Atlas Zorro 🔴🌑🔴🌑,E,E,V,E,L,V,E,L,L,L
1391,Atlas Zorro 🔴🌑🔴🌑,L,L,V,L,L,E,E,L,L,L
1392,Atlas Zorro 🔴🌑🔴🌑,L,V,L,V,L,E,V,L,E,L
1393,Atlas Zorro 🔴🌑🔴🌑,L,E,V,L,L,L,E,L,E,L
1394,Atlas Zorro 🔴🌑🔴🌑,L,V,E,V,L,L,V,E,L,L
1395,Atlas Zorro 🔴🌑🔴🌑,L,V,E,L,L,L,V,L,V,L
1396,Atlas Zorro 🔴🌑🔴🌑,E,L,V,E,L,V,L,E,L,L
1397,Atlas Zorro 🔴🌑🔴🌑,L,L,V,L,L,L,V,L,E,L
1398,Atlas Zorro 🔴🌑🔴🌑,L,E,L,L,E,L,V,L,V,L
1399,Atlas Zorro 🔴🌑🔴🌑,L,V,V,E,L,L,E,L,L,L
1400,Atlas Zorro 🔴🌑🔴🌑,E,E,V,L,L,L,V,E,L,L
1401,Atlas Zorro 🔴🌑🔴🌑,L,L,V,L,E,L,E,L,L,L
1402,Atlas Zorro 🔴🌑🔴🌑,L,E,V,L,L,E,L,L,V,L
1403,Atlas Zorro 🔴🌑🔴🌑,L,V,V,E,L,L,L,E,L,L
1404,Atlas Zorro 🔴🌑🔴🌑,E,L,E,L,L,L,V,L,L,L
1405,Atlas Zorro 🔴🌑🔴🌑,L,V,V,E,L,L,E,L,E,L
1406,Atlas Zorro 🔴🌑🔴🌑,L,L,E,V,E,V,L,L,L,L
1407,Atorres10,L,E,V,V,L,E,V,V,L,L
1408,Atorres10,E,V,V,L,L,E,V,V,L,L
1409,Atorres10,V,L,V,L,L,E,V,V,L,L
1410,Atotonilcosonora ,L,L,V,L,L,L,L,L,V,L
1411,Atotonilcosonora ,L,L,V,L,L,L,L,V,V,L
1412,Atotonilcosonora ,L,L,V,V,L,L,L,L,V,L
1413,Atotonilcosonora ,L,L,V,V,L,L,L,V,V,L
1414,Atotonilcosonora ,L,V,V,L,L,L,L,L,V,L
1415,Atotonilcosonora ,L,V,V,L,L,L,L,V,V,L
1416,Atotonilcosonora ,L,V,V,V,L,L,L,L,V,L
1417,Atotonilcosonora ,L,V,V,V,L,L,L,V,V,L
1418,Augusto Garcia ⚽️,V,E,L,L,L,E,V,E,V,L
1419,Augusto Garcia ⚽️,L,L,E,L,E,L,L,L,E,L
1420,Augusto Garcia ⚽️,L,V,V,L,L,L,V,V,L,L
1421,Augusto Garcia ⚽️,E,E,E,V,L,L,E,L,V,L
1422,Augusto Garcia ⚽️,L,V,L,L,E,L,V,V,V,L
1423,Augusto Garcia ⚽️ ,L,V,V,V,V,L,E,V,V,L
1424,Augusto Garcia ⚽️ ,L,V,V,V,V,L,E,E,V,L
1425,Augusto Garcia ⚽️ ,L,V,V,V,V,L,E,L,V,L
1426,Augusto Garcia ⚽️ ,L,V,V,V,V,E,E,V,V,L
1427,Augusto Garcia ⚽️ ,L,V,V,V,V,E,E,E,V,L
1428,Augusto Garcia ⚽️ ,L,V,V,V,V,E,E,L,V,L
1429,Augusto Garcia ⚽️ ,L,V,V,V,V,V,E,V,V,L
1430,Augusto Garcia ⚽️ ,L,V,V,V,V,V,E,E,V,L
1431,Augusto Garcia ⚽️ ,L,V,V,V,V,V,E,L,V,L
1432,Augusto Garcia ⚽️ ,L,V,E,V,V,L,E,V,V,L
1433,Augusto Garcia ⚽️ ,L,V,E,V,V,L,E,E,V,L
1434,Augusto Garcia ⚽️ ,L,V,E,V,V,L,E,L,V,L
1435,Augusto Garcia ⚽️ ,L,V,E,V,V,E,E,V,V,L
1436,Augusto Garcia ⚽️ ,L,V,E,V,V,E,E,E,V,L
1437,Augusto Garcia ⚽️ ,L,V,E,V,V,E,E,L,V,L
1438,Augusto Garcia ⚽️ ,L,V,E,V,V,V,E,V,V,L
1439,Augusto Garcia ⚽️ ,L,V,E,V,V,V,E,E,V,L
1440,Augusto Garcia ⚽️ ,L,V,E,V,V,V,E,L,V,L
1441,Aurelio 77,L,L,V,L,L,L,L,L,L,L
1442,Aurelio 77,L,L,V,L,L,L,V,L,L,L
1443,Aurelio 77,L,E,V,L,L,L,E,L,L,L
1444,Aurelio 77,L,E,V,E,L,L,E,L,L,L
1445,Aurelio 77,L,V,V,L,L,L,L,L,L,L
1446,Aurelio 77,L,V,V,L,L,L,V,L,L,L
1447,Aveces con suerte 🍀,V,L,E,V,V,L,V,E,L,E
1448,Aveces con suerte 🍀,L,L,L,L,E,E,L,L,V,E
1449,Aveces con suerte 🍀,L,L,E,E,L,E,L,E,L,E
1450,Aveces con suerte 🍀,L,E,E,E,V,L,L,E,V,L
1451,Aveces con suerte 🍀,V,E,L,L,L,V,L,E,E,E
1452,Avilaguilar,L,E,V,V,L,L,E,E,V,E
1453,Avilaguilar,L,L,V,V,L,E,V,L,E,L
1454,Avilaguilar,L,E,V,V,L,V,E,L,L,E
1455,Avilaguilar,L,E,V,E,L,L,V,L,E,L
1456,Avilaguilar,L,L,V,E,E,L,E,L,V,E
1457,Avilaguilar,L,V,E,L,L,V,E,E,L,L
1458,Avilaguilar,L,V,V,L,L,E,V,L,E,E
1459,Avilaguilar,L,L,V,V,L,E,L,L,E,E
1460,Axel Esparza,L,L,V,L,L,L,V,L,L,L
1461,Axel Esparza 1,L,V,V,L,L,L,V,L,V,L
1462,Axel Esparza 2,L,E,V,E,L,L,E,L,E,E
1463,Axel Esparza 3,L,V,L,L,L,L,E,L,E,L
1464,Axel Esparza 4,E,E,V,E,L,E,E,L,E,V
1465,AxGu,L,V,V,V,L,L,E,E,L,V
1466,AxGu,L,L,V,E,L,L,L,L,V,E
1467,Axhul1328 ,L,V,V,L,L,L,V,L,V,L
1468,Axhul1328 ,L,V,V,L,L,L,E,L,V,L
1469,Axhul1328 ,L,V,V,E,L,L,V,L,V,L
1470,Axhul1328 ,L,V,V,E,L,L,E,L,V,L
1471,Axhul1328 ,L,E,V,L,L,L,V,L,V,L
1472,Axhul1328 ,L,E,V,L,L,L,E,L,V,L
1473,Axhul1328 ,L,E,V,E,L,L,V,L,V,L
1474,Axhul1328 ,L,E,V,E,L,L,E,L,V,L
1475,Aylin sf6,L,E,V,E,V,V,L,L,V,L
1476,Aylin sf6,E,V,V,L,L,V,E,L,V,L
1477,Aylin sf6,L,V,L,V,V,L,E,V,V,V
1478,Aylin sf6,E,E,L,L,V,V,L,E,V,E
1479,Aylin sf6,E,V,L,V,L,L,E,L,L,E
1480,Aylin sf6,L,E,V,E,E,L,V,L,E,E
1481,Aylin sf6,L,E,V,E,L,E,E,L,V,E
1482,Aylin y Miguelito,L,V,V,L,L,L,V,L,E,L
1483,Aylin y Miguelito,L,V,V,L,E,L,L,E,V,L
1484,Aylin y Miguelito ,L,E,V,L,L,L,E,L,L,L
1485,Aylin y Miguelito ,L,E,V,L,L,L,V,L,L,L
1486,Aylin y Miguelito ,L,E,V,E,L,L,E,L,L,L
1487,Aylin y Miguelito ,L,E,V,E,L,L,V,L,L,L
1488,Aylin y Miguelito ,L,L,V,L,L,L,E,L,L,L
1489,Aylin y Miguelito ,L,L,V,L,L,L,V,L,L,L
1490,Aylin y Miguelito ,L,L,V,E,L,L,E,L,L,L
1491,Aylin y Miguelito ,L,L,V,E,L,L,V,L,L,L
1492,Ayotla,E,V,V,E,E,V,L,V,E,L
1493,Ayotla,L,L,E,V,L,E,V,V,L,L
1494,Ayotla,V,L,E,V,L,L,V,E,E,V
1495,Ayotla ,E,L,V,L,L,E,V,V,L,L
1496,Ayotla ,E,L,V,E,L,E,V,V,L,L
1497,Ayotla ,E,V,V,L,L,E,V,V,L,L
1498,Ayotla ,E,V,V,E,L,E,V,V,L,L
1499,Ayotla ,L,L,V,L,L,E,V,V,L,L
1500,Ayotla ,L,L,V,E,L,E,V,V,L,L
1501,Ayotla ,L,V,V,L,L,E,V,V,L,L
1502,Ayotla ,L,V,V,E,L,E,V,V,L,L
1503,Ayotla ,V,L,V,L,L,E,V,V,L,L
1504,Ayotla ,V,L,V,E,L,E,V,V,L,L
1505,Ayotla ,V,V,V,L,L,E,V,V,L,L
1506,Ayotla ,V,V,V,E,L,E,V,V,L,L
1507,Azeneth Ochoa,L,V,V,E,L,E,V,L,V,E
1508,Azeneth Ochoa,L,L,L,L,L,L,L,L,L,L
1509,Azeneth Ochoa,V,V,V,V,V,V,V,V,V,V
1510,Azeneth Ochoa,L,V,V,L,L,E,V,L,V,L
1511,Aznavour,L,L,V,L,E,L,L,L,L,L
1512,Aznavour,L,L,V,E,V,L,V,L,L,L
1513,Aznavour,L,V,V,L,L,L,E,L,L,L
1514,Aznavour ,L,L,L,L,L,L,L,L,L,L
1515,Aznavour ,L,L,L,L,E,L,L,L,L,L
1516,Aznavour ,L,L,L,L,V,L,L,L,L,L
1517,Aznavour ,L,L,E,L,L,L,L,L,L,L
1518,Aznavour ,L,L,E,L,E,L,L,L,L,L
1519,Aznavour ,L,L,E,L,V,L,L,L,L,L
1520,Aznavour ,L,L,V,L,L,L,L,L,L,L
1521,Aznavour ,L,L,V,L,E,L,L,L,L,L
1522,Aznavour ,L,L,V,L,V,L,L,L,L,L
1523,Aznavour ,L,E,L,L,L,L,L,L,L,L
1524,Aznavour ,L,E,L,L,E,L,L,L,L,L
1525,Aznavour ,L,E,L,L,V,L,L,L,L,L
1526,Aznavour ,L,E,E,L,L,L,L,L,L,L
1527,Aznavour ,L,E,E,L,E,L,L,L,L,L
1528,Aznavour ,L,E,E,L,V,L,L,L,L,L
1529,Aznavour ,L,E,V,L,L,L,L,L,L,L
1530,Aznavour ,L,E,V,L,E,L,L,L,L,L
1531,Aznavour ,L,E,V,L,V,L,L,L,L,L
1532,Aznavour ,L,V,L,L,L,L,L,L,L,L
1533,Aznavour ,L,V,L,L,E,L,L,L,L,L
1534,Aznavour ,L,V,L,L,V,L,L,L,L,L
1535,Aznavour ,L,V,E,L,L,L,L,L,L,L
1536,Aznavour ,L,V,E,L,E,L,L,L,L,L
1537,Aznavour ,L,V,E,L,V,L,L,L,L,L
1538,Aznavour ,L,V,V,L,L,L,L,L,L,L
1539,Aznavour ,L,V,V,L,E,L,L,L,L,L
1540,Aznavour ,L,V,V,L,V,L,L,L,L,L
1541,Aznavour ,L,L,E,L,L,L,E,L,L,L
1542,Aznavour ,L,L,E,L,L,L,V,L,L,L
1543,Aznavour ,L,L,E,E,L,L,E,L,L,L
1544,Aznavour ,L,L,E,E,L,L,V,L,L,L
1545,Aznavour ,L,L,V,L,L,L,E,L,L,L
1546,Aznavour ,L,L,V,L,L,L,V,L,L,L
1547,Aznavour ,L,L,V,E,L,L,E,L,L,L
1548,Aznavour ,L,L,V,E,L,L,V,L,L,L
1549,Aznavour ,L,E,E,L,L,L,E,L,L,L
1550,Aznavour ,L,E,E,L,L,L,V,L,L,L
1551,Aznavour ,L,E,E,E,L,L,E,L,L,L
1552,Aznavour ,L,E,E,E,L,L,V,L,L,L
1553,Aznavour ,L,E,V,L,L,L,E,L,L,L
1554,Aznavour ,L,E,V,L,L,L,V,L,L,L
1555,Aznavour ,L,E,V,E,L,L,E,L,L,L
1556,Aznavour ,L,E,V,E,L,L,V,L,L,L
1557,Azul1990 ,L,L,V,L,L,L,L,L,E,L
1558,Azul1990 ,L,L,V,L,L,L,L,L,L,L
1559,Azul1990 ,L,L,V,L,L,L,V,L,E,L
1560,Azul1990 ,L,L,V,L,L,L,V,L,L,L
1561,Azul1990 ,L,L,V,E,L,L,L,L,E,L
1562,Azul1990 ,L,L,V,E,L,L,L,L,L,L
1563,Azul1990 ,L,L,V,E,L,L,V,L,E,L
1564,Azul1990 ,L,L,V,E,L,L,V,L,L,L
1565,Azul1990 ,L,L,V,V,L,L,L,L,E,L
1566,Azul1990 ,L,L,V,V,L,L,L,L,L,L
1567,Azul1990 ,L,L,V,V,L,L,V,L,E,L
1568,Azul1990 ,L,L,V,V,L,L,V,L,L,L
1569,Azul1990 ,L,E,V,L,L,L,L,L,E,L
1570,Azul1990 ,L,E,V,L,L,L,L,L,L,L
1571,Azul1990 ,L,E,V,L,L,L,V,L,E,L
1572,Azul1990 ,L,E,V,L,L,L,V,L,L,L
1573,Azul1990 ,L,E,V,E,L,L,L,L,E,L
1574,Azul1990 ,L,E,V,E,L,L,L,L,L,L
1575,Azul1990 ,L,E,V,E,L,L,V,L,E,L
1576,Azul1990 ,L,E,V,E,L,L,V,L,L,L
1577,Azul1990 ,L,E,V,V,L,L,L,L,E,L
1578,Azul1990 ,L,E,V,V,L,L,L,L,L,L
1579,Azul1990 ,L,E,V,V,L,L,V,L,E,L
1580,Azul1990 ,L,E,V,V,L,L,V,L,L,L
1581,Azul1990 ,L,V,V,L,L,L,L,L,L,L
1582,Azul1990 ,L,V,V,L,L,L,E,L,L,L
1583,Azul1990 ,L,V,V,L,L,L,V,L,L,L
1584,Azul1990 ,L,V,V,L,L,E,L,L,L,L
1585,Azul1990 ,L,V,V,L,L,E,E,L,L,L
1586,Azul1990 ,L,V,V,L,L,E,V,L,L,L
1587,Azul1990 ,L,V,V,E,L,L,L,L,L,L
1588,Azul1990 ,L,V,V,E,L,L,E,L,L,L
1589,Azul1990 ,L,V,V,E,L,L,V,L,L,L
1590,Azul1990 ,L,V,V,E,L,E,L,L,L,L
1591,Azul1990 ,L,V,V,E,L,E,E,L,L,L
1592,Azul1990 ,L,V,V,E,L,E,V,L,L,L
1593,Azul1990 ,L,E,V,L,L,L,L,L,L,L
1594,Azul1990 ,L,E,V,L,L,L,E,L,L,L
1595,Azul1990 ,L,E,V,L,L,L,V,L,L,L
1596,Azul1990 ,L,E,V,L,L,E,L,L,L,L
1597,Azul1990 ,L,E,V,L,L,E,E,L,L,L
1598,Azul1990 ,L,E,V,L,L,E,V,L,L,L
1599,Azul1990 ,L,E,V,E,L,L,L,L,L,L
1600,Azul1990 ,L,E,V,E,L,L,E,L,L,L
1601,Azul1990 ,L,E,V,E,L,L,V,L,L,L
1602,Azul1990 ,L,E,V,E,L,E,L,L,L,L
1603,Azul1990 ,L,E,V,E,L,E,E,L,L,L
1604,Azul1990 ,L,E,V,E,L,E,V,L,L,L
1605,Azul1990 ,E,L,V,V,L,L,E,L,V,L
1606,Azul1990 ,L,L,V,V,L,L,E,L,V,L
1607,B. GUAPOS MOJICA,L,V,V,L,L,L,E,V,L,E
1608,B. SONIA MOJICA,L,E,E,V,E,L,E,L,L,L
1609,B. TERE MOJICA,E,E,L,E,L,L,L,E,E,L
1610,B.ALHELIT MOJICA,L,V,V,L,L,L,V,E,V,L
1611,B.VALERIA AMOJICA,L,L,V,V,L,E,L,L,E,L
1612,BABO RODRÍGUEZ,L,V,V,V,L,L,V,L,L,V
1613,BABO RODRÍGUEZ,L,V,V,L,L,E,V,L,V,L
1614,BABO RODRÍGUEZ,V,V,V,V,L,L,E,V,E,V
1615,BABO RODRÍGUEZ,E,L,L,L,L,L,V,L,L,E
1616,BABO RODRÍGUEZ,V,L,L,V,V,L,E,V,L,V
1617,BABO RODRÍGUEZ,E,V,V,E,E,E,L,V,E,E
1618,BABO RODRÍGUEZ,V,L,V,L,V,E,E,L,L,E
1619,Bache,L,L,V,L,E,L,L,E,V,E
1620,Bache,L,V,V,E,L,L,E,L,L,L
1621,Bache,L,L,V,E,L,L,L,L,L,E
1622,Bache,L,V,V,L,E,L,E,E,V,L
1623,Bache,L,L,V,L,E,L,L,L,V,E
1624,Bache,L,V,V,E,L,L,E,E,L,L
1625,BALAM18,L,V,V,L,E,L,E,E,L,L
1626,BALAM18,L,V,V,L,L,L,L,V,V,L
1627,Bambamortiz,L,E,V,E,E,E,L,L,E,L
1628,Bambamortiz,L,L,V,L,L,L,L,L,L,L
1629,Bambamortiz,L,V,V,V,V,V,V,V,V,L
1630,barbaazul,L,E,V,L,E,L,V,L,L,L
1631,barbaazul,L,V,V,E,V,E,E,L,E,L
1632,barbaazul,E,L,E,E,E,L,V,E,E,L
1633,Barbosa1951,E,V,V,L,E,L,E,L,L,L
1634,Barbosa1951,V,V,V,E,V,L,E,L,L,L
1635,BARRAS 1970,E,V,L,L,L,E,E,V,V,E
1636,BARRAS 1971,L,V,V,L,L,L,L,E,L,V
1637,Barreto01,L,L,V,L,L,L,V,L,V,E
1638,Barreto02,L,V,V,L,L,V,V,L,V,V
1639,Barríl del chavo 8,L,E,V,L,L,L,V,L,L,L
1640,Barríl del chavo 8,L,E,V,L,L,L,V,L,L,L
1641,Barríl del chavo 8,L,L,L,V,V,L,L,V,V,L
1642,Barríl del chavo 8,L,L,L,V,V,L,L,V,V,L
1643,Barríl del chavo 8,L,V,V,E,E,E,V,E,E,L
1644,Barríl del chavo 8,L,E,V,L,E,L,V,L,E,L
1645,Barríl del chavo 8,L,L,V,E,E,L,L,E,E,L
1646,Barríl del chavo 8,L,V,L,E,V,L,V,V,V,L
1647,Barríl del chavo 8,L,E,E,E,E,L,V,L,E,L
1648,Barríl del chavo 8,L,L,L,L,L,L,L,L,L,L
1649,Barríl del chavo 8,L,L,E,L,E,L,E,L,E,L
1650,Barríl del chavo 8,L,V,V,L,E,E,V,L,E,E
1651,Barríl del chavo 8,L,E,V,L,E,L,V,L,L,L
1652,Barríl del chavo 8,L,V,E,V,E,L,V,L,L,V
1653,Barríl del chavo 8,L,L,V,V,V,L,V,L,L,V
1654,Barríl del chavo 8,L,V,V,L,V,L,V,L,V,L
1655,Barríl del chavo 8,L,L,V,E,E,E,E,E,E,V
1656,Barríl del chavo 8,L,V,V,L,L,E,V,L,L,L
1657,Barríl del chavo 8,L,E,V,L,V,L,V,L,E,V
1658,Barríl del chavo 8,L,V,V,V,V,L,V,L,E,L
1659,Barríl del chavo 8,L,V,V,L,E,E,V,E,E,L
1660,Barríl del chavo 8,L,E,L,E,L,L,V,L,E,L
1661,Barríl del chavo 8,L,E,V,E,V,L,V,L,E,V
1662,Barríl del chavo 8,L,E,E,E,E,L,L,L,L,L
1663,Barríl del chavo 8,L,V,V,L,L,L,V,E,E,V
1664,Barríl del chavo 8,L,L,L,L,L,L,V,L,L,L
1665,Barríl del chavo 8,L,E,V,L,E,L,V,E,E,L
1666,Barríl del chavo 8,L,V,L,E,L,L,L,L,L,L
1667,Barríl del chavo 8,L,V,V,L,L,L,L,L,L,L
1668,Barríl del chavo 8,L,V,V,L,L,L,V,V,V,V
1669,Barríl del chavo 8,L,L,L,L,L,L,L,L,L,L
1670,Barríl del chavo 8,L,E,V,L,E,L,L,E,E,V
1671,Barríl del chavo 8,L,V,V,L,L,L,L,L,L,V
1672,Barríl del chavo 8,L,E,L,L,L,L,L,E,E,L
1673,Barríl del chavo 8,L,V,V,L,L,L,L,L,E,V
1674,Barríl del chavo 8,L,V,V,V,V,L,L,L,L,L
1675,Barríl del chavo 8,L,V,V,L,V,V,V,V,V,V
1676,Barríl del chavo 8,L,L,L,L,L,L,L,E,E,L
1677,Barríl del chavo 8,L,V,V,L,L,L,L,V,V,V
1678,Barríl del chavo 8,V,L,V,L,L,L,L,L,L,L
1679,Barry Atlanta,L,E,E,E,L,L,L,L,V,L
1680,Barry Atlanta,L,E,V,L,L,L,E,L,E,L
1681,Barry Atlanta,E,V,V,L,L,E,L,L,L,L
1682,Baruch,E,L,V,L,V,L,V,L,V,L
1683,Batman ,L,E,V,L,L,L,L,L,L,L
1684,Batman ,L,E,V,L,L,L,L,L,E,L
1685,Batman ,L,E,V,L,L,L,L,L,V,L
1686,Batman ,L,E,V,L,L,L,L,E,L,L
1687,Batman ,L,E,V,L,L,L,L,E,E,L
1688,Batman ,L,E,V,L,L,L,L,E,V,L
1689,Batman ,L,E,V,L,L,L,L,V,L,L
1690,Batman ,L,E,V,L,L,L,L,V,E,L
1691,Batman ,L,E,V,L,L,L,L,V,V,L
1692,Batman ,L,E,V,L,L,L,E,L,L,L
1693,Batman ,L,E,V,L,L,L,E,L,E,L
1694,Batman ,L,E,V,L,L,L,E,L,V,L
1695,Batman ,L,E,V,L,L,L,E,E,L,L
1696,Batman ,L,E,V,L,L,L,E,E,E,L
1697,Batman ,L,E,V,L,L,L,E,E,V,L
1698,Batman ,L,E,V,L,L,L,E,V,L,L
1699,Batman ,L,E,V,L,L,L,E,V,E,L
1700,Batman ,L,E,V,L,L,L,E,V,V,L
1701,Batman ,L,E,V,L,L,L,V,L,L,L
1702,Batman ,L,E,V,L,L,L,V,L,E,L
1703,Batman ,L,E,V,L,L,L,V,L,V,L
1704,Batman ,L,E,V,L,L,L,V,E,L,L
1705,Batman ,L,E,V,L,L,L,V,E,E,L
1706,Batman ,L,E,V,L,L,L,V,E,V,L
1707,Batman ,L,E,V,L,L,L,V,V,L,L
1708,Batman ,L,E,V,L,L,L,V,V,E,L
1709,Batman ,L,E,V,L,L,L,V,V,V,L
1710,Batman ,L,E,V,L,L,E,L,L,L,L
1711,Batman ,L,E,V,L,L,E,L,L,E,L
1712,Batman ,L,E,V,L,L,E,L,L,V,L
1713,Batman ,L,E,V,L,L,E,L,E,L,L
1714,Batman ,L,E,V,L,L,E,L,E,E,L
1715,Batman ,L,E,V,L,L,E,L,E,V,L
1716,Batman ,L,E,V,L,L,E,L,V,L,L
1717,Batman ,L,E,V,L,L,E,L,V,E,L
1718,Batman ,L,E,V,L,L,E,L,V,V,L
1719,Batman ,L,E,V,L,L,E,E,L,L,L
1720,Batman ,L,E,V,L,L,E,E,L,E,L
1721,Batman ,L,E,V,L,L,E,E,L,V,L
1722,Batman ,L,E,V,L,L,E,E,E,L,L
1723,Batman ,L,E,V,L,L,E,E,E,E,L
1724,Batman ,L,E,V,L,L,E,E,E,V,L
1725,Batman ,L,E,V,L,L,E,E,V,L,L
1726,Batman ,L,E,V,L,L,E,E,V,E,L
1727,Batman ,L,E,V,L,L,E,E,V,V,L
1728,Batman ,L,E,V,L,L,E,V,L,L,L
1729,Batman ,L,E,V,L,L,E,V,L,E,L
1730,Batman ,L,E,V,L,L,E,V,L,V,L
1731,Batman ,L,E,V,L,L,E,V,E,L,L
1732,Batman ,L,E,V,L,L,E,V,E,E,L
1733,Batman ,L,E,V,L,L,E,V,E,V,L
1734,Batman ,L,E,V,L,L,E,V,V,L,L
1735,Batman ,L,E,V,L,L,E,V,V,E,L
1736,Batman ,L,E,V,L,L,E,V,V,V,L
1737,Batman ,L,E,V,L,L,V,L,L,L,L
1738,Batman ,L,E,V,L,L,V,L,L,E,L
1739,Batman ,L,E,V,L,L,V,L,L,V,L
1740,Batman ,L,E,V,L,L,V,L,E,L,L
1741,Batman ,L,E,V,L,L,V,L,E,E,L
1742,Batman ,L,E,V,L,L,V,L,E,V,L
1743,Batman ,L,E,V,L,L,V,L,V,L,L
1744,Batman ,L,E,V,L,L,V,L,V,E,L
1745,Batman ,L,E,V,L,L,V,L,V,V,L
1746,Batman ,L,E,V,L,L,V,E,L,L,L
1747,Batman ,L,E,V,L,L,V,E,L,E,L
1748,Batman ,L,E,V,L,L,V,E,L,V,L
1749,Batman ,L,E,V,L,L,V,E,E,L,L
1750,Batman ,L,E,V,L,L,V,E,E,E,L
1751,Batman ,L,E,V,L,L,V,E,E,V,L
1752,Batman ,L,E,V,L,L,V,E,V,L,L
1753,Batman ,L,E,V,L,L,V,E,V,E,L
1754,Batman ,L,E,V,L,L,V,E,V,V,L
1755,Batman ,L,E,V,L,L,V,V,L,L,L
1756,Batman ,L,E,V,L,L,V,V,L,E,L
1757,Batman ,L,E,V,L,L,V,V,L,V,L
1758,Batman ,L,E,V,L,L,V,V,E,L,L
1759,Batman ,L,E,V,L,L,V,V,E,E,L
1760,Batman ,L,E,V,L,L,V,V,E,V,L
1761,Batman ,L,E,V,L,L,V,V,V,L,L
1762,Batman ,L,E,V,L,L,V,V,V,E,L
1763,Batman ,L,E,V,L,L,V,V,V,V,L
1764,Batman ,L,E,V,E,L,L,L,L,L,L
1765,Batman ,L,E,V,E,L,L,L,L,E,L
1766,Batman ,L,E,V,E,L,L,L,L,V,L
1767,Batman ,L,E,V,E,L,L,L,E,L,L
1768,Batman ,L,E,V,E,L,L,L,E,E,L
1769,Batman ,L,E,V,E,L,L,L,E,V,L
1770,Batman ,L,E,V,E,L,L,L,V,L,L
1771,Batman ,L,E,V,E,L,L,L,V,E,L
1772,Batman ,L,E,V,E,L,L,L,V,V,L
1773,Batman ,L,E,V,E,L,L,E,L,L,L
1774,Batman ,L,E,V,E,L,L,E,L,E,L
1775,Batman ,L,E,V,E,L,L,E,L,V,L
1776,Batman ,L,E,V,E,L,L,E,E,L,L
1777,Batman ,L,E,V,E,L,L,E,E,E,L
1778,Batman ,L,E,V,E,L,L,E,E,V,L
1779,Batman ,L,E,V,E,L,L,E,V,L,L
1780,Batman ,L,E,V,E,L,L,E,V,E,L
1781,Batman ,L,E,V,E,L,L,E,V,V,L
1782,Batman ,L,E,V,E,L,L,V,L,L,L
1783,Batman ,L,E,V,E,L,L,V,L,E,L
1784,Batman ,L,E,V,E,L,L,V,L,V,L
1785,Batman ,L,E,V,E,L,L,V,E,L,L
1786,Batman ,L,E,V,E,L,L,V,E,E,L
1787,Batman ,L,E,V,E,L,L,V,E,V,L
1788,Batman ,L,E,V,E,L,L,V,V,L,L
1789,Batman ,L,E,V,E,L,L,V,V,E,L
1790,Batman ,L,E,V,E,L,L,V,V,V,L
1791,Batman ,L,E,V,E,L,E,L,L,L,L
1792,Batman ,L,E,V,E,L,E,L,L,E,L
1793,Batman ,L,E,V,E,L,E,L,L,V,L
1794,Batman ,L,E,V,E,L,E,L,E,L,L
1795,Batman ,L,E,V,E,L,E,L,E,E,L
1796,Batman ,L,E,V,E,L,E,L,E,V,L
1797,Batman ,L,E,V,E,L,E,L,V,L,L
1798,Batman ,L,E,V,E,L,E,L,V,E,L
1799,Batman ,L,E,V,E,L,E,L,V,V,L
1800,Batman ,L,E,V,E,L,E,E,L,L,L
1801,Batman ,L,E,V,E,L,E,E,L,E,L
1802,Batman ,L,E,V,E,L,E,E,L,V,L
1803,Batman ,L,E,V,E,L,E,E,E,L,L
1804,Batman ,L,E,V,E,L,E,E,E,E,L
1805,Batman ,L,E,V,E,L,E,E,E,V,L
1806,Batman ,L,E,V,E,L,E,E,V,L,L
1807,Batman ,L,E,V,E,L,E,E,V,E,L
1808,Batman ,L,E,V,E,L,E,E,V,V,L
1809,Batman ,L,E,V,E,L,E,V,L,L,L
1810,Batman ,L,E,V,E,L,E,V,L,E,L
1811,Batman ,L,E,V,E,L,E,V,L,V,L
1812,Batman ,L,E,V,E,L,E,V,E,L,L
1813,Batman ,L,E,V,E,L,E,V,E,E,L
1814,Batman ,L,E,V,E,L,E,V,E,V,L
1815,Batman ,L,E,V,E,L,E,V,V,L,L
1816,Batman ,L,E,V,E,L,E,V,V,E,L
1817,Batman ,L,E,V,E,L,E,V,V,V,L
1818,Batman ,L,E,V,E,L,V,L,L,L,L
1819,Batman ,L,E,V,E,L,V,L,L,E,L
1820,Batman ,L,E,V,E,L,V,L,L,V,L
1821,Batman ,L,E,V,E,L,V,L,E,L,L
1822,Batman ,L,E,V,E,L,V,L,E,E,L
1823,Batman ,L,E,V,E,L,V,L,E,V,L
1824,Batman ,L,E,V,E,L,V,L,V,L,L
1825,Batman ,L,E,V,E,L,V,L,V,E,L
1826,Batman ,L,E,V,E,L,V,L,V,V,L
1827,Batman ,L,E,V,E,L,V,E,L,L,L
1828,Batman ,L,E,V,E,L,V,E,L,E,L
1829,Batman ,L,E,V,E,L,V,E,L,V,L
1830,Batman ,L,E,V,E,L,V,E,E,L,L
1831,Batman ,L,E,V,E,L,V,E,E,E,L
1832,Batman ,L,E,V,E,L,V,E,E,V,L
1833,Batman ,L,E,V,E,L,V,E,V,L,L
1834,Batman ,L,E,V,E,L,V,E,V,E,L
1835,Batman ,L,E,V,E,L,V,E,V,V,L
1836,Batman ,L,E,V,E,L,V,V,L,L,L
1837,Batman ,L,E,V,E,L,V,V,L,E,L
1838,Batman ,L,E,V,E,L,V,V,L,V,L
1839,Batman ,L,E,V,E,L,V,V,E,L,L
1840,Batman ,L,E,V,E,L,V,V,E,E,L
1841,Batman ,L,E,V,E,L,V,V,E,V,L
1842,Batman ,L,E,V,E,L,V,V,V,L,L
1843,Batman ,L,E,V,E,L,V,V,V,E,L
1844,Batman ,L,E,V,E,L,V,V,V,V,L
1845,Batman ,L,E,V,V,L,L,L,L,L,L
1846,Batman ,L,E,V,V,L,L,L,L,E,L
1847,Batman ,L,E,V,V,L,L,L,L,V,L
1848,Batman ,L,E,V,V,L,L,L,E,L,L
1849,Batman ,L,E,V,V,L,L,L,E,E,L
1850,Batman ,L,E,V,V,L,L,L,E,V,L
1851,Batman ,L,E,V,V,L,L,L,V,L,L
1852,Batman ,L,E,V,V,L,L,L,V,E,L
1853,Batman ,L,E,V,V,L,L,L,V,V,L
1854,Batman ,L,E,V,V,L,L,E,L,L,L
1855,Batman ,L,E,V,V,L,L,E,L,E,L
1856,Batman ,L,E,V,V,L,L,E,L,V,L
1857,Batman ,L,E,V,V,L,L,E,E,L,L
1858,Batman ,L,E,V,V,L,L,E,E,E,L
1859,Batman ,L,E,V,V,L,L,E,E,V,L
1860,Batman ,L,E,V,V,L,L,E,V,L,L
1861,Batman ,L,E,V,V,L,L,E,V,E,L
1862,Batman ,L,E,V,V,L,L,E,V,V,L
1863,Batman ,L,E,V,V,L,L,V,L,L,L
1864,Batman ,L,E,V,V,L,L,V,L,E,L
1865,Batman ,L,E,V,V,L,L,V,L,V,L
1866,Batman ,L,E,V,V,L,L,V,E,L,L
1867,Batman ,L,E,V,V,L,L,V,E,E,L
1868,Batman ,L,E,V,V,L,L,V,E,V,L
1869,Batman ,L,E,V,V,L,L,V,V,L,L
1870,Batman ,L,E,V,V,L,L,V,V,E,L
1871,Batman ,L,E,V,V,L,L,V,V,V,L
1872,Batman ,L,E,V,V,L,E,L,L,L,L
1873,Batman ,L,E,V,V,L,E,L,L,E,L
1874,Batman ,L,E,V,V,L,E,L,L,V,L
1875,Batman ,L,E,V,V,L,E,L,E,L,L
1876,Batman ,L,E,V,V,L,E,L,E,E,L
1877,Batman ,L,E,V,V,L,E,L,E,V,L
1878,Batman ,L,E,V,V,L,E,L,V,L,L
1879,Batman ,L,E,V,V,L,E,L,V,E,L
1880,Batman ,L,E,V,V,L,E,L,V,V,L
1881,Batman ,L,E,V,V,L,E,E,L,L,L
1882,Batman ,L,E,V,V,L,E,E,L,E,L
1883,Batman ,L,E,V,V,L,E,E,L,V,L
1884,Batman ,L,E,V,V,L,E,E,E,L,L
1885,Batman ,L,E,V,V,L,E,E,E,E,L
1886,Batman ,L,E,V,V,L,E,E,E,V,L
1887,Batman ,L,E,V,V,L,E,E,V,L,L
1888,Batman ,L,E,V,V,L,E,E,V,E,L
1889,Batman ,L,E,V,V,L,E,E,V,V,L
1890,Batman ,L,E,V,V,L,E,V,L,L,L
1891,Batman ,L,E,V,V,L,E,V,L,E,L
1892,Batman ,L,E,V,V,L,E,V,L,V,L
1893,Batman ,L,E,V,V,L,E,V,E,L,L
1894,Batman ,L,E,V,V,L,E,V,E,E,L
1895,Batman ,L,E,V,V,L,E,V,E,V,L
1896,Batman ,L,E,V,V,L,E,V,V,L,L
1897,Batman ,L,E,V,V,L,E,V,V,E,L
1898,Batman ,L,E,V,V,L,E,V,V,V,L
1899,Batman ,L,E,V,V,L,V,L,L,L,L
1900,Batman ,L,E,V,V,L,V,L,L,E,L
1901,Batman ,L,E,V,V,L,V,L,L,V,L
1902,Batman ,L,E,V,V,L,V,L,E,L,L
1903,Batman ,L,E,V,V,L,V,L,E,E,L
1904,Batman ,L,E,V,V,L,V,L,E,V,L
1905,Batman ,L,E,V,V,L,V,L,V,L,L
1906,Batman ,L,E,V,V,L,V,L,V,E,L
1907,Batman ,L,E,V,V,L,V,L,V,V,L
1908,Batman ,L,E,V,V,L,V,E,L,L,L
1909,Batman ,L,E,V,V,L,V,E,L,E,L
1910,Batman ,L,E,V,V,L,V,E,L,V,L
1911,Batman ,L,E,V,V,L,V,E,E,L,L
1912,Batman ,L,E,V,V,L,V,E,E,E,L
1913,Batman ,L,E,V,V,L,V,E,E,V,L
1914,Batman ,L,E,V,V,L,V,E,V,L,L
1915,Batman ,L,E,V,V,L,V,E,V,E,L
1916,Batman ,L,E,V,V,L,V,E,V,V,L
1917,Batman ,L,E,V,V,L,V,V,L,L,L
1918,Batman ,L,E,V,V,L,V,V,L,E,L
1919,Batman ,L,E,V,V,L,V,V,L,V,L
1920,Batman ,L,E,V,V,L,V,V,E,L,L
1921,Batman ,L,E,V,V,L,V,V,E,E,L
1922,Batman ,L,E,V,V,L,V,V,E,V,L
1923,Batman ,L,E,V,V,L,V,V,V,L,L
1924,Batman ,L,E,V,V,L,V,V,V,E,L
1925,Batman ,L,E,V,V,L,V,V,V,V,L
1926,Be bebe,L,E,V,V,L,L,L,L,L,L
1927,Be Negro,L,L,V,L,L,L,V,L,V,L
1928,Be Negro,L,E,V,E,L,E,E,L,V,L
1929,Be Negro,L,E,V,V,L,L,V,V,L,L
1930,Be Pareja,L,V,V,E,E,L,E,L,L,L
1931,Be Rueda,L,V,V,L,L,L,V,L,E,L
1932,Be Ximena 2019,L,V,V,L,V,L,L,L,L,L
1933,Be Ximena 2019,L,E,V,E,V,V,E,L,V,L
1934,BEBELIN,L,E,V,V,L,E,V,L,V,V
1935,Bebeshitos,L,V,L,E,L,V,L,L,L,L
1936,Bebeshitos,V,E,V,L,L,L,V,L,L,L
1937,Bebeshitos,E,L,E,V,E,E,E,V,E,L
1938,Bejar,E,E,E,E,E,E,E,E,E,E
1939,Bejar,E,E,E,E,E,E,L,L,L,L
1940,Bejar ,L,E,V,L,V,L,V,L,L,L
1941,Bejar ,L,E,V,L,L,L,V,L,L,L
1942,Bejar ,L,V,V,L,V,L,V,L,L,L
1943,Bejar ,L,V,V,L,L,L,V,L,L,L
1944,BELMONT,L,E,V,E,L,L,E,L,V,L
1945,BELMONT,L,L,V,L,E,L,L,L,E,L
1946,BELMONT,L,V,V,V,V,E,V,E,V,L
1947,BELMONT,L,E,V,L,V,E,V,L,V,V
1948,BELMONT,E,V,L,L,E,L,L,V,L,L
1949,Beni cazares,L,E,V,L,L,L,L,L,L,L
1950,Beni cazares,L,L,E,E,V,L,V,V,E,V
1951,Beni cazares,L,V,L,E,E,L,E,L,L,E
1952,Beni cazares,L,V,L,L,L,L,L,L,L,E
1953,Beni cazares,L,E,V,E,E,L,L,E,E,V
1954,Benis chulos,L,V,E,V,V,L,V,E,E,V
1955,Benis chulos,L,V,V,E,V,L,V,L,E,E
1956,Benjamin Sánchez,L,L,V,V,L,L,V,V,V,L
1957,Benjamin Sánchez,L,E,V,E,E,L,E,L,V,E
1958,Beny gonzalez,L,V,V,L,L,L,L,V,L,L
1959,Beny gonzalez,L,V,V,E,E,L,L,L,V,V
1960,Beny gonzalez,L,V,L,E,E,E,L,L,V,V
1961,Beny gonzalez,L,V,V,V,E,L,E,L,E,V
1962,Betirry ,L,V,E,L,L,L,E,L,L,L
1963,Betirry ,L,V,E,L,L,L,V,L,L,L
1964,Betirry ,L,V,V,L,L,L,E,L,L,L
1965,Betirry ,L,V,V,L,L,L,V,L,L,L
1966,Beto gallardo,L,E,L,L,L,L,L,L,E,E
1967,Beto gallardo,L,L,V,L,L,E,V,E,E,V
1968,Beto gallardo,E,E,L,E,L,L,E,L,L,E
1969,Beto gallardo,L,V,L,E,E,E,E,L,L,V
1970,Beto gallardo,E,E,E,L,L,V,E,L,V,L
1971,Beto gallardo,V,L,V,L,E,E,E,E,E,V
1972,Beto gallardo,L,L,V,L,L,V,L,E,E,L
1973,Beto gallardo,V,E,L,V,V,L,L,V,E,V
1974,Beto gallardo,V,L,E,L,V,L,E,L,E,E
1975,Beto gallardo,V,E,L,L,L,V,V,E,L,V
1976,Beto gallardo,L,E,L,V,L,E,V,E,E,E
1977,Beto hdz 1,L,V,V,E,L,L,L,L,E,L
1978,Beto hdz 1,E,L,V,L,L,L,L,L,V,E
1979,Beto hdz 1,E,E,V,L,L,L,E,L,E,L
1980,Beto hdz 1,L,V,V,L,L,E,L,L,V,L
1981,Beto hdz 1,L,V,V,L,V,E,V,L,V,V
1982,BLANCARTE SPORT'S,L,E,V,L,L,V,V,L,E,L
1983,BLANCARTE SPORT'S,L,V,V,L,L,L,V,L,V,L
1984,BLANCARTE SPORT'S,L,E,V,E,L,L,V,L,V,L
1985,BLANCARTE SPORT'S,L,V,V,L,L,E,V,L,E,L
1986,BLANCARTE SPORT'S,L,E,V,L,L,E,V,L,V,L
1987,Blasiño 2,L,V,V,L,L,L,L,L,L,V
1988,Blasiño 2,L,L,E,L,E,L,E,L,L,E
1989,Blasiño 2,L,V,V,V,L,V,L,L,E,L
1990,Blasiño 2,L,V,V,L,L,V,L,L,E,V
1991,Bobison ,E,E,V,L,L,L,E,L,E,L
1992,Bobison ,L,E,V,L,L,L,E,L,E,L
1993,BOLERO,L,V,V,V,L,E,E,L,L,E
1994,BOLOVAN,L,L,V,L,E,L,L,L,E,L
1995,BOLOVAN,L,V,V,V,L,L,V,L,V,L
1996,BOLOVAN,L,E,V,E,L,L,L,L,L,L
1997,Bombis13 pa la boda ,L,V,V,L,L,E,L,V,V,L
1998,Bombis13 pa la boda ,L,V,V,L,L,E,L,L,V,L
1999,Bombis13 pa la boda ,L,L,V,L,L,E,L,V,V,L
2000,Bombis13 pa la boda ,L,L,V,L,L,E,L,L,V,L
2001,bonito,L,L,V,L,E,L,E,L,V,L
2002,bonito,L,V,V,L,E,L,V,L,V,V
2003,bonito,L,V,V,L,V,L,E,E,V,V
2004,bonito,L,E,V,L,E,L,V,L,E,V
2005,bonito,L,L,V,L,E,L,E,L,V,V
2006,bonito,L,V,V,L,L,E,L,L,L,E
2007,bonito,L,L,V,E,L,V,E,L,E,E
2008,bonito,L,V,V,L,V,V,L,L,E,V
2009,bonito,L,E,V,L,E,L,L,V,E,V
2010,bonito,L,E,V,L,E,L,L,E,V,V
2011,Bora bora,L,L,L,V,L,L,V,L,V,V
2012,Bora bora,E,V,L,E,L,E,L,L,E,E
2013,Bora bora,L,E,E,E,V,V,V,E,V,L
2014,Bora bora,V,L,E,E,V,L,L,V,L,V
2015,Bora bora,L,L,V,E,E,V,E,V,V,V
2016,Bora bora,L,V,L,V,E,E,E,E,E,V
2017,Bora bora,E,E,L,V,L,E,L,L,E,V
2018,Bora bora,V,V,L,L,E,V,L,E,L,E
2019,Bora bora,E,L,E,L,E,L,V,L,L,E
2020,Bora bora,E,E,L,V,V,E,V,L,E,V
2021,Borrego Teams,L,L,V,E,L,V,L,L,E,L
2022,Borrego Teams ,L,V,V,L,L,L,V,L,L,L
2023,Borrego Teams ,L,V,V,E,L,L,V,L,L,L
2024,Borrego tortas,L,E,E,L,L,V,L,L,V,E
2025,Botanas Poncho ,L,V,V,L,L,L,V,L,V,L
2026,Botanas Poncho ,L,V,V,L,E,L,V,L,V,L
2027,Botanas Poncho ,L,V,V,V,L,L,V,L,V,L
2028,Botanas Poncho ,L,V,V,V,E,L,V,L,V,L
2029,Botanas Poncho ,L,L,V,L,L,L,V,L,V,L
2030,Botanas Poncho ,L,L,V,L,E,L,V,L,V,L
2031,Botanas Poncho ,L,L,V,V,L,L,V,L,V,L
2032,Botanas Poncho ,L,L,V,V,E,L,V,L,V,L
2033,BRADD PITT,L,E,V,L,V,E,V,L,L,L
2034,BRADD PITT,L,L,L,E,V,L,V,V,V,V
2035,BRADD PITT,L,L,L,E,L,V,L,V,L,V
2036,BRADD PITT,L,L,E,L,L,E,L,V,E,V
2037,BRADD PITT,L,V,L,V,V,L,L,E,L,L
2038,BRANDON LUIS,L,L,V,V,L,L,E,L,E,V
2039,Brandon Nava 07,L,V,V,V,L,L,V,L,V,L
2040,Brandon Nava 07,V,L,L,V,V,L,V,L,V,V
2041,brianaysofia,L,V,V,L,V,E,V,L,L,L
2042,brianaysofia,L,E,V,L,L,E,V,L,L,L
2043,brianaysofia,L,L,V,L,L,L,V,E,L,L
2044,brianaysofia,L,L,V,E,E,L,V,E,E,L
2045,brianaysofia,L,L,V,L,L,V,V,V,E,V
2046,Brisa,L,E,V,V,L,V,E,E,V,L
2047,Brisa,L,E,E,L,E,V,L,L,L,V
2048,Brisa ,L,E,V,L,L,L,E,L,L,E
2049,Brisa ,L,V,V,L,L,L,E,L,L,E
2050,BRONKOZZ,L,V,V,L,L,L,E,L,E,L
2051,BRONKOZZ,L,E,V,L,E,L,V,L,V,V
2052,BRONKOZZ,L,L,E,L,E,L,L,L,V,V
2053,BRONKOZZ,E,L,V,E,L,L,L,E,L,V
2054,BRONKOZZ,L,V,V,L,L,E,V,L,E,V
2055,BRTO CREM,L,E,V,E,L,L,L,L,L,L
2056,BRTO CREM,L,L,V,L,E,L,E,E,E,L
2057,BRTO CREM,E,V,V,L,L,L,E,L,E,L
2058,BRTO CREM,E,E,V,V,E,L,L,L,E,L
2059,BRTO CREM,V,L,E,L,L,L,E,L,L,L
2060,Bryan rau,L,V,V,V,L,L,L,L,V,L
2061,Bryan rau,E,L,V,E,V,E,E,V,L,L
2062,Bryan rau,V,E,E,L,E,V,V,E,E,V
2063,Bryan rau,L,V,V,V,L,L,L,V,V,L
2064,Bryan rau,L,V,V,V,E,L,E,E,V,L
2065,Bto plmrs,L,E,V,E,L,E,V,E,E,L
2066,Bto plmrs,L,L,V,V,E,L,E,L,L,V
2067,buCorralO86 ,E,L,E,L,L,E,E,V,L,E
2068,buCorralO86 ,E,L,V,L,L,E,E,V,L,E
2069,BURNIE ,L,L,V,L,L,L,L,L,L,L
2070,BURNIE ,L,L,V,L,L,L,L,L,E,L
2071,BURNIE ,L,L,V,L,L,L,L,L,V,L
2072,BURNIE ,L,L,V,L,L,L,V,L,L,L
2073,BURNIE ,L,L,V,L,L,L,V,L,E,L
2074,BURNIE ,L,L,V,L,L,L,V,L,V,L
2075,BURNIE ,L,L,V,L,E,L,L,L,L,L
2076,BURNIE ,L,L,V,L,E,L,L,L,E,L
2077,BURNIE ,L,L,V,L,E,L,L,L,V,L
2078,BURNIE ,L,L,V,L,E,L,V,L,L,L
2079,BURNIE ,L,L,V,L,E,L,V,L,E,L
2080,BURNIE ,L,L,V,L,E,L,V,L,V,L
2081,BURNIE ,L,L,V,E,L,L,L,L,L,L
2082,BURNIE ,L,L,V,E,L,L,L,L,E,L
2083,BURNIE ,L,L,V,E,L,L,L,L,V,L
2084,BURNIE ,L,L,V,E,L,L,V,L,L,L
2085,BURNIE ,L,L,V,E,L,L,V,L,E,L
2086,BURNIE ,L,L,V,E,L,L,V,L,V,L
2087,BURNIE ,L,L,V,E,E,L,L,L,L,L
2088,BURNIE ,L,L,V,E,E,L,L,L,E,L
2089,BURNIE ,L,L,V,E,E,L,L,L,V,L
2090,BURNIE ,L,L,V,E,E,L,V,L,L,L
2091,BURNIE ,L,L,V,E,E,L,V,L,E,L
2092,BURNIE ,L,L,V,E,E,L,V,L,V,L
2093,BURNIE ,L,L,V,V,L,L,L,L,L,L
2094,BURNIE ,L,L,V,V,L,L,L,L,E,L
2095,BURNIE ,L,L,V,V,L,L,L,L,V,L
2096,BURNIE ,L,L,V,V,L,L,V,L,L,L
2097,BURNIE ,L,L,V,V,L,L,V,L,E,L
2098,BURNIE ,L,L,V,V,L,L,V,L,V,L
2099,BURNIE ,L,L,V,V,E,L,L,L,L,L
2100,BURNIE ,L,L,V,V,E,L,L,L,E,L
2101,BURNIE ,L,L,V,V,E,L,L,L,V,L
2102,BURNIE ,L,L,V,V,E,L,V,L,L,L
2103,BURNIE ,L,L,V,V,E,L,V,L,E,L
2104,BURNIE ,L,L,V,V,E,L,V,L,V,L
2105,BURNIE ,L,E,V,L,L,L,L,L,L,L
2106,BURNIE ,L,E,V,L,L,L,L,L,E,L
2107,BURNIE ,L,E,V,L,L,L,L,L,V,L
2108,BURNIE ,L,E,V,L,L,L,V,L,L,L
2109,BURNIE ,L,E,V,L,L,L,V,L,E,L
2110,BURNIE ,L,E,V,L,L,L,V,L,V,L
2111,BURNIE ,L,E,V,L,E,L,L,L,L,L
2112,BURNIE ,L,E,V,L,E,L,L,L,E,L
2113,BURNIE ,L,E,V,L,E,L,L,L,V,L
2114,BURNIE ,L,E,V,L,E,L,V,L,L,L
2115,BURNIE ,L,E,V,L,E,L,V,L,E,L
2116,BURNIE ,L,E,V,L,E,L,V,L,V,L
2117,BURNIE ,L,E,V,E,L,L,L,L,L,L
2118,BURNIE ,L,E,V,E,L,L,L,L,E,L
2119,BURNIE ,L,E,V,E,L,L,L,L,V,L
2120,BURNIE ,L,E,V,E,L,L,V,L,L,L
2121,BURNIE ,L,E,V,E,L,L,V,L,E,L
2122,BURNIE ,L,E,V,E,L,L,V,L,V,L
2123,BURNIE ,L,E,V,E,E,L,L,L,L,L
2124,BURNIE ,L,E,V,E,E,L,L,L,E,L
2125,BURNIE ,L,E,V,E,E,L,L,L,V,L
2126,BURNIE ,L,E,V,E,E,L,V,L,L,L
2127,BURNIE ,L,E,V,E,E,L,V,L,E,L
2128,BURNIE ,L,E,V,E,E,L,V,L,V,L
2129,BURNIE ,L,E,V,V,L,L,L,L,L,L
2130,BURNIE ,L,E,V,V,L,L,L,L,E,L
2131,BURNIE ,L,E,V,V,L,L,L,L,V,L
2132,BURNIE ,L,E,V,V,L,L,V,L,L,L
2133,BURNIE ,L,E,V,V,L,L,V,L,E,L
2134,BURNIE ,L,E,V,V,L,L,V,L,V,L
2135,BURNIE ,L,E,V,V,E,L,L,L,L,L
2136,BURNIE ,L,E,V,V,E,L,L,L,E,L
2137,BURNIE ,L,E,V,V,E,L,L,L,V,L
2138,BURNIE ,L,E,V,V,E,L,V,L,L,L
2139,BURNIE ,L,E,V,V,E,L,V,L,E,L
2140,BURNIE ,L,E,V,V,E,L,V,L,V,L
2141,BURNIE ,L,V,V,L,L,L,L,L,L,L
2142,BURNIE ,L,V,V,L,L,L,L,L,E,L
2143,BURNIE ,L,V,V,L,L,L,L,L,V,L
2144,BURNIE ,L,V,V,L,L,L,V,L,L,L
2145,BURNIE ,L,V,V,L,L,L,V,L,E,L
2146,BURNIE ,L,V,V,L,L,L,V,L,V,L
2147,BURNIE ,L,V,V,L,E,L,L,L,L,L
2148,BURNIE ,L,V,V,L,E,L,L,L,E,L
2149,BURNIE ,L,V,V,L,E,L,L,L,V,L
2150,BURNIE ,L,V,V,L,E,L,V,L,L,L
2151,BURNIE ,L,V,V,L,E,L,V,L,E,L
2152,BURNIE ,L,V,V,L,E,L,V,L,V,L
2153,BURNIE ,L,V,V,E,L,L,L,L,L,L
2154,BURNIE ,L,V,V,E,L,L,L,L,E,L
2155,BURNIE ,L,V,V,E,L,L,L,L,V,L
2156,BURNIE ,L,V,V,E,L,L,V,L,L,L
2157,BURNIE ,L,V,V,E,L,L,V,L,E,L
2158,BURNIE ,L,V,V,E,L,L,V,L,V,L
2159,BURNIE ,L,V,V,E,E,L,L,L,L,L
2160,BURNIE ,L,V,V,E,E,L,L,L,E,L
2161,BURNIE ,L,V,V,E,E,L,L,L,V,L
2162,BURNIE ,L,V,V,E,E,L,V,L,L,L
2163,BURNIE ,L,V,V,E,E,L,V,L,E,L
2164,BURNIE ,L,V,V,E,E,L,V,L,V,L
2165,BURNIE ,L,V,V,V,L,L,L,L,L,L
2166,BURNIE ,L,V,V,V,L,L,L,L,E,L
2167,BURNIE ,L,V,V,V,L,L,L,L,V,L
2168,BURNIE ,L,V,V,V,L,L,V,L,L,L
2169,BURNIE ,L,V,V,V,L,L,V,L,E,L
2170,BURNIE ,L,V,V,V,L,L,V,L,V,L
2171,BURNIE ,L,V,V,V,E,L,L,L,L,L
2172,BURNIE ,L,V,V,V,E,L,L,L,E,L
2173,BURNIE ,L,V,V,V,E,L,L,L,V,L
2174,BURNIE ,L,V,V,V,E,L,V,L,L,L
2175,BURNIE ,L,V,V,V,E,L,V,L,E,L
2176,BURNIE ,L,V,V,V,E,L,V,L,V,L
2177,C U R I 🚔 ,L,L,V,L,V,L,L,L,V,L
2178,C U R I 🚔 ,L,L,V,L,V,L,L,L,E,L
2179,C U R I 🚔 ,L,L,V,L,V,L,L,L,L,L
2180,C U R I 🚔 ,L,L,V,L,V,L,E,L,V,L
2181,C U R I 🚔 ,L,L,V,L,V,L,E,L,E,L
2182,C U R I 🚔 ,L,L,V,L,V,L,E,L,L,L
2183,C U R I 🚔 ,L,L,V,L,V,L,V,L,V,L
2184,C U R I 🚔 ,L,L,V,L,V,L,V,L,E,L
2185,C U R I 🚔 ,L,L,V,L,V,L,V,L,L,L
2186,C U R I 🚔 ,L,L,V,L,V,L,E,L,E,L
2187,C U R I 🚔 ,L,E,V,L,V,L,E,L,E,L
2188,C U R I 🚔 ,L,V,V,L,V,L,E,L,E,L
2189,C U R I 🚔 ,E,L,V,L,V,L,E,L,E,L
2190,C U R I 🚔 ,E,E,V,L,V,L,E,L,E,L
2191,C U R I 🚔 ,E,V,V,L,V,L,E,L,E,L
2192,C U R I 🚔 ,V,L,V,L,V,L,E,L,E,L
2193,C U R I 🚔 ,V,E,V,L,V,L,E,L,E,L
2194,C U R I 🚔 ,V,V,V,L,V,L,E,L,E,L
2195,C U R I 🚔 ,L,L,V,L,V,L,L,L,V,L
2196,C U R I 🚔 ,L,L,V,L,V,L,V,L,V,L
2197,C U R I 🚔 ,L,V,V,L,V,L,L,L,V,L
2198,C U R I 🚔 ,L,V,V,L,V,L,V,L,V,L
2199,C U R I 🚔 ,E,L,V,L,V,L,L,L,V,L
2200,C U R I 🚔 ,E,L,V,L,V,L,V,L,V,L
2201,C U R I 🚔 ,E,V,V,L,V,L,L,L,V,L
2202,C U R I 🚔 ,E,V,V,L,V,L,V,L,V,L
2203,C U R I 🚔 ,V,V,V,L,V,V,L,V,V,L
2204,C U R I 🚔 ,V,V,V,L,V,V,L,V,E,L
2205,C U R I 🚔 ,V,V,V,L,V,V,V,V,V,L
2206,C U R I 🚔 ,V,V,V,L,V,V,V,V,E,L
2207,C U R I 🚔 ,V,E,V,L,V,L,L,L,V,L
2208,C U R I 🚔 ,V,E,V,L,V,L,L,E,V,L
2209,C U R I 🚔 ,V,E,V,L,V,E,L,L,V,L
2210,C U R I 🚔 ,V,E,V,L,V,E,L,E,V,L
2211,C.JackSparroW,E,V,L,E,V,E,L,V,E,L
2212,Cabezita,L,L,V,E,L,L,V,V,L,V
2213,Cabezita,L,V,V,L,E,E,L,L,V,V
2214,cabibis4❤️,L,E,V,L,L,E,V,L,L,E
2215,cabibis4❤️,L,V,L,E,E,L,V,V,L,L
2216,Cabrera369,L,E,V,L,V,E,V,L,E,L
2217,Cabrera369,E,V,L,E,L,L,L,E,V,E
2218,Cabrera369,V,L,E,V,E,V,E,L,L,V
2219,Cabrera369,L,E,V,L,L,L,V,E,E,L
2220,Cacavaro,L,V,V,L,L,L,V,L,L,L
2221,Cacavaro,L,E,V,E,L,L,L,L,L,L
2222,Cacavaro,L,V,V,V,L,L,L,L,L,L
2223,Cacavaro,L,E,V,V,L,E,V,L,E,L
2224,Cacavaro,L,V,V,E,L,L,E,L,L,L
2225,CACHARRA GASOLINERA,L,L,V,V,L,L,L,L,V,L
2226,Cachivaches,L,V,V,E,L,L,L,L,V,L
2227,Cachivaches,L,V,V,L,L,L,L,L,E,E
2228,Cachivaches,L,E,V,V,E,L,V,V,V,V
2229,Cachivaches,L,L,V,L,L,E,V,L,E,E
2230,Cachivaches,L,E,V,L,L,L,E,L,V,L
2231,Cachivaches,L,V,V,L,L,L,L,E,V,L
2232,Cachivaches,L,V,V,E,L,V,L,L,V,V
2233,Cachivaches,L,E,V,L,L,L,E,E,E,V
2234,Cachivaches,L,V,V,V,L,E,L,V,E,L
2235,Cachivaches,L,V,V,E,L,E,L,V,V,V
2236,Cachus1,L,V,L,E,E,L,E,L,E,V
2237,Cachus1,L,V,E,V,E,L,V,L,L,E
2238,Cachus1,L,V,V,L,E,L,L,V,E,L
2239,Cachus1,L,L,V,E,L,E,V,L,L,V
2240,Cachus1,L,E,E,V,L,E,V,L,V,V
2241,Cachus1,E,L,V,L,E,L,L,E,E,L
2242,Cachus1,V,L,L,L,E,V,L,E,V,L
2243,Calabaza y camote ,L,L,V,L,L,L,L,L,L,L
2244,Calabaza y camote ,L,L,V,L,L,L,L,L,E,L
2245,Calabaza y camote ,L,L,V,L,L,L,L,L,V,L
2246,Calabaza y camote ,L,L,V,L,L,L,V,L,L,L
2247,Calabaza y camote ,L,L,V,L,L,L,V,L,E,L
2248,Calabaza y camote ,L,L,V,L,L,L,V,L,V,L
2249,Calabaza y camote ,L,L,V,L,E,L,L,L,L,L
2250,Calabaza y camote ,L,L,V,L,E,L,L,L,E,L
2251,Calabaza y camote ,L,L,V,L,E,L,L,L,V,L
2252,Calabaza y camote ,L,L,V,L,E,L,V,L,L,L
2253,Calabaza y camote ,L,L,V,L,E,L,V,L,E,L
2254,Calabaza y camote ,L,L,V,L,E,L,V,L,V,L
2255,Calabaza y camote ,L,L,V,E,L,L,L,L,L,L
2256,Calabaza y camote ,L,L,V,E,L,L,L,L,E,L
2257,Calabaza y camote ,L,L,V,E,L,L,L,L,V,L
2258,Calabaza y camote ,L,L,V,E,L,L,V,L,L,L
2259,Calabaza y camote ,L,L,V,E,L,L,V,L,E,L
2260,Calabaza y camote ,L,L,V,E,L,L,V,L,V,L
2261,Calabaza y camote ,L,L,V,E,E,L,L,L,L,L
2262,Calabaza y camote ,L,L,V,E,E,L,L,L,E,L
2263,Calabaza y camote ,L,L,V,E,E,L,L,L,V,L
2264,Calabaza y camote ,L,L,V,E,E,L,V,L,L,L
2265,Calabaza y camote ,L,L,V,E,E,L,V,L,E,L
2266,Calabaza y camote ,L,L,V,E,E,L,V,L,V,L
2267,Calabaza y camote ,L,L,V,V,L,L,L,L,L,L
2268,Calabaza y camote ,L,L,V,V,L,L,L,L,E,L
2269,Calabaza y camote ,L,L,V,V,L,L,L,L,V,L
2270,Calabaza y camote ,L,L,V,V,L,L,V,L,L,L
2271,Calabaza y camote ,L,L,V,V,L,L,V,L,E,L
2272,Calabaza y camote ,L,L,V,V,L,L,V,L,V,L
2273,Calabaza y camote ,L,L,V,V,E,L,L,L,L,L
2274,Calabaza y camote ,L,L,V,V,E,L,L,L,E,L
2275,Calabaza y camote ,L,L,V,V,E,L,L,L,V,L
2276,Calabaza y camote ,L,L,V,V,E,L,V,L,L,L
2277,Calabaza y camote ,L,L,V,V,E,L,V,L,E,L
2278,Calabaza y camote ,L,L,V,V,E,L,V,L,V,L
2279,Calabaza y camote ,L,E,V,L,L,L,L,L,L,L
2280,Calabaza y camote ,L,E,V,L,L,L,L,L,E,L
2281,Calabaza y camote ,L,E,V,L,L,L,L,L,V,L
2282,Calabaza y camote ,L,E,V,L,L,L,V,L,L,L
2283,Calabaza y camote ,L,E,V,L,L,L,V,L,E,L
2284,Calabaza y camote ,L,E,V,L,L,L,V,L,V,L
2285,Calabaza y camote ,L,E,V,L,E,L,L,L,L,L
2286,Calabaza y camote ,L,E,V,L,E,L,L,L,E,L
2287,Calabaza y camote ,L,E,V,L,E,L,L,L,V,L
2288,Calabaza y camote ,L,E,V,L,E,L,V,L,L,L
2289,Calabaza y camote ,L,E,V,L,E,L,V,L,E,L
2290,Calabaza y camote ,L,E,V,L,E,L,V,L,V,L
2291,Calabaza y camote ,L,E,V,E,L,L,L,L,L,L
2292,Calabaza y camote ,L,E,V,E,L,L,L,L,E,L
2293,Calabaza y camote ,L,E,V,E,L,L,L,L,V,L
2294,Calabaza y camote ,L,E,V,E,L,L,V,L,L,L
2295,Calabaza y camote ,L,E,V,E,L,L,V,L,E,L
2296,Calabaza y camote ,L,E,V,E,L,L,V,L,V,L
2297,Calabaza y camote ,L,E,V,E,E,L,L,L,L,L
2298,Calabaza y camote ,L,E,V,E,E,L,L,L,E,L
2299,Calabaza y camote ,L,E,V,E,E,L,L,L,V,L
2300,Calabaza y camote ,L,E,V,E,E,L,V,L,L,L
2301,Calabaza y camote ,L,E,V,E,E,L,V,L,E,L
2302,Calabaza y camote ,L,E,V,E,E,L,V,L,V,L
2303,Calabaza y camote ,L,E,V,V,L,L,L,L,L,L
2304,Calabaza y camote ,L,E,V,V,L,L,L,L,E,L
2305,Calabaza y camote ,L,E,V,V,L,L,L,L,V,L
2306,Calabaza y camote ,L,E,V,V,L,L,V,L,L,L
2307,Calabaza y camote ,L,E,V,V,L,L,V,L,E,L
2308,Calabaza y camote ,L,E,V,V,L,L,V,L,V,L
2309,Calabaza y camote ,L,E,V,V,E,L,L,L,L,L
2310,Calabaza y camote ,L,E,V,V,E,L,L,L,E,L
2311,Calabaza y camote ,L,E,V,V,E,L,L,L,V,L
2312,Calabaza y camote ,L,E,V,V,E,L,V,L,L,L
2313,Calabaza y camote ,L,E,V,V,E,L,V,L,E,L
2314,Calabaza y camote ,L,E,V,V,E,L,V,L,V,L
2315,Calabaza y camote ,L,V,V,L,L,L,L,L,L,L
2316,Calabaza y camote ,L,V,V,L,L,L,L,L,E,L
2317,Calabaza y camote ,L,V,V,L,L,L,L,L,V,L
2318,Calabaza y camote ,L,V,V,L,L,L,V,L,L,L
2319,Calabaza y camote ,L,V,V,L,L,L,V,L,E,L
2320,Calabaza y camote ,L,V,V,L,L,L,V,L,V,L
2321,Calabaza y camote ,L,V,V,L,E,L,L,L,L,L
2322,Calabaza y camote ,L,V,V,L,E,L,L,L,E,L
2323,Calabaza y camote ,L,V,V,L,E,L,L,L,V,L
2324,Calabaza y camote ,L,V,V,L,E,L,V,L,L,L
2325,Calabaza y camote ,L,V,V,L,E,L,V,L,E,L
2326,Calabaza y camote ,L,V,V,L,E,L,V,L,V,L
2327,Calabaza y camote ,L,V,V,E,L,L,L,L,L,L
2328,Calabaza y camote ,L,V,V,E,L,L,L,L,E,L
2329,Calabaza y camote ,L,V,V,E,L,L,L,L,V,L
2330,Calabaza y camote ,L,V,V,E,L,L,V,L,L,L
2331,Calabaza y camote ,L,V,V,E,L,L,V,L,E,L
2332,Calabaza y camote ,L,V,V,E,L,L,V,L,V,L
2333,Calabaza y camote ,L,V,V,E,E,L,L,L,L,L
2334,Calabaza y camote ,L,V,V,E,E,L,L,L,E,L
2335,Calabaza y camote ,L,V,V,E,E,L,L,L,V,L
2336,Calabaza y camote ,L,V,V,E,E,L,V,L,L,L
2337,Calabaza y camote ,L,V,V,E,E,L,V,L,E,L
2338,Calabaza y camote ,L,V,V,E,E,L,V,L,V,L
2339,Calabaza y camote ,L,V,V,V,L,L,L,L,L,L
2340,Calabaza y camote ,L,V,V,V,L,L,L,L,E,L
2341,Calabaza y camote ,L,V,V,V,L,L,L,L,V,L
2342,Calabaza y camote ,L,V,V,V,L,L,V,L,L,L
2343,Calabaza y camote ,L,V,V,V,L,L,V,L,E,L
2344,Calabaza y camote ,L,V,V,V,L,L,V,L,V,L
2345,Calabaza y camote ,L,V,V,V,E,L,L,L,L,L
2346,Calabaza y camote ,L,V,V,V,E,L,L,L,E,L
2347,Calabaza y camote ,L,V,V,V,E,L,L,L,V,L
2348,Calabaza y camote ,L,V,V,V,E,L,V,L,L,L
2349,Calabaza y camote ,L,V,V,V,E,L,V,L,E,L
2350,Calabaza y camote ,L,V,V,V,E,L,V,L,V,L
2351,Caleb salvador,L,V,V,L,L,L,V,L,V,L
2352,Caleb salvador,L,V,E,L,E,L,L,V,L,E
2353,Caleb salvador,E,V,E,E,L,V,L,L,L,L
2354,Caleb salvador,L,L,L,V,V,V,E,V,E,E
2355,Caleb salvador,V,V,L,V,E,V,E,L,L,L
2356,Caleb salvador,E,V,V,L,L,V,L,E,L,L
2357,Caleb salvador,L,V,E,L,E,V,E,E,E,L
2358,Caleb salvador,L,V,V,L,L,L,V,L,L,L
2359,Caleb salvador,L,V,V,V,V,L,L,V,L,L
2360,Caleb salvador,V,L,E,L,E,V,L,V,L,L
2361,Calero39 ,L,E,V,E,L,L,E,L,E,L
2362,Calero39 ,L,E,V,E,L,L,E,L,V,L
2363,Calero39 ,L,E,V,E,L,L,V,L,E,L
2364,Calero39 ,L,E,V,E,L,L,V,L,V,L
2365,Calero39 ,L,E,V,V,L,L,E,L,E,L
2366,Calero39 ,L,E,V,V,L,L,E,L,V,L
2367,Calero39 ,L,E,V,V,L,L,V,L,E,L
2368,Calero39 ,L,E,V,V,L,L,V,L,V,L
2369,Calero39 ,L,V,V,E,L,L,E,L,E,L
2370,Calero39 ,L,V,V,E,L,L,E,L,V,L
2371,Calero39 ,L,V,V,E,L,L,V,L,E,L
2372,Calero39 ,L,V,V,E,L,L,V,L,V,L
2373,Calero39 ,L,V,V,V,L,L,E,L,E,L
2374,Calero39 ,L,V,V,V,L,L,E,L,V,L
2375,Calero39 ,L,V,V,V,L,L,V,L,E,L
2376,Calero39 ,L,V,V,V,L,L,V,L,V,L
2377,Camaleón Cáncerbero,L,V,V,E,L,E,E,E,E,E
2378,Camaleón Cáncerbero,L,V,E,V,E,E,E,E,E,L
2379,Camaleón Cáncerbero,L,V,V,V,E,L,E,E,V,E
2380,Camaleón Cáncerbero,E,E,E,L,L,L,V,V,V,L
2381,Camaleón Cáncerbero,L,E,V,L,L,L,V,V,V,V
2382,Camba1,L,L,V,V,L,L,L,L,V,V
2383,Camba1,L,L,V,V,L,L,L,L,V,V
2384,Camba1,L,L,V,V,L,L,L,L,V,L
2385,Camba1,L,L,V,V,L,V,V,L,L,L
2386,Camba1,L,V,L,L,E,L,L,E,V,L
2387,Camba1,V,V,E,V,L,L,V,L,L,V
2388,Camba1,E,L,E,L,L,V,L,V,V,V
2389,CAMBEROS,L,V,E,V,L,V,L,L,V,E
2390,CAMBEROS,E,L,V,L,L,V,E,L,L,L
2391,CAMBEROS,L,L,V,V,L,E,E,L,V,E
2392,Camila López martine,L,V,V,L,V,L,V,L,V,L
2393,Camila López martine,L,L,L,V,L,L,L,V,L,L
2394,Camila López martine,E,V,V,L,E,V,L,L,E,L
2395,Camila López martine,V,E,V,L,E,V,V,L,L,L
2396,Camila López martine,L,V,V,L,V,E,V,L,V,L
2397,Camilito y Hannita ,L,V,V,L,E,L,E,E,E,L
2398,Camilito y Hannita ,L,V,V,L,L,L,E,E,E,L
2399,Camilito y Hannita ,L,V,E,L,E,L,E,E,E,L
2400,Camilito y Hannita ,L,V,E,L,L,L,E,E,E,L
2401,CAMMOL 1,E,E,E,E,V,E,E,E,E,L
2402,CAMMOL 2,E,E,E,E,L,E,E,E,E,L
2403,CAMMOL 3,L,V,V,V,V,V,V,L,L,L
2404,CAMMOL 4,L,V,L,V,L,V,V,L,L,L
2405,CAMMOL 5,L,E,E,L,E,E,V,L,L,L
2406,CAMMOL 6,L,V,V,L,L,V,V,L,L,L
2407,CANAY,L,L,V,L,L,L,E,V,V,E
2408,Cancer,L,L,E,L,E,L,L,L,V,V
2409,Cancer ,L,V,V,E,L,L,L,L,V,L
2410,Cancer ,L,V,V,E,V,L,L,L,V,L
2411,Cancer ,L,E,V,E,L,L,L,L,V,L
2412,Cancer ,L,E,V,E,V,L,L,L,V,L
2413,Cancer ,L,L,V,E,L,L,V,E,V,V
2414,Cancer ,L,L,V,E,L,L,V,E,L,V
2415,Cancer ,L,E,V,E,L,L,V,E,V,V
2416,Cancer ,L,E,V,E,L,L,V,E,L,V
2417,Candelas1966,L,V,V,L,L,L,L,L,V,L
2418,Candelas1966,L,V,V,V,L,L,V,L,E,L
2419,Canekboyca,L,E,V,L,L,V,E,L,L,E
2420,Canekboyca,L,L,V,V,L,E,V,L,L,L
2421,Canekboyca,V,V,L,L,V,E,V,L,E,E
2422,Canelita 2780,L,V,V,L,E,L,L,V,L,L
2423,Canelita 2780,L,L,V,E,E,E,L,L,E,L
2424,CANITO TEPE,V,V,V,E,L,L,V,E,V,L
2425,Capricornio 03,L,V,L,V,V,L,E,L,E,L
2426,Capricornio 03,L,V,L,L,V,E,E,E,V,L
2427,Capricornio 03,L,V,V,V,L,V,E,V,L,L
2428,Capricornio 03,E,E,E,E,V,V,L,V,V,E
2429,Capricornio 03,L,V,E,V,V,E,L,E,L,L
2430,Capricornio 03,E,E,E,E,L,L,V,V,L,E
2431,Capricornio 03,V,V,L,L,V,L,L,E,V,E
2432,Capricornio 03,L,V,V,L,V,E,E,E,V,L
2433,Capricornio 03,V,E,L,L,V,L,V,E,E,V
2434,Capricornio 03,L,L,E,V,L,E,E,E,E,L
2435,Capricornio 03,E,E,L,L,V,V,L,V,L,L
2436,Capricornio 03,V,V,V,V,V,V,V,E,V,V
2437,Capricornio 03,L,V,L,V,E,L,L,L,V,E
2438,Capricornio 03,L,V,V,V,V,L,E,V,V,L
2439,Capricornio 03,L,L,L,L,V,V,L,E,V,L
2440,Capricornio 03,E,V,L,V,L,E,L,L,V,V
2441,Capricornio 03,E,L,V,L,L,L,V,E,L,V
2442,CARASO,L,E,V,E,L,L,E,L,L,L
2443,CARASO,L,E,L,E,L,L,E,L,L,L
2444,Carlos 1932 ,L,E,V,V,L,V,L,L,L,L
2445,Carlos 1932 ,L,E,V,V,L,V,L,L,V,L
2446,Carlos 1932 ,L,E,V,V,L,V,E,L,L,L
2447,Carlos 1932 ,L,E,V,V,L,V,E,L,V,L
2448,Carlos 1932 ,L,E,V,L,L,V,L,L,L,L
2449,Carlos 1932 ,L,E,V,L,L,V,L,L,V,L
2450,Carlos 1932 ,L,E,V,L,L,V,E,L,L,L
2451,Carlos 1932 ,L,E,V,L,L,V,E,L,V,L
2452,Carlos 1932 ,L,V,V,V,L,V,L,L,L,L
2453,Carlos 1932 ,L,V,V,V,L,V,L,L,V,L
2454,Carlos 1932 ,L,V,V,V,L,V,E,L,L,L
2455,Carlos 1932 ,L,V,V,V,L,V,E,L,V,L
2456,Carlos 1932 ,L,V,V,L,L,V,L,L,L,L
2457,Carlos 1932 ,L,V,V,L,L,V,L,L,V,L
2458,Carlos 1932 ,L,V,V,L,L,V,E,L,L,L
2459,Carlos 1932 ,L,V,V,L,L,V,E,L,V,L
2460,Carlos fuentes garci,L,V,V,E,E,E,E,L,V,L
2461,Carlos fuentes garci,L,L,E,L,L,L,L,L,L,L
2462,Carlos fuentes garci,L,V,V,V,L,L,V,L,V,E
2463,Carlos fuentes garci,E,E,L,L,L,L,L,E,E,L
2464,Carlos fuentes garci,V,V,V,V,V,L,L,L,V,V
2465,Carlos Glez lizardi,E,L,E,L,L,L,E,V,L,L
2466,Carlos Glez lizardi,L,E,V,L,V,E,E,V,E,E
2467,Carlos Glez lizardi,L,E,V,L,E,L,E,V,L,E
2468,Carlos gm,L,V,V,V,E,L,E,L,V,E
2469,Carlos gm,L,V,E,V,L,L,E,L,L,L
2470,Carlos gm,E,V,L,V,E,L,V,E,E,V
2471,Carlos guzman romero,L,L,V,L,L,L,L,V,V,L
2472,Carlos guzman romero,L,V,V,L,V,L,L,L,L,L
2473,Carlos guzman romero,L,L,V,V,L,L,L,L,L,L
2474,Carlos guzman romero,E,L,V,L,L,L,E,L,V,L
2475,Carlos Javier 14,L,V,V,V,L,L,V,L,V,V
2476,Carlos Javier 14,L,L,V,L,L,E,V,L,V,L
2477,Carlos Javier 14,L,L,V,V,L,L,V,L,V,V
2478,Carlos Javier 14,L,V,V,E,L,L,V,E,E,E
2479,Carlos Javier 14,L,L,V,V,L,L,V,L,V,V
2480,Carlos Medina gdl ,L,L,V,L,V,E,E,L,V,V
2481,Carlos Medina gdl ,L,L,E,L,V,E,E,L,V,V
2482,Carlos Medina gdl ,L,V,V,L,V,E,E,L,V,V
2483,Carlos Medina gdl ,L,V,E,L,V,E,E,L,V,V
2484,Carlos Molinero,L,V,V,L,L,L,E,L,V,L
2485,Carlos Molinero,L,V,V,L,L,L,V,L,V,L
2486,CARLOS MORA,L,L,L,L,L,L,L,L,L,L
2487,CARLOS MORA,L,V,V,V,V,V,V,V,V,V
2488,CARLOS MORA,L,E,E,L,L,L,E,V,L,V
2489,CARLOS MORA,L,V,V,E,V,L,V,L,E,L
2490,CARLOS MORA,V,L,V,E,V,L,V,L,E,L
2491,Carlos Noriega,E,E,E,E,L,L,E,L,E,E
2492,Carlos Noriega,L,E,V,V,E,L,E,L,V,E
2493,Carlos Noriega,E,L,L,E,E,L,L,E,V,L
2494,Carlos Noriega,E,E,V,V,L,L,L,L,E,E
2495,Carlos Noriega,L,L,V,V,E,L,E,L,E,L
2496,Carlos Noriega,L,L,V,V,L,L,L,L,E,E
2497,Carlos Noriega,E,E,V,E,E,L,L,E,L,E
2498,Carlos Noriega,L,L,V,E,L,L,E,L,L,E
2499,Carlos Noriega,L,E,E,V,E,L,L,E,E,L
2500,Carlos Noriega,L,E,E,E,L,L,E,L,E,E
2501,Carlos Robles,L,L,V,L,L,L,V,L,L,L
2502,Carlos Robles,L,E,V,L,L,L,V,L,L,V
2503,Carlos Robles,L,L,V,L,L,V,V,L,E,L
2504,Carlos Robles,L,E,V,L,L,L,E,L,E,V
2505,Carlos Rodriguez 10,L,E,E,L,L,V,V,L,E,V
2506,Carlos Rodriguez 10,E,L,L,L,E,V,L,E,L,L
2507,Carlos Rodriguez 10,L,V,V,E,L,L,E,L,V,L
2508,Carlos Rodriguez 10,L,E,E,L,L,V,L,V,L,L
2509,Carlos Rodriguez 10,L,L,V,E,L,E,E,L,V,L
2510,Carlos Rodriguez 10,E,E,V,V,V,L,L,L,E,L
2511,Carlos Rodriguez 10,E,E,V,E,L,L,L,E,L,L
2512,Carlos Rodriguez 10,L,V,V,E,V,V,L,V,L,L
2513,Carlos salas,L,V,V,L,L,E,V,L,E,L
2514,Carlos salas,L,E,V,L,L,L,E,L,E,L
2515,Carlos salas,L,L,E,L,L,V,L,E,L,L
2516,Carlos salas,L,E,V,E,L,L,E,L,V,L
2517,Carlos salas,E,L,V,E,L,E,L,L,E,L
2518,Carlos Santiago,L,E,V,L,L,L,E,E,L,E
2519,Carlos Santiago,L,V,V,E,L,L,L,E,E,E
2520,carlos solis alvarado,L,L,V,L,E,L,E,L,V,L
2521,carlos solis alvarado,L,E,V,E,L,L,L,E,V,E
2522,carlos solis alvarado,L,V,V,L,E,L,V,L,V,V
2523,carlos solis alvarado,L,L,V,E,L,L,L,E,V,L
2524,carlos solis alvarado,L,E,E,L,E,L,E,L,E,E
2525,carlos solis alvarado,L,V,V,E,L,L,V,E,V,V
2526,carlos solis alvarado,L,L,E,L,E,L,E,L,V,L
2527,carlos solis alvarado,L,E,V,L,E,L,L,E,E,E
2528,carlos solis alvarado,L,V,E,L,E,L,V,L,V,V
2529,carlos solis alvarado,L,L,E,E,L,L,L,E,V,L
2530,carlos solis alvarado,L,E,V,L,E,L,E,L,V,E
2531,carlos solis alvarado,L,V,E,E,L,L,V,E,V,V
2532,carlos solis alvarado,E,L,V,L,E,L,E,L,V,L
2533,carlos solis alvarado,E,V,E,E,L,L,L,E,V,E
2534,carlos solis alvarado,E,E,V,L,E,L,V,L,E,V
2535,Carlos torres g,L,L,V,L,L,L,L,L,L,L
2536,Carlos torres g,L,V,V,L,L,L,L,L,L,L
2537,Carlos Verduzco,L,L,V,E,L,L,L,L,E,L
2538,Carlos Verduzco,L,E,V,L,E,L,L,E,V,L
2539,CarlosGlezz11k,L,E,V,L,E,L,L,L,E,L
2540,CarlosGlezz11k,E,V,V,E,L,L,E,L,V,L
2541,CarlosGlezz11k,L,V,V,E,L,E,V,L,E,E
2542,CarlosGV1992,L,L,V,L,L,L,L,L,L,L
2543,CarlosGV1992,L,E,V,E,E,L,E,E,E,L
2544,CarlosGV1992,L,V,V,V,L,V,V,V,V,L
2545,CarlosGV1992,L,V,V,L,L,L,L,L,L,L
2546,CarlosGV1992,L,E,L,E,V,L,V,L,V,L
2547,CarlosGV1992,L,E,L,V,E,L,V,L,L,L
2548,CarlosGV1992,L,L,V,V,E,V,L,V,E,E
2549,CarlosGV1992,V,V,V,V,L,E,V,V,E,E
2550,CarlosGV1992,V,E,E,V,E,E,V,V,V,L
2551,CarlosGV1992,V,L,L,E,V,E,L,L,V,E
2552,Carlosrdz,L,E,V,L,E,E,E,L,V,L
2553,Carlosrdz,L,V,V,E,V,L,V,E,E,E
2554,Carlosrdz,L,E,V,V,E,V,L,L,E,V
2555,Carmelo Rocha G,L,E,V,L,L,L,E,L,E,L
2556,Carmelo Rocha G,L,L,V,L,L,L,L,L,L,L
2557,CARPER4208,L,V,V,L,L,L,V,L,V,L
2558,CARPER4208,L,V,V,V,L,E,E,L,V,V
2559,Carranza Cardoso 1,L,V,V,V,L,L,V,L,L,L
2560,Carranza Cardoso 1,L,E,V,L,L,L,L,L,V,L
2561,Carranza Cardoso 2 ,L,L,V,L,L,L,V,E,L,E
2562,Carranza Cardoso 2 ,L,E,V,L,L,L,V,E,L,E
2563,Carranza Cardoso 2 ,L,V,V,L,L,L,V,E,L,E
2564,CARVAL,L,V,E,L,L,L,L,L,E,L
2565,Casa Chica,E,L,V,E,L,L,V,L,L,E
2566,Casa Chica,L,V,V,E,L,L,V,L,L,V
2567,Casa Chica,L,V,V,L,E,E,V,L,V,L
2568,Casa Chica,E,E,V,V,E,L,E,L,L,V
2569,Casco Romo,L,L,V,L,L,E,L,E,L,L
2570,Casco Romo,L,V,V,L,L,E,L,E,E,V
2571,Casco Romo,V,V,V,L,V,L,L,L,E,E
2572,Castcast,L,V,V,L,L,L,L,V,L,V
2573,Castcast,L,E,V,L,V,V,E,L,E,L
2574,Castcast,L,V,E,L,L,L,V,E,L,V
2575,Castcast,L,E,V,L,L,L,E,L,V,V
2576,Castellanos,L,L,V,V,L,L,V,L,V,L
2577,Castellanos,L,V,V,L,L,V,E,L,V,L
2578,CASTILLO 20,L,V,V,L,L,L,L,L,L,L
2579,CASTILLO 20,L,E,V,E,L,L,E,L,L,L
2580,CASTILLO 🏰 LERDO,L,V,V,E,V,E,E,L,V,E
2581,Catalella,L,V,V,L,V,L,V,L,L,E
2582,Catalella,L,E,V,V,E,L,V,V,V,E
2583,Catalella,V,L,E,E,V,V,E,L,L,L
2584,CCTC LERDO,L,L,V,V,V,E,V,L,L,V
2585,CECI REYES,L,E,V,L,L,V,E,L,L,E
2586,CECI REYES,E,L,V,L,E,L,V,V,E,L
2587,CECI REYES,L,V,E,V,L,E,L,E,L,V
2588,CECI REYES,L,L,V,E,L,L,V,E,L,V
2589,CECILIO ESPARZA ,L,L,E,L,L,E,E,L,E,L
2590,CECILIO ESPARZA ,L,L,E,L,L,E,V,L,E,L
2591,CECILIO ESPARZA ,L,L,V,L,L,E,E,L,E,L
2592,CECILIO ESPARZA ,L,L,V,L,L,E,V,L,E,L
2593,CECILIO ESPARZA ,L,E,E,L,L,E,E,L,E,L
2594,CECILIO ESPARZA ,L,E,E,L,L,E,V,L,E,L
2595,CECILIO ESPARZA ,L,E,V,L,L,E,E,L,E,L
2596,CECILIO ESPARZA ,L,E,V,L,L,E,V,L,E,L
2597,CEDILLO,L,V,V,V,L,L,V,L,L,L
2598,CEDILLO,L,E,E,V,L,E,V,L,E,L
2599,CEDILLO,V,L,L,L,L,L,L,V,V,L
2600,CEDILLO,L,L,L,V,L,L,V,L,V,L
2601,CEDILLO,V,L,L,V,V,V,L,V,V,L
2602,Cerro gordo,L,L,V,L,L,E,V,L,L,L
2603,Cerro gordo,L,V,L,E,E,V,V,L,L,E
2604,Cerro gordo,L,E,V,V,V,L,E,L,L,V
2605,Cervecería el jobo1,L,E,V,L,L,L,L,L,V,L
2606,Cervecería el jobo1,L,V,V,L,L,L,L,L,L,V
2607,Cervecería el jobo2,L,V,V,L,L,L,L,E,V,V
2608,Cervecería el jobo3,L,V,V,L,L,E,L,L,L,V
2609,Cervecería el jobo5,L,V,V,V,L,E,E,L,L,L
2610,Cervecería el jobo6,L,E,V,E,L,E,E,L,E,V
2611,César Báez,L,V,V,L,L,L,L,L,V,L
2612,César Báez,L,V,V,V,V,V,V,V,V,L
2613,César Báez,V,V,V,L,L,E,L,L,E,V
2614,César Báez,L,E,V,E,L,E,V,L,L,E
2615,César Báez,L,L,L,V,L,V,V,L,V,L
2616,Cesar Delgadillo,L,E,V,L,V,E,E,L,E,L
2617,Cesar Delgadillo,L,L,V,E,L,L,V,L,E,V
2618,Cesar Delgadillo,L,E,V,L,E,L,V,E,L,V
2619,Cesar Delgadillo,L,V,E,L,V,L,E,L,V,E
2620,Cesar Delgadillo,E,E,L,V,E,E,L,L,E,V
2621,Cesar Delgadillo,V,V,V,L,L,E,E,L,L,L
2622,Cesar Delgadillo,L,V,V,E,L,L,V,E,E,L
2623,Cesar Dueñas ,L,E,V,L,L,L,L,L,L,V
2624,Cesar Dueñas ,L,E,V,L,L,L,L,V,L,V
2625,Cesar Dueñas ,L,E,V,L,L,L,E,L,L,V
2626,Cesar Dueñas ,L,E,V,L,L,L,E,V,L,V
2627,Cesar Dueñas ,L,E,V,L,L,V,L,L,L,V
2628,Cesar Dueñas ,L,E,V,L,L,V,L,V,L,V
2629,Cesar Dueñas ,L,E,V,L,L,V,E,L,L,V
2630,Cesar Dueñas ,L,E,V,L,L,V,E,V,L,V
2631,Cesar Dueñas ,L,E,V,L,E,L,L,L,L,V
2632,Cesar Dueñas ,L,E,V,L,E,L,L,V,L,V
2633,Cesar Dueñas ,L,E,V,L,E,L,E,L,L,V
2634,Cesar Dueñas ,L,E,V,L,E,L,E,V,L,V
2635,Cesar Dueñas ,L,E,V,L,E,V,L,L,L,V
2636,Cesar Dueñas ,L,E,V,L,E,V,L,V,L,V
2637,Cesar Dueñas ,L,E,V,L,E,V,E,L,L,V
2638,Cesar Dueñas ,L,E,V,L,E,V,E,V,L,V
2639,Cesar Dueñas ,L,E,V,V,L,L,L,L,L,V
2640,Cesar Dueñas ,L,E,V,V,L,L,L,V,L,V
2641,Cesar Dueñas ,L,E,V,V,L,L,E,L,L,V
2642,Cesar Dueñas ,L,E,V,V,L,L,E,V,L,V
2643,Cesar Dueñas ,L,E,V,V,L,V,L,L,L,V
2644,Cesar Dueñas ,L,E,V,V,L,V,L,V,L,V
2645,Cesar Dueñas ,L,E,V,V,L,V,E,L,L,V
2646,Cesar Dueñas ,L,E,V,V,L,V,E,V,L,V
2647,Cesar Dueñas ,L,E,V,V,E,L,L,L,L,V
2648,Cesar Dueñas ,L,E,V,V,E,L,L,V,L,V
2649,Cesar Dueñas ,L,E,V,V,E,L,E,L,L,V
2650,Cesar Dueñas ,L,E,V,V,E,L,E,V,L,V
2651,Cesar Dueñas ,L,E,V,V,E,V,L,L,L,V
2652,Cesar Dueñas ,L,E,V,V,E,V,L,V,L,V
2653,Cesar Dueñas ,L,E,V,V,E,V,E,L,L,V
2654,Cesar Dueñas ,L,E,V,V,E,V,E,V,L,V
2655,Cesar Dueñas ,L,V,V,L,L,L,L,L,L,V
2656,Cesar Dueñas ,L,V,V,L,L,L,L,V,L,V
2657,Cesar Dueñas ,L,V,V,L,L,L,E,L,L,V
2658,Cesar Dueñas ,L,V,V,L,L,L,E,V,L,V
2659,Cesar Dueñas ,L,V,V,L,L,V,L,L,L,V
2660,Cesar Dueñas ,L,V,V,L,L,V,L,V,L,V
2661,Cesar Dueñas ,L,V,V,L,L,V,E,L,L,V
2662,Cesar Dueñas ,L,V,V,L,L,V,E,V,L,V
2663,Cesar Dueñas ,L,V,V,L,E,L,L,L,L,V
2664,Cesar Dueñas ,L,V,V,L,E,L,L,V,L,V
2665,Cesar Dueñas ,L,V,V,L,E,L,E,L,L,V
2666,Cesar Dueñas ,L,V,V,L,E,L,E,V,L,V
2667,Cesar Dueñas ,L,V,V,L,E,V,L,L,L,V
2668,Cesar Dueñas ,L,V,V,L,E,V,L,V,L,V
2669,Cesar Dueñas ,L,V,V,L,E,V,E,L,L,V
2670,Cesar Dueñas ,L,V,V,L,E,V,E,V,L,V
2671,Cesar Dueñas ,L,V,V,V,L,L,L,L,L,V
2672,Cesar Dueñas ,L,V,V,V,L,L,L,V,L,V
2673,Cesar Dueñas ,L,V,V,V,L,L,E,L,L,V
2674,Cesar Dueñas ,L,V,V,V,L,L,E,V,L,V
2675,Cesar Dueñas ,L,V,V,V,L,V,L,L,L,V
2676,Cesar Dueñas ,L,V,V,V,L,V,L,V,L,V
2677,Cesar Dueñas ,L,V,V,V,L,V,E,L,L,V
2678,Cesar Dueñas ,L,V,V,V,L,V,E,V,L,V
2679,Cesar Dueñas ,L,V,V,V,E,L,L,L,L,V
2680,Cesar Dueñas ,L,V,V,V,E,L,L,V,L,V
2681,Cesar Dueñas ,L,V,V,V,E,L,E,L,L,V
2682,Cesar Dueñas ,L,V,V,V,E,L,E,V,L,V
2683,Cesar Dueñas ,L,V,V,V,E,V,L,L,L,V
2684,Cesar Dueñas ,L,V,V,V,E,V,L,V,L,V
2685,Cesar Dueñas ,L,V,V,V,E,V,E,L,L,V
2686,Cesar Dueñas ,L,V,V,V,E,V,E,V,L,V
2687,Cesar glez firulilla,L,L,L,L,L,L,L,L,L,L
2688,Cesar glez firulilla,L,L,E,E,L,L,L,L,L,L
2689,Cesar glez firulilla,L,V,V,L,L,L,L,L,L,L
2690,Cesar glez firulilla,L,V,V,E,E,L,E,L,L,L
2691,Cesar glez firulilla,E,E,E,L,L,L,L,L,L,L
2692,Cesar glez firulilla,E,E,E,L,E,E,L,L,E,L
2693,Cesar glez firulilla,L,V,V,V,V,L,L,L,L,L
2694,Cesar glez firulilla,L,V,V,V,L,E,E,L,E,L
2695,Cesar glez firulilla,L,V,V,V,E,E,V,V,V,L
2696,Cesar glez firulilla,L,V,V,V,V,V,V,L,V,L
2697,Cesar glez firulilla,L,V,V,V,E,E,V,V,V,L
2698,Cesar glez firulilla,E,E,V,V,V,L,V,V,V,L
2699,Cesar glez firulilla,E,E,V,V,E,L,V,V,V,L
2700,Cesar glez firulilla,E,E,E,V,V,L,V,V,V,L
2701,Cesar glez firulilla,L,V,V,V,E,V,V,V,V,L
2702,Cesar glez firulilla,L,V,V,V,V,V,V,E,E,L
2703,Cesar glez firulilla,V,V,V,L,L,L,V,V,V,L
2704,Cesar glez firulilla,L,V,V,V,L,L,E,E,E,L
2705,Cesar glez firulilla,L,L,L,L,E,L,V,V,V,L
2706,Cesar glez firulilla,L,L,L,E,E,L,V,V,V,L
2707,Cesar glez firulilla,E,V,V,V,L,L,V,V,V,L
2708,Cesar glez firulilla,L,L,V,V,V,E,V,V,V,L
2709,Cesar glez firulilla,L,V,V,L,V,V,V,V,V,L
2710,Cesar glez firulilla,L,L,V,V,V,E,V,V,V,L
2711,Cesar glez firulilla,L,E,E,E,L,E,V,V,V,L
2712,César González Gonzá,L,V,E,L,E,E,V,L,L,L
2713,César González Gonzá,L,E,V,L,E,L,E,L,E,L
2714,CESAR LOPEZ,L,V,V,E,V,L,E,L,L,L
2715,CESAR LOPEZ,L,L,V,L,V,L,E,L,L,L
2716,Cesar Marin,L,L,V,V,L,L,V,L,V,E
2717,Cesar Marin,L,E,V,V,L,L,V,L,V,L
2718,Cesar Marin,L,V,V,V,L,L,V,L,V,L
2719,CESAR NAVARRO,L,V,V,V,L,L,L,L,L,L
2720,Cesar Ochoa alatorre,L,L,V,L,V,L,V,L,L,L
2721,Cesar Ochoa alatorre,L,V,V,L,E,V,E,L,V,L
2722,Cess García16,L,E,L,E,V,V,L,L,V,L
2723,Cess García16,L,V,L,L,V,L,E,E,L,L
2724,CH 76 ,L,E,V,L,L,L,E,L,L,L
2725,CH 76 ,L,E,V,E,L,L,E,L,L,L
2726,CH 76 ,L,E,E,L,L,L,E,L,L,L
2727,CH 76 ,L,E,E,E,L,L,E,L,L,L
2728,CH 76 ,L,L,L,V,L,L,L,E,L,L
2729,CH 76 ,L,V,L,V,L,L,L,E,L,L
2730,Ch landeros,L,L,L,L,E,E,V,V,L,L
2731,Ch landeros,L,E,V,E,L,L,E,V,E,L
2732,Ch landeros,E,L,L,L,V,L,L,L,L,L
2733,Ch landeros,E,V,E,L,L,V,E,L,E,E
2734,Ch landeros,V,V,V,L,L,V,E,V,V,L
2735,Ch landeros,L,V,V,E,L,L,L,E,V,E
2736,Ch landeros,L,E,E,V,E,E,V,E,L,V
2737,Ch landeros,L,L,V,E,L,L,E,L,E,L
2738,Ch landeros,L,V,V,L,L,L,E,L,L,E
2739,Ch landeros,E,E,V,L,L,L,L,E,V,L
2740,Chamburcy,L,V,V,L,E,L,V,L,L,L
2741,Chamburcy,L,L,V,L,L,L,E,L,L,L
2742,Chamburcy,E,V,V,E,L,L,L,L,L,L
2743,Chamburcy,L,V,V,E,L,L,L,L,L,L
2744,Chamburcy,E,L,V,E,L,L,E,L,L,L
2745,Chamburcy,E,L,L,E,L,L,E,L,E,L
2746,CHAMPY,L,E,V,L,L,L,E,E,E,L
2747,CHAMPY,L,L,V,L,L,L,L,V,L,L
2748,Chanito 28,L,E,V,E,L,L,E,L,V,L
2749,Chanito 28,L,L,V,V,E,E,L,V,E,L
2750,Chanito 28,L,V,V,E,L,L,E,L,L,L
2751,Chanito 28,L,E,V,L,L,L,V,L,L,L
2752,Chanito 28,L,E,V,E,L,V,L,V,E,L
2753,CHAPARRO59,L,L,V,L,L,E,V,L,L,L
2754,CHAPARRO59,L,L,V,L,L,L,L,L,L,L
2755,Chaplin,V,V,V,V,L,L,L,E,L,L
2756,Chaplin,L,E,L,E,V,L,E,L,E,L
2757,Chaplin,E,L,V,E,L,E,E,E,E,L
2758,Chaplin,L,E,V,E,E,V,L,L,L,E
2759,Chaplin,L,E,V,L,L,L,L,V,V,L
2760,Chapulin07,L,L,V,V,L,L,L,L,L,L
2761,Chapulin07,L,E,V,E,L,E,V,L,L,E
2762,Chapulin07,E,V,E,L,V,L,E,L,L,L
2763,Chapulin07,L,V,V,L,E,E,E,L,E,V
2764,Chapulín23 ,L,L,V,V,L,L,E,L,L,L
2765,Chapulín23 ,L,L,V,V,L,L,E,L,E,L
2766,Chapulín23 ,L,L,V,V,L,L,E,L,V,L
2767,Chapulín23 ,L,L,V,V,L,L,L,L,L,L
2768,Chapulín23 ,L,L,V,V,L,L,L,L,E,L
2769,Chapulín23 ,L,L,V,V,L,L,L,L,V,L
2770,Chapulín23 ,L,L,V,V,L,L,V,L,L,L
2771,Chapulín23 ,L,L,V,V,L,L,V,L,E,L
2772,Chapulín23 ,L,L,V,V,L,L,V,L,V,L
2773,Chapulín23 ,L,L,V,L,L,L,E,L,L,L
2774,Chapulín23 ,L,L,V,L,L,L,E,L,E,L
2775,Chapulín23 ,L,L,V,L,L,L,E,L,V,L
2776,Chapulín23 ,L,L,V,L,L,L,L,L,L,L
2777,Chapulín23 ,L,L,V,L,L,L,L,L,E,L
2778,Chapulín23 ,L,L,V,L,L,L,L,L,V,L
2779,Chapulín23 ,L,L,V,L,L,L,V,L,L,L
2780,Chapulín23 ,L,L,V,L,L,L,V,L,E,L
2781,Chapulín23 ,L,L,V,L,L,L,V,L,V,L
2782,Chapulín23 ,L,L,L,V,L,L,E,L,L,L
2783,Chapulín23 ,L,L,L,V,L,L,E,L,E,L
2784,Chapulín23 ,L,L,L,V,L,L,E,L,V,L
2785,Chapulín23 ,L,L,L,V,L,L,L,L,L,L
2786,Chapulín23 ,L,L,L,V,L,L,L,L,E,L
2787,Chapulín23 ,L,L,L,V,L,L,L,L,V,L
2788,Chapulín23 ,L,L,L,V,L,L,V,L,L,L
2789,Chapulín23 ,L,L,L,V,L,L,V,L,E,L
2790,Chapulín23 ,L,L,L,V,L,L,V,L,V,L
2791,Chapulín23 ,L,L,L,L,L,L,E,L,L,L
2792,Chapulín23 ,L,L,L,L,L,L,E,L,E,L
2793,Chapulín23 ,L,L,L,L,L,L,E,L,V,L
2794,Chapulín23 ,L,L,L,L,L,L,L,L,L,L
2795,Chapulín23 ,L,L,L,L,L,L,L,L,E,L
2796,Chapulín23 ,L,L,L,L,L,L,L,L,V,L
2797,Chapulín23 ,L,L,L,L,L,L,V,L,L,L
2798,Chapulín23 ,L,L,L,L,L,L,V,L,E,L
2799,Chapulín23 ,L,L,L,L,L,L,V,L,V,L
2800,Chapulín23 ,L,E,V,V,L,L,E,L,L,L
2801,Chapulín23 ,L,E,V,V,L,L,E,L,E,L
2802,Chapulín23 ,L,E,V,V,L,L,E,L,V,L
2803,Chapulín23 ,L,E,V,V,L,L,L,L,L,L
2804,Chapulín23 ,L,E,V,V,L,L,L,L,E,L
2805,Chapulín23 ,L,E,V,V,L,L,L,L,V,L
2806,Chapulín23 ,L,E,V,V,L,L,V,L,L,L
2807,Chapulín23 ,L,E,V,V,L,L,V,L,E,L
2808,Chapulín23 ,L,E,V,V,L,L,V,L,V,L
2809,Chapulín23 ,L,E,V,L,L,L,E,L,L,L
2810,Chapulín23 ,L,E,V,L,L,L,E,L,E,L
2811,Chapulín23 ,L,E,V,L,L,L,E,L,V,L
2812,Chapulín23 ,L,E,V,L,L,L,L,L,L,L
2813,Chapulín23 ,L,E,V,L,L,L,L,L,E,L
2814,Chapulín23 ,L,E,V,L,L,L,L,L,V,L
2815,Chapulín23 ,L,E,V,L,L,L,V,L,L,L
2816,Chapulín23 ,L,E,V,L,L,L,V,L,E,L
2817,Chapulín23 ,L,E,V,L,L,L,V,L,V,L
2818,Chapulín23 ,L,E,L,V,L,L,E,L,L,L
2819,Chapulín23 ,L,E,L,V,L,L,E,L,E,L
2820,Chapulín23 ,L,E,L,V,L,L,E,L,V,L
2821,Chapulín23 ,L,E,L,V,L,L,L,L,L,L
2822,Chapulín23 ,L,E,L,V,L,L,L,L,E,L
2823,Chapulín23 ,L,E,L,V,L,L,L,L,V,L
2824,Chapulín23 ,L,E,L,V,L,L,V,L,L,L
2825,Chapulín23 ,L,E,L,V,L,L,V,L,E,L
2826,Chapulín23 ,L,E,L,V,L,L,V,L,V,L
2827,Chapulín23 ,L,E,L,L,L,L,E,L,L,L
2828,Chapulín23 ,L,E,L,L,L,L,E,L,E,L
2829,Chapulín23 ,L,E,L,L,L,L,E,L,V,L
2830,Chapulín23 ,L,E,L,L,L,L,L,L,L,L
2831,Chapulín23 ,L,E,L,L,L,L,L,L,E,L
2832,Chapulín23 ,L,E,L,L,L,L,L,L,V,L
2833,Chapulín23 ,L,E,L,L,L,L,V,L,L,L
2834,Chapulín23 ,L,E,L,L,L,L,V,L,E,L
2835,Chapulín23 ,L,E,L,L,L,L,V,L,V,L
2836,Chapulín23 ,L,V,V,V,L,L,E,L,L,L
2837,Chapulín23 ,L,V,V,V,L,L,E,L,E,L
2838,Chapulín23 ,L,V,V,V,L,L,E,L,V,L
2839,Chapulín23 ,L,V,V,V,L,L,L,L,L,L
2840,Chapulín23 ,L,V,V,V,L,L,L,L,E,L
2841,Chapulín23 ,L,V,V,V,L,L,L,L,V,L
2842,Chapulín23 ,L,V,V,V,L,L,V,L,L,L
2843,Chapulín23 ,L,V,V,V,L,L,V,L,E,L
2844,Chapulín23 ,L,V,V,V,L,L,V,L,V,L
2845,Chapulín23 ,L,V,V,L,L,L,E,L,L,L
2846,Chapulín23 ,L,V,V,L,L,L,E,L,E,L
2847,Chapulín23 ,L,V,V,L,L,L,E,L,V,L
2848,Chapulín23 ,L,V,V,L,L,L,L,L,L,L
2849,Chapulín23 ,L,V,V,L,L,L,L,L,E,L
2850,Chapulín23 ,L,V,V,L,L,L,L,L,V,L
2851,Chapulín23 ,L,V,V,L,L,L,V,L,L,L
2852,Chapulín23 ,L,V,V,L,L,L,V,L,E,L
2853,Chapulín23 ,L,V,V,L,L,L,V,L,V,L
2854,Chapulín23 ,L,V,L,V,L,L,E,L,L,L
2855,Chapulín23 ,L,V,L,V,L,L,E,L,E,L
2856,Chapulín23 ,L,V,L,V,L,L,E,L,V,L
2857,Chapulín23 ,L,V,L,V,L,L,L,L,L,L
2858,Chapulín23 ,L,V,L,V,L,L,L,L,E,L
2859,Chapulín23 ,L,V,L,V,L,L,L,L,V,L
2860,Chapulín23 ,L,V,L,V,L,L,V,L,L,L
2861,Chapulín23 ,L,V,L,V,L,L,V,L,E,L
2862,Chapulín23 ,L,V,L,V,L,L,V,L,V,L
2863,Chapulín23 ,L,V,L,L,L,L,E,L,L,L
2864,Chapulín23 ,L,V,L,L,L,L,E,L,E,L
2865,Chapulín23 ,L,V,L,L,L,L,E,L,V,L
2866,Chapulín23 ,L,V,L,L,L,L,L,L,L,L
2867,Chapulín23 ,L,V,L,L,L,L,L,L,E,L
2868,Chapulín23 ,L,V,L,L,L,L,L,L,V,L
2869,Chapulín23 ,L,V,L,L,L,L,V,L,L,L
2870,Chapulín23 ,L,V,L,L,L,L,V,L,E,L
2871,Chapulín23 ,L,V,L,L,L,L,V,L,V,L
2872,Chaque,L,E,V,L,L,V,L,V,E,V
2873,Chaque,L,L,V,V,L,L,L,L,E,L
2874,Chaque,L,V,V,V,L,V,V,L,V,V
2875,CHARALES FC ,L,L,V,E,L,L,L,L,L,L
2876,CHARALES FC ,L,L,V,E,L,L,L,E,L,L
2877,CHARALES FC ,L,L,V,E,L,L,E,L,L,L
2878,CHARALES FC ,L,L,V,E,L,L,E,E,L,L
2879,CHARALES FC ,L,L,V,L,L,L,L,L,L,L
2880,CHARALES FC ,L,L,V,L,L,L,L,E,L,L
2881,CHARALES FC ,L,L,V,L,L,L,E,L,L,L
2882,CHARALES FC ,L,L,V,L,L,L,E,E,L,L
2883,CHARALES FC ,L,E,V,E,L,L,L,L,L,L
2884,CHARALES FC ,L,E,V,E,L,L,L,E,L,L
2885,CHARALES FC ,L,E,V,E,L,L,E,L,L,L
2886,CHARALES FC ,L,E,V,E,L,L,E,E,L,L
2887,CHARALES FC ,L,E,V,L,L,L,L,L,L,L
2888,CHARALES FC ,L,E,V,L,L,L,L,E,L,L
2889,CHARALES FC ,L,E,V,L,L,L,E,L,L,L
2890,CHARALES FC ,L,E,V,L,L,L,E,E,L,L
2891,CHARLES 🐐,L,E,V,E,E,L,E,E,L,E
2892,Charly Ramírez,L,E,V,L,L,L,V,L,L,E
2893,Charly Ramírez,L,L,V,E,V,V,V,L,L,L
2894,Charlyflores s,L,V,V,E,L,L,E,L,L,L
2895,Charlyflores s,L,V,L,L,E,E,V,E,V,V
2896,Charlyflores s,L,E,V,L,L,L,V,E,V,E
2897,Charlyflores s,E,E,V,E,L,L,V,L,L,E
2898,Charlyflores s,L,V,V,E,L,L,E,E,E,L
2899,Chatin,L,V,V,L,L,E,E,E,E,L
2900,Chatin,L,E,V,L,L,L,L,V,V,L
2901,Chatin,L,L,V,V,E,E,V,E,V,L
2902,Chatin,L,V,V,E,E,V,L,V,L,L
2903,Chato rolón Vallarta,L,L,V,E,L,L,E,L,V,L
2904,Chato rolón Vallarta,L,V,E,L,V,V,L,E,L,V
2905,Chato rolón Vallarta,L,E,V,V,E,L,L,L,L,L
2906,Chato rolón Vallarta,L,L,V,L,E,V,V,L,E,E
2907,Chato rolón Vallarta,V,V,V,V,E,L,L,L,L,V
2908,CHAVA SOLACHE,L,V,V,V,L,L,L,V,V,L
2909,CHAVA SOLACHE,L,E,V,L,V,V,V,L,L,L
2910,CHAVA SOLACHE,L,L,V,E,E,L,L,V,L,L
2911,CHAVA SOLACHE,L,V,V,V,L,V,E,E,V,E
2912,CHAVA SOLACHE,E,L,V,L,L,E,V,V,E,L
2913,CHAVA SOLACHE,V,V,V,V,L,V,L,E,E,L
2914,CHAVA SOLACHE,E,V,E,E,E,L,V,L,L,L
2915,CHAVA SOLACHE,L,V,V,E,L,E,L,L,V,E
2916,CHAVA SOLACHE,E,E,E,V,L,L,L,E,L,V
2917,CHAVA SOLACHE,V,V,V,V,L,V,E,V,V,L
2918,Chavez matias,L,V,V,L,E,L,L,L,E,L
2919,Chavez matias,V,V,V,E,L,V,L,E,E,V
2920,Chavez matias,L,L,V,E,E,L,E,L,V,V
2921,Chavez matias,L,V,L,V,L,V,L,L,V,V
2922,Chavez matias,L,V,V,V,L,L,V,L,E,E
2923,Chavez matias,E,L,V,V,V,L,E,L,E,L
2924,Chavez matias,E,V,E,V,L,E,L,V,L,E
2925,Chavita Rodriguez,L,V,V,E,V,L,V,L,E,L
2926,Chavita Rodriguez,L,V,V,V,V,L,E,E,E,L
2927,Chavo chocomiles ,L,E,V,E,L,L,E,L,E,L
2928,Chavo chocomiles ,L,E,V,E,V,L,E,L,E,L
2929,Chavo chocomiles ,L,V,V,E,L,L,E,L,E,L
2930,Chavo chocomiles ,L,V,V,E,V,L,E,L,E,L
2931,Chavo chocomiles ,L,L,V,E,L,L,E,L,E,L
2932,Chavo chocomiles ,L,L,V,E,V,L,E,L,E,L
2933,CHAY,V,V,L,L,V,L,L,E,E,V
2934,CHAY,L,V,V,E,L,V,L,E,V,V
2935,ChecoGASA,L,V,V,L,E,L,L,E,E,L
2936,CHECOMIX,L,E,V,E,L,L,L,L,E,L
2937,CHECOMIX,L,V,V,E,L,L,E,E,L,L
2938,CHECOMIX,L,L,V,E,L,L,E,L,L,L
2939,CHECOMIX,L,E,V,E,L,E,L,L,L,L
2940,CHECOMIX,L,L,V,E,L,E,E,L,E,L
2941,Checoperez,L,E,V,L,L,L,E,L,E,L
2942,Checoperez,L,V,V,L,L,L,V,L,V,L
2943,Checoperez,L,L,V,L,L,L,V,L,E,L
2944,Checoperez,L,E,V,E,L,L,V,L,V,L
2945,Checoperez,L,E,V,L,L,L,E,L,L,L
2946,Checoperez,L,L,E,V,L,L,E,L,L,L
2947,Checoperez,L,E,L,E,L,L,E,L,V,L
2948,Checoperez,L,L,V,L,V,L,E,L,E,L
2949,Chekolin13x,L,E,V,L,L,L,E,L,L,L
2950,Chekolin13x,L,V,V,L,E,L,L,L,E,L
2951,Chel ch,L,L,V,L,L,L,L,L,E,L
2952,Chel ch,L,E,V,V,L,L,L,E,E,L
2953,Chela,L,E,V,L,L,E,V,E,V,V
2954,Chela,E,V,V,E,V,L,E,V,E,E
2955,Chelesdom ,L,L,V,V,L,L,V,V,V,L
2956,Chelesdom ,L,L,V,V,L,L,V,L,V,L
2957,Chelesdom ,L,L,V,V,L,L,E,V,V,L
2958,Chelesdom ,L,L,V,V,L,L,E,L,V,L
2959,Chelesdom ,L,V,V,V,L,L,V,V,V,L
2960,Chelesdom ,L,V,V,V,L,L,V,L,V,L
2961,Chelesdom ,L,V,V,V,L,L,E,V,V,L
2962,Chelesdom ,L,V,V,V,L,L,E,L,V,L
2963,Chelis Madrigal ,E,E,V,L,L,E,E,V,L,L
2964,Chelis Madrigal ,E,E,V,L,L,E,E,V,V,L
2965,Chelis Madrigal ,E,E,V,L,L,E,E,L,L,L
2966,Chelis Madrigal ,E,E,V,L,L,E,E,L,V,L
2967,Chelis Madrigal ,E,L,V,L,L,E,E,V,L,L
2968,Chelis Madrigal ,E,L,V,L,L,E,E,V,V,L
2969,Chelis Madrigal ,E,L,V,L,L,E,E,L,L,L
2970,Chelis Madrigal ,E,L,V,L,L,E,E,L,V,L
2971,Chelis Madrigal ,L,E,V,L,L,L,E,L,L,L
2972,Chelis Madrigal ,L,E,V,L,V,L,E,L,L,L
2973,Chelis Madrigal ,L,V,V,L,L,L,E,L,L,L
2974,Chelis Madrigal ,L,V,V,L,V,L,E,L,L,L
2975,Chelis Madrigal ,V,E,V,L,L,L,E,L,L,L
2976,Chelis Madrigal ,V,E,V,L,V,L,E,L,L,L
2977,Chelis Madrigal ,V,V,V,L,L,L,E,L,L,L
2978,Chelis Madrigal ,V,V,V,L,V,L,E,L,L,L
2979,Chemagol 19,L,V,V,L,L,L,V,E,L,L
2980,Chemagol 19,L,V,V,V,L,L,V,E,L,V
2981,Chemi ,L,V,V,E,L,L,V,E,V,V
2982,Chemi ,L,V,V,L,L,L,V,E,V,V
2983,Chemi ,L,L,V,E,L,L,V,E,V,V
2984,Chemi ,L,L,V,L,L,L,V,E,V,V
2985,Cheo Tun,L,L,L,L,L,L,V,L,E,L
2986,Cheo Tun,L,E,E,L,L,L,E,L,L,L
2987,Chicago IL,L,V,E,E,V,L,E,L,L,L
2988,Chicago IL,L,V,E,E,V,L,E,L,V,L
2989,Chicago IL,L,V,E,V,V,E,E,L,L,L
2990,Chicago IL,L,V,E,V,V,E,E,L,V,L
2991,Chicago IL,L,V,E,V,V,L,E,L,L,L
2992,Chicago IL,L,V,E,V,V,L,E,E,L,L
2993,Chicago IL,L,V,E,V,V,L,E,E,V,L
2994,Chicago IL,L,V,E,V,V,L,E,L,E,L
2995,Chicago IL,L,V,E,V,V,L,E,L,V,L
2996,Chicago IL,L,V,E,L,V,E,E,L,L,L
2997,Chicago IL,L,V,E,L,V,E,E,L,V,L
2998,Chicago IL,L,V,E,L,V,L,E,L,L,L
2999,Chicago IL,L,V,E,L,V,L,E,E,L,L
3000,Chicago IL,L,V,E,L,V,L,E,E,V,L
3001,Chicago IL,L,V,E,L,V,L,E,L,E,L
3002,Chicago IL,L,V,E,L,V,L,E,L,V,L
3003,Chicago IL,L,V,V,E,V,E,E,L,L,L
3004,Chicago IL,L,V,V,E,V,E,E,L,V,L
3005,Chicago IL,L,V,V,E,V,L,E,L,L,L
3006,Chicago IL,L,V,V,E,V,L,E,E,L,L
3007,Chicago IL,L,V,V,E,V,L,E,E,V,L
3008,Chicago IL,L,V,V,E,V,L,E,L,E,L
3009,Chicago IL,L,V,V,E,V,L,E,L,V,L
3010,Chicago IL,L,V,V,V,V,E,E,L,L,L
3011,Chicago IL,L,V,V,V,V,E,E,E,L,L
3012,Chicago IL,L,V,V,V,V,E,E,E,V,L
3013,Chicago IL,L,V,V,V,V,E,E,L,E,L
3014,Chicago IL,L,V,V,V,V,E,E,L,V,L
3015,Chicago IL,L,V,V,V,V,L,E,L,L,L
3016,Chicago IL,L,V,V,V,V,L,E,E,L,L
3017,Chicago IL,L,V,V,V,V,L,E,E,E,L
3018,Chicago IL,L,V,V,V,V,L,E,E,V,L
3019,Chicago IL,L,V,V,V,V,L,E,L,E,L
3020,Chicago IL,L,V,V,V,V,L,E,L,V,L
3021,Chicago IL,L,V,V,L,V,E,E,L,L,L
3022,Chicago IL,L,V,V,L,V,E,E,E,L,L
3023,Chicago IL,L,V,V,L,V,E,E,E,V,L
3024,Chicago IL,L,V,V,L,V,E,E,L,E,L
3025,Chicago IL,L,V,V,L,V,E,E,L,V,L
3026,Chicago IL,L,V,V,L,V,L,E,L,L,L
3027,Chicago IL,L,V,V,L,V,L,E,E,L,L
3028,Chicago IL,L,V,V,L,V,L,E,E,E,L
3029,Chicago IL,L,V,V,L,V,L,E,E,V,L
3030,Chicago IL,L,V,V,L,V,L,E,L,E,L
3031,Chicago IL,L,V,V,L,V,L,E,L,V,L
3032,Chichiflis 🍀,L,E,E,L,E,E,E,L,E,L
3033,Chichiflis 🍀,L,L,V,E,L,L,E,L,E,L
3034,Chichiflis 🍀,L,L,V,V,L,E,E,L,L,V
3035,Chichiflis 🍀,L,V,V,V,L,L,V,L,V,L
3036,Chichiflis 🍀,L,V,V,L,L,L,E,L,E,V
3037,Chichiflis 🍀,L,E,V,L,L,V,L,L,V,L
3038,Chichiflis 🍀,L,V,V,L,L,L,V,V,V,V
3039,Chichos JR ,L,E,V,L,L,L,V,L,V,L
3040,Chichos JR ,L,E,V,L,L,L,E,L,V,L
3041,Chichos JR ,L,E,V,L,E,L,V,L,V,L
3042,Chichos JR ,L,E,V,L,E,L,E,L,V,L
3043,Chichos JR ,L,E,V,E,L,L,V,L,V,L
3044,Chichos JR ,L,E,V,E,L,L,E,L,V,L
3045,Chichos JR ,L,E,V,E,E,L,V,L,V,L
3046,Chichos JR ,L,E,V,E,E,L,E,L,V,L
3047,Chichos JR ,L,L,V,L,L,L,V,L,V,L
3048,Chichos JR ,L,L,V,L,L,L,E,L,V,L
3049,Chichos JR ,L,L,V,L,E,L,V,L,V,L
3050,Chichos JR ,L,L,V,L,E,L,E,L,V,L
3051,Chichos JR ,L,L,V,E,L,L,V,L,V,L
3052,Chichos JR ,L,L,V,E,L,L,E,L,V,L
3053,Chichos JR ,L,L,V,E,E,L,V,L,V,L
3054,Chichos JR ,L,L,V,E,E,L,E,L,V,L
3055,Chikana,L,L,V,L,E,E,V,L,L,L
3056,Chikana,L,V,V,L,V,L,E,E,E,E
3057,Chikana,V,L,L,V,V,V,V,V,L,V
3058,Chikana,V,V,L,E,E,L,L,L,V,V
3059,Chikana,E,E,E,E,E,L,E,V,L,V
3060,CHIMPITAS 27,L,V,V,V,V,L,E,E,V,L
3061,CHIMPITAS 27,L,V,V,V,E,L,V,L,E,L
3062,CHIMPITAS 27,L,V,E,V,L,E,V,L,L,L
3063,CHIMPITAS 27,E,L,V,E,L,V,V,L,E,L
3064,CHIMPITAS 27,L,E,V,E,L,E,V,L,V,L
3065,CHIMPITAS 27,L,V,V,E,E,L,V,V,E,L
3066,CHINO GALLEGOS,L,L,V,E,L,L,E,L,V,E
3067,CHINO GALLEGOS,L,V,V,L,L,V,V,L,L,E
3068,CHINO GALLEGOS,L,L,V,L,E,E,V,L,V,V
3069,Chino Loco 1,L,E,V,L,L,L,E,V,E,V
3070,Chino Loco 2,L,E,E,L,L,L,V,E,E,V
3071,Chino Loco 3,E,E,V,E,L,L,V,V,E,V
3072,Chino Loco 4,E,V,E,L,E,E,L,L,V,V
3073,CHINO PATRICIO,L,V,V,L,L,L,V,L,L,L
3074,CHINO PATRICIO,L,L,V,V,L,E,L,V,L,L
3075,CHINO PATRICIO,L,E,V,L,L,L,L,L,L,L
3076,CHINO PATRICIO,L,V,V,E,V,L,V,L,V,L
3077,CHINO PATRICIO,L,L,V,L,E,L,E,V,E,L
3078,CHINO PATRICIO,L,V,V,L,L,L,L,L,L,L
3079,Chivas fc,L,E,E,E,L,L,V,L,V,L
3080,Chivas fc,E,V,E,E,L,L,V,L,V,V
3081,Chivas fc,E,E,V,L,E,L,V,L,V,V
3082,Chivas fc,L,E,E,V,E,L,V,L,V,V
3083,chivees alvarez ,L,E,E,E,L,L,E,L,E,E
3084,chivees alvarez ,L,E,E,E,L,L,E,L,V,E
3085,Chivito,L,V,E,L,L,V,L,L,E,L
3086,Chivito,E,L,V,L,E,V,L,L,L,L
3087,Chivito,V,L,E,L,V,L,V,V,V,E
3088,Chivito,L,L,L,L,L,L,L,V,E,L
3089,Chivito,E,E,V,L,L,V,L,E,E,L
3090,Chivito,V,V,E,L,L,V,V,V,V,L
3091,Chivito,V,L,L,L,L,L,E,E,L,V
3092,Chivito,E,E,V,V,V,V,V,V,V,L
3093,Chivito,L,E,L,L,L,V,E,V,L,V
3094,Chole fc,L,V,V,V,L,E,L,L,V,L
3095,Chole fc,L,V,V,E,L,L,V,E,V,L
3096,CHOLICO ,L,L,V,V,L,L,L,L,V,L
3097,CHOLICO ,L,L,V,L,L,L,L,L,V,L
3098,CHOLICO ,L,V,V,V,L,L,L,L,V,L
3099,CHOLICO ,L,V,V,L,L,L,L,L,V,L
3100,Chompa 1,L,V,V,L,L,L,E,L,E,L
3101,Chompa 1,L,L,V,L,V,V,L,L,L,L
3102,Chompa 1,E,L,E,E,V,E,V,L,L,E
3103,Chompa 1,L,V,V,V,L,L,V,L,L,L
3104,Chompa 1,L,E,V,V,L,L,L,L,E,L
3105,Chonaldinho,L,E,V,E,L,L,E,L,L,L
3106,Chonaldinho,L,L,L,V,E,L,V,L,V,V
3107,CHRIS PEÑA,L,V,E,E,E,L,L,L,L,L
3108,CHRIS PEÑA,L,V,E,E,E,L,L,L,V,L
3109,CHRIS PEÑA,L,V,E,V,E,L,L,L,L,L
3110,CHRIS PEÑA,L,V,E,V,E,E,L,L,L,L
3111,CHRIS PEÑA,L,V,E,V,E,E,L,L,V,L
3112,CHRIS PEÑA,L,V,E,V,E,L,L,E,L,L
3113,CHRIS PEÑA,L,V,E,V,E,L,L,E,V,L
3114,CHRIS PEÑA,L,V,E,V,E,L,L,L,E,L
3115,CHRIS PEÑA,L,V,E,V,E,L,L,L,V,L
3116,CHRIS PEÑA,L,V,E,L,E,L,L,L,L,L
3117,CHRIS PEÑA,L,V,E,L,E,E,L,L,L,L
3118,CHRIS PEÑA,L,V,E,L,E,E,L,L,V,L
3119,CHRIS PEÑA,L,V,E,L,E,L,L,E,L,L
3120,CHRIS PEÑA,L,V,E,L,E,L,L,E,V,L
3121,CHRIS PEÑA,L,V,E,L,E,L,L,L,E,L
3122,CHRIS PEÑA,L,V,E,L,E,L,L,L,V,L
3123,CHRIS PEÑA,L,V,V,E,E,L,L,L,L,L
3124,CHRIS PEÑA,L,V,V,E,E,E,L,L,L,L
3125,CHRIS PEÑA,L,V,V,E,E,E,L,L,V,L
3126,CHRIS PEÑA,L,V,V,E,E,L,L,E,L,L
3127,CHRIS PEÑA,L,V,V,E,E,L,L,E,V,L
3128,CHRIS PEÑA,L,V,V,E,E,L,L,L,E,L
3129,CHRIS PEÑA,L,V,V,E,E,L,L,L,V,L
3130,CHRIS PEÑA,L,V,V,V,E,L,L,L,L,L
3131,CHRIS PEÑA,L,V,V,V,E,E,L,L,L,L
3132,CHRIS PEÑA,L,V,V,V,E,E,L,E,L,L
3133,CHRIS PEÑA,L,V,V,V,E,E,L,E,V,L
3134,CHRIS PEÑA,L,V,V,V,E,E,L,L,E,L
3135,CHRIS PEÑA,L,V,V,V,E,E,L,L,V,L
3136,CHRIS PEÑA,L,V,V,V,E,L,L,E,L,L
3137,CHRIS PEÑA,L,V,V,V,E,L,L,E,E,L
3138,CHRIS PEÑA,L,V,V,V,E,L,L,E,V,L
3139,CHRIS PEÑA,L,V,V,V,E,L,L,L,E,L
3140,CHRIS PEÑA,L,V,V,V,E,L,L,L,V,L
3141,CHRIS PEÑA,L,V,V,L,E,L,L,L,L,L
3142,CHRIS PEÑA,L,V,V,L,E,E,L,L,L,L
3143,CHRIS PEÑA,L,V,V,L,E,E,L,E,L,L
3144,CHRIS PEÑA,L,V,V,L,E,E,L,E,V,L
3145,CHRIS PEÑA,L,V,V,L,E,E,L,L,E,L
3146,CHRIS PEÑA,L,V,V,L,E,E,L,L,V,L
3147,CHRIS PEÑA,L,V,V,L,E,L,L,E,L,L
3148,CHRIS PEÑA,L,V,V,L,E,L,L,E,E,L
3149,CHRIS PEÑA,L,V,V,L,E,L,L,E,V,L
3150,CHRIS PEÑA,L,V,V,L,E,L,L,L,E,L
3151,CHRIS PEÑA,L,V,V,L,E,L,L,L,V,L
3152,CHRIS PEÑA,L,V,L,E,E,L,L,L,L,L
3153,CHRIS PEÑA,L,V,L,E,E,L,L,E,L,L
3154,CHRIS PEÑA,L,V,L,E,E,L,L,E,V,L
3155,CHRIS PEÑA,L,V,L,E,E,L,L,L,E,L
3156,CHRIS PEÑA,L,V,L,E,E,L,L,L,V,L
3157,CHRIS PEÑA,L,V,L,V,E,L,L,L,L,L
3158,CHRIS PEÑA,L,V,L,V,E,L,L,E,L,L
3159,CHRIS PEÑA,L,V,L,V,E,L,L,E,E,L
3160,CHRIS PEÑA,L,V,L,V,E,L,L,E,V,L
3161,CHRIS PEÑA,L,V,L,V,E,L,L,L,E,L
3162,CHRIS PEÑA,L,V,L,V,E,L,L,L,V,L
3163,CHRIS PEÑA,L,V,L,L,E,L,L,L,L,L
3164,CHRIS PEÑA,L,V,L,L,E,L,L,E,L,L
3165,CHRIS PEÑA,L,V,L,L,E,L,L,E,E,L
3166,CHRIS PEÑA,L,V,L,L,E,L,L,E,V,L
3167,CHRIS PEÑA,L,V,L,L,E,L,L,L,E,L
3168,CHRIS PEÑA,L,V,L,L,E,L,L,L,V,L
3169,Chris Tovar,L,V,V,E,L,V,V,L,V,V
3170,Christian Alberto,E,E,L,E,E,L,E,L,E,L
3171,Christian Alberto,L,L,L,L,L,L,L,L,L,L
3172,Christian Alberto,L,E,V,E,L,L,E,L,L,L
3173,Christian Alberto,L,E,V,E,V,E,E,L,E,L
3174,Christian Alberto,L,E,V,E,L,E,E,L,E,L
3175,Christian juangorena,L,L,V,L,L,L,V,L,L,L
3176,Christian juangorena,L,E,V,L,E,L,E,L,E,L
3177,Christian juangorena,L,L,L,L,L,L,L,L,L,L
3178,Christian Navarro 7,E,E,V,L,L,V,V,E,L,L
3179,Christian Navarro 7,L,E,V,V,L,V,V,E,L,L
3180,Chuma Cervantes ,L,V,V,L,E,L,L,L,E,L
3181,Chuma Cervantes ,L,V,V,E,E,L,L,L,E,L
3182,Chuma Cervantes ,L,E,V,L,E,L,L,L,E,L
3183,Chuma Cervantes ,L,E,V,E,E,L,L,L,E,L
3184,Chupys,L,E,V,L,L,E,V,V,L,V
3185,Chupys,L,V,V,L,L,E,V,L,E,E
3186,Chuy cisneros,L,E,V,E,L,L,V,L,L,L
3187,Chuy cisneros,L,L,V,L,L,L,V,L,E,L
3188,Chuy cisneros,L,V,V,V,L,E,V,L,L,L
3189,Chuy cisneros,L,L,V,L,L,E,E,L,L,L
3190,Chuy cisneros,E,L,V,L,L,E,L,E,L,L
3191,Chuy el grande,L,E,V,E,L,L,E,L,L,E
3192,Chuy el grande,L,L,V,E,L,E,V,L,E,E
3193,Chuy el grande,E,E,V,L,E,L,V,E,V,L
3194,Chuy el grande,E,V,E,V,L,E,L,E,L,V
3195,Chuy el grande,L,V,V,V,E,E,L,E,V,L
3196,Chuy el grande,L,E,E,V,V,E,V,L,E,V
3197,Chuy el grande,E,L,E,L,V,L,V,L,V,L
3198,Chuy el grande,V,E,V,V,L,E,L,E,E,E
3199,Chuy el grande,E,V,V,L,E,L,E,L,E,L
3200,Chuy el grande,L,V,V,V,V,E,L,E,V,V
3201,Chuy Sánchez,L,V,V,L,V,L,V,L,L,V
3202,Chuy Sánchez,L,V,V,V,V,E,V,V,E,V
3203,CHUY81,L,E,V,L,L,L,L,E,E,L
3204,CHUY81,L,L,V,L,E,L,V,L,L,L
3205,Chuzo reyes,L,E,V,V,L,L,V,L,E,L
3206,Clau Rodríguez A,L,E,V,L,L,L,E,L,E,V
3207,Claviyazo,L,L,V,V,L,L,V,L,E,V
3208,Claviyazo,L,V,V,V,L,L,V,L,E,V
3209,Club el grifo JM ,L,E,E,L,E,L,E,E,L,V
3210,Club el grifo JM ,L,E,E,V,E,L,E,E,L,V
3211,Club el grifo JM ,L,V,E,L,E,L,E,E,L,V
3212,Club el grifo JM ,L,V,E,V,E,L,E,E,L,V
3213,Club Leónidas ,L,E,L,L,L,L,E,L,L,V
3214,Club Leónidas ,L,E,L,L,L,L,E,L,E,V
3215,Club Leónidas ,L,E,L,L,E,L,E,L,L,V
3216,Club Leónidas ,L,E,L,L,E,L,E,L,E,V
3217,Club Leónidas ,L,E,L,E,L,L,E,L,L,V
3218,Club Leónidas ,L,E,L,E,L,L,E,L,E,V
3219,Club Leónidas ,L,E,L,E,E,L,E,L,L,V
3220,Club Leónidas ,L,E,L,E,E,L,E,L,E,V
3221,Club Leónidas ,L,E,E,L,L,L,E,L,L,V
3222,Club Leónidas ,L,E,E,L,L,L,E,L,E,V
3223,Club Leónidas ,L,E,E,L,E,L,E,L,L,V
3224,Club Leónidas ,L,E,E,L,E,L,E,L,E,V
3225,Club Leónidas ,L,E,E,E,L,L,E,L,L,V
3226,Club Leónidas ,L,E,E,E,L,L,E,L,E,V
3227,Club Leónidas ,L,E,E,E,E,L,E,L,L,V
3228,Club Leónidas ,L,E,E,E,E,L,E,L,E,V
3229,Club Leónidas ,L,E,V,L,L,L,E,L,L,V
3230,Club Leónidas ,L,E,V,L,L,L,E,L,E,V
3231,Club Leónidas ,L,E,V,L,E,L,E,L,L,V
3232,Club Leónidas ,L,E,V,L,E,L,E,L,E,V
3233,Club Leónidas ,L,E,V,E,L,L,E,L,L,V
3234,Club Leónidas ,L,E,V,E,L,L,E,L,E,V
3235,Club Leónidas ,L,E,V,E,E,L,E,L,L,V
3236,Club Leónidas ,L,E,V,E,E,L,E,L,E,V
3237,Club Leónidas ,E,E,L,L,L,L,E,L,L,V
3238,Club Leónidas ,E,E,L,L,L,L,E,L,E,V
3239,Club Leónidas ,E,E,L,L,E,L,E,L,L,V
3240,Club Leónidas ,E,E,L,L,E,L,E,L,E,V
3241,Club Leónidas ,E,E,L,E,L,L,E,L,L,V
3242,Club Leónidas ,E,E,L,E,L,L,E,L,E,V
3243,Club Leónidas ,E,E,L,E,E,L,E,L,L,V
3244,Club Leónidas ,E,E,L,E,E,L,E,L,E,V
3245,Club Leónidas ,E,E,E,L,L,L,E,L,L,V
3246,Club Leónidas ,E,E,E,L,L,L,E,L,E,V
3247,Club Leónidas ,E,E,E,L,E,L,E,L,L,V
3248,Club Leónidas ,E,E,E,L,E,L,E,L,E,V
3249,Club Leónidas ,E,E,E,E,L,L,E,L,L,V
3250,Club Leónidas ,E,E,E,E,L,L,E,L,E,V
3251,Club Leónidas ,E,E,E,E,E,L,E,L,L,V
3252,Club Leónidas ,E,E,E,E,E,L,E,L,E,V
3253,Club Leónidas ,E,E,V,L,L,L,E,L,L,V
3254,Club Leónidas ,E,E,V,L,L,L,E,L,E,V
3255,Club Leónidas ,E,E,V,L,E,L,E,L,L,V
3256,Club Leónidas ,E,E,V,L,E,L,E,L,E,V
3257,Club Leónidas ,E,E,V,E,L,L,E,L,L,V
3258,Club Leónidas ,E,E,V,E,L,L,E,L,E,V
3259,Club Leónidas ,E,E,V,E,E,L,E,L,L,V
3260,Club Leónidas ,E,E,V,E,E,L,E,L,E,V
3261,Club Leónidas ,V,E,L,L,L,L,E,L,L,V
3262,Club Leónidas ,V,E,L,L,L,L,E,L,E,V
3263,Club Leónidas ,V,E,L,L,E,L,E,L,L,V
3264,Club Leónidas ,V,E,L,L,E,L,E,L,E,V
3265,Club Leónidas ,V,E,L,E,L,L,E,L,L,V
3266,Club Leónidas ,V,E,L,E,L,L,E,L,E,V
3267,Club Leónidas ,V,E,L,E,E,L,E,L,L,V
3268,Club Leónidas ,V,E,L,E,E,L,E,L,E,V
3269,Club Leónidas ,V,E,E,L,L,L,E,L,L,V
3270,Club Leónidas ,V,E,E,L,L,L,E,L,E,V
3271,Club Leónidas ,V,E,E,L,E,L,E,L,L,V
3272,Club Leónidas ,V,E,E,L,E,L,E,L,E,V
3273,Club Leónidas ,V,E,E,E,L,L,E,L,L,V
3274,Club Leónidas ,V,E,E,E,L,L,E,L,E,V
3275,Club Leónidas ,V,E,E,E,E,L,E,L,L,V
3276,Club Leónidas ,V,E,E,E,E,L,E,L,E,V
3277,Club Leónidas ,V,E,V,L,L,L,E,L,L,V
3278,Club Leónidas ,V,E,V,L,L,L,E,L,E,V
3279,Club Leónidas ,V,E,V,L,E,L,E,L,L,V
3280,Club Leónidas ,V,E,V,L,E,L,E,L,E,V
3281,Club Leónidas ,V,E,V,E,L,L,E,L,L,V
3282,Club Leónidas ,V,E,V,E,L,L,E,L,E,V
3283,Club Leónidas ,V,E,V,E,E,L,E,L,L,V
3284,Club Leónidas ,V,E,V,E,E,L,E,L,E,V
3285,Club mini Leónidas ,E,E,L,L,E,V,V,L,E,V
3286,Club mini Leónidas ,E,E,L,L,E,V,V,L,V,V
3287,Club Sergio JM ,L,E,L,E,L,L,E,E,L,V
3288,Club Sergio JM ,L,E,L,E,L,L,E,E,E,V
3289,Club Sergio JM ,L,E,L,E,L,E,E,E,L,V
3290,Club Sergio JM ,L,E,L,E,L,E,E,E,E,V
3291,Club Sergio JM ,L,E,L,E,E,L,E,E,L,V
3292,Club Sergio JM ,L,E,L,E,E,L,E,E,E,V
3293,Club Sergio JM ,L,E,L,E,E,E,E,E,L,V
3294,Club Sergio JM ,L,E,L,E,E,E,E,E,E,V
3295,Club Sergio JM ,L,E,E,E,L,L,E,E,L,V
3296,Club Sergio JM ,L,E,E,E,L,L,E,E,E,V
3297,Club Sergio JM ,L,E,E,E,L,E,E,E,L,V
3298,Club Sergio JM ,L,E,E,E,L,E,E,E,E,V
3299,Club Sergio JM ,L,E,E,E,E,L,E,E,L,V
3300,Club Sergio JM ,L,E,E,E,E,L,E,E,E,V
3301,Club Sergio JM ,L,E,E,E,E,E,E,E,L,V
3302,Club Sergio JM ,L,E,E,E,E,E,E,E,E,V
3303,Club Sergio JM ,E,E,L,E,L,L,E,E,L,V
3304,Club Sergio JM ,E,E,L,E,L,L,E,E,E,V
3305,Club Sergio JM ,E,E,L,E,L,E,E,E,L,V
3306,Club Sergio JM ,E,E,L,E,L,E,E,E,E,V
3307,Club Sergio JM ,E,E,L,E,E,L,E,E,L,V
3308,Club Sergio JM ,E,E,L,E,E,L,E,E,E,V
3309,Club Sergio JM ,E,E,L,E,E,E,E,E,L,V
3310,Club Sergio JM ,E,E,L,E,E,E,E,E,E,V
3311,Club Sergio JM ,E,E,E,E,L,L,E,E,L,V
3312,Club Sergio JM ,E,E,E,E,L,L,E,E,E,V
3313,Club Sergio JM ,E,E,E,E,L,E,E,E,L,V
3314,Club Sergio JM ,E,E,E,E,L,E,E,E,E,V
3315,Club Sergio JM ,E,E,E,E,E,L,E,E,L,V
3316,Club Sergio JM ,E,E,E,E,E,L,E,E,E,V
3317,Club Sergio JM ,E,E,E,E,E,E,E,E,L,V
3318,Club Sergio JM ,E,E,E,E,E,E,E,E,E,V
3319,Cocol ortiz,L,V,E,V,E,E,E,L,E,V
3320,Cocol ortiz,L,E,V,L,L,L,L,E,L,L
3321,Cocol ortiz,L,L,L,V,V,V,L,V,V,L
3322,Cocol ortiz,V,E,V,V,V,V,E,E,L,V
3323,Codigo rojo ❤️❤️❤️,E,V,E,E,L,E,L,E,E,E
3324,Codigo rojo ❤️❤️❤️,L,L,V,L,E,V,V,V,E,V
3325,Codigo rojo ❤️❤️❤️,L,E,V,L,E,L,V,L,E,L
3326,Codigo rojo ❤️❤️❤️,E,E,V,E,V,E,L,V,V,E
3327,Codigo rojo ❤️❤️❤️,L,L,L,V,E,V,V,E,E,E
3328,Codigo rojo ❤️❤️❤️,E,V,V,E,E,E,V,L,V,V
3329,Codigo rojo ❤️❤️❤️,L,E,E,E,V,V,L,L,V,E
3330,Codigo rojo ❤️❤️❤️,L,L,V,E,L,E,E,E,V,L
3331,Concayam26,L,L,V,L,L,L,L,L,L,L
3332,Concayam26,E,L,L,V,E,V,L,L,E,L
3333,Conejito Papus,L,E,V,V,L,L,V,E,L,L
3334,Conejito Papus,L,L,V,E,L,L,E,L,V,L
3335,Corrales Amarillas� ,L,E,V,V,L,L,L,L,V,L
3336,Corrales Amarillas� ,L,E,V,V,L,L,L,E,V,L
3337,Corrales Amarillas� ,L,E,V,V,L,L,E,L,V,L
3338,Corrales Amarillas� ,L,E,V,V,L,L,E,E,V,L
3339,Corrales Amarillas� ,L,E,V,V,L,L,V,L,V,L
3340,Corrales Amarillas� ,L,E,V,V,L,L,V,E,V,L
3341,Corrales Amarillas� ,L,E,V,L,L,L,L,L,V,L
3342,Corrales Amarillas� ,L,E,V,L,L,L,L,E,V,L
3343,Corrales Amarillas� ,L,E,V,L,L,L,E,L,V,L
3344,Corrales Amarillas� ,L,E,V,L,L,L,E,E,V,L
3345,Corrales Amarillas� ,L,E,V,L,L,L,V,L,V,L
3346,Corrales Amarillas� ,L,E,V,L,L,L,V,E,V,L
3347,Corrales Amarillas� ,L,L,V,V,L,L,L,L,V,L
3348,Corrales Amarillas� ,L,L,V,V,L,L,L,E,V,L
3349,Corrales Amarillas� ,L,L,V,V,L,L,E,L,V,L
3350,Corrales Amarillas� ,L,L,V,V,L,L,E,E,V,L
3351,Corrales Amarillas� ,L,L,V,V,L,L,V,L,V,L
3352,Corrales Amarillas� ,L,L,V,V,L,L,V,E,V,L
3353,Corrales Amarillas� ,L,L,V,L,L,L,L,L,V,L
3354,Corrales Amarillas� ,L,L,V,L,L,L,L,E,V,L
3355,Corrales Amarillas� ,L,L,V,L,L,L,E,L,V,L
3356,Corrales Amarillas� ,L,L,V,L,L,L,E,E,V,L
3357,Corrales Amarillas� ,L,L,V,L,L,L,V,L,V,L
3358,Corrales Amarillas� ,L,L,V,L,L,L,V,E,V,L
3359,Corrales Amarillas� ,L,V,V,V,L,L,L,L,V,L
3360,Corrales Amarillas� ,L,V,V,V,L,L,L,E,V,L
3361,Corrales Amarillas� ,L,V,V,V,L,L,E,L,V,L
3362,Corrales Amarillas� ,L,V,V,V,L,L,E,E,V,L
3363,Corrales Amarillas� ,L,V,V,V,L,L,V,L,V,L
3364,Corrales Amarillas� ,L,V,V,V,L,L,V,E,V,L
3365,Corrales Amarillas� ,L,V,V,L,L,L,L,L,V,L
3366,Corrales Amarillas� ,L,V,V,L,L,L,L,E,V,L
3367,Corrales Amarillas� ,L,V,V,L,L,L,E,L,V,L
3368,Corrales Amarillas� ,L,V,V,L,L,L,E,E,V,L
3369,Corrales Amarillas� ,L,V,V,L,L,L,V,L,V,L
3370,Corrales Amarillas� ,L,V,V,L,L,L,V,E,V,L
3371,Corrales Amarillas� ,L,E,V,V,E,L,E,L,V,E
3372,Corrales Amarillas� ,L,E,V,V,E,L,L,L,V,E
3373,Covv,L,L,V,L,L,L,L,E,L,L
3374,Covv,L,E,V,E,L,E,E,E,E,E
3375,Covv,L,L,V,L,L,L,V,L,L,L
3376,Covv,E,L,V,V,V,V,V,E,E,E
3377,Cr star go,L,V,V,E,L,L,V,L,L,L
3378,Cr star go,E,V,V,L,L,E,V,L,L,V
3379,Crack10€,L,V,V,E,E,E,E,E,L,E
3380,Crack10€,L,V,V,V,L,L,L,L,L,L
3381,Crack10€,L,E,V,L,E,L,E,L,L,E
3382,Crack10€,V,L,E,L,V,V,V,V,E,V
3383,Crack10€,E,E,V,E,E,L,E,E,E,L
3384,cristal casiano,L,V,E,E,L,L,V,E,E,L
3385,cristal casiano,L,E,V,V,L,L,E,L,E,V
3386,Cristian Lalo CR7,L,L,V,L,L,L,V,L,L,L
3387,Cristian Lalo CR7,L,V,V,E,V,E,L,L,V,V
3388,CRISTIAN MEDINA,L,E,V,E,L,L,E,L,L,E
3389,CRISTIAN MEDINA,L,V,V,V,E,L,V,L,L,V
3390,Cristopher chavez,L,V,V,L,L,L,L,L,V,V
3391,Cristopher chavez,L,E,V,E,L,L,L,V,L,V
3392,CRO FC,L,V,V,E,E,L,E,V,E,L
3393,CRO FC ,L,L,V,E,L,L,V,L,L,V
3394,CRO FC ,L,L,V,E,L,L,V,E,L,V
3395,CRO FC ,L,L,V,E,V,L,V,L,L,V
3396,CRO FC ,L,L,V,E,V,L,V,E,L,V
3397,CRO FC ,L,L,V,L,L,L,V,L,L,V
3398,CRO FC ,L,L,V,L,L,L,V,E,L,V
3399,CRO FC ,L,L,V,L,V,L,V,L,L,V
3400,CRO FC ,L,L,V,L,V,L,V,E,L,V
3401,CRO FC ,L,E,V,E,L,L,V,L,L,V
3402,CRO FC ,L,E,V,E,L,L,V,E,L,V
3403,CRO FC ,L,E,V,E,V,L,V,L,L,V
3404,CRO FC ,L,E,V,E,V,L,V,E,L,V
3405,CRO FC ,L,E,V,L,L,L,V,L,L,V
3406,CRO FC ,L,E,V,L,L,L,V,E,L,V
3407,CRO FC ,L,E,V,L,V,L,V,L,L,V
3408,CRO FC ,L,E,V,L,V,L,V,E,L,V
3409,Cruz gume,L,E,V,L,E,L,L,L,E,L
3410,Cruz gume,L,L,V,L,L,L,L,E,E,E
3411,CRUZILLO,L,L,V,E,L,V,V,E,E,E
3412,CRUZILLO,E,E,E,V,E,L,L,L,V,L
3413,CRUZILLO,L,V,V,L,E,E,V,V,L,E
3414,Cuatrero 80,L,E,V,E,E,E,E,E,E,L
3415,Cuatrero 80 ,L,V,V,L,L,L,L,L,L,L
3416,Cuatrero 80 ,L,V,V,L,L,L,L,L,V,L
3417,Cuatrero 80 ,L,V,V,V,L,L,L,L,L,L
3418,Cuatrero 80 ,L,V,V,V,L,L,L,L,V,L
3419,Cuchitril,L,E,V,V,L,L,V,L,L,L
3420,Cuchitril,L,L,E,E,L,L,V,L,L,L
3421,Cuchitril,E,V,L,L,E,V,L,V,V,V
3422,Cuchitril,V,E,V,V,L,L,V,L,L,E
3423,Cuchitril,L,V,V,L,L,L,L,L,L,L
3424,CUER-ALEMAN,L,L,E,E,V,E,L,L,L,L
3425,CUER-PEPE TIGRE 1,L,E,V,L,E,L,V,L,L,E
3426,CUER-PEPE TIGRE 2,E,V,V,E,V,E,E,L,E,E
3427,CUER-PEPE TIGRE 3,L,L,V,L,E,L,V,L,L,L
3428,CUER-PEPE TIGRE 4,E,E,V,E,L,E,E,E,E,V
3429,CUER-PEPE TIGRE 5,L,E,E,L,L,L,L,L,L,L
3430,CUER-PEPE TIGRE 6,E,E,E,E,L,L,E,E,E,L
3431,CUER-PEPE TIGRE 7,V,V,V,E,E,L,E,L,E,E
3432,CUER-PEPE TIGRE 8,L,L,V,L,E,L,V,E,V,V
3433,CUER-TANIA,L,V,V,L,V,L,L,L,L,L
3434,Culuman...,L,V,V,L,E,L,E,L,V,L
3435,Culuman...,L,E,V,V,L,V,L,V,L,V
3436,Cutberto,L,V,V,L,V,L,V,V,V,L
3437,Cutberto,E,L,V,E,V,V,V,L,V,L
3438,Cutberto,L,E,V,L,V,V,E,L,E,L
3439,Cutberto,V,V,V,L,E,E,L,L,V,L
3440,Cutberto,L,V,V,L,V,V,V,L,V,L
3441,cutberto Peña,L,V,V,L,V,L,L,L,E,L
3442,cutberto Peña,E,V,L,V,L,L,L,V,E,V
3443,D23dm,L,E,V,V,L,E,L,L,V,L
3444,D23dm,L,V,V,V,L,E,L,L,E,L
3445,D23dm,V,E,L,E,L,L,L,L,L,L
3446,DAFFY DUCK ,L,V,V,L,L,L,L,L,L,L
3447,DAFFY DUCK ,L,V,V,L,L,L,L,L,E,L
3448,DAFFY DUCK ,L,V,V,L,L,L,L,L,V,L
3449,DAFFY DUCK ,L,V,V,L,L,L,L,E,L,L
3450,DAFFY DUCK ,L,V,V,L,L,L,L,E,E,L
3451,DAFFY DUCK ,L,V,V,L,L,L,L,E,V,L
3452,DAFFY DUCK ,L,V,V,L,L,L,V,L,L,L
3453,DAFFY DUCK ,L,V,V,L,L,L,V,L,E,L
3454,DAFFY DUCK ,L,V,V,L,L,L,V,L,V,L
3455,DAFFY DUCK ,L,V,V,L,L,L,V,E,L,L
3456,DAFFY DUCK ,L,V,V,L,L,L,V,E,E,L
3457,DAFFY DUCK ,L,V,V,L,L,L,V,E,V,L
3458,DAFFY DUCK ,L,V,V,L,L,L,E,L,L,L
3459,DAFFY DUCK ,L,V,V,L,L,L,E,L,E,L
3460,DAFFY DUCK ,L,V,V,L,L,L,E,L,V,L
3461,DAFFY DUCK ,L,V,V,L,L,L,E,E,L,L
3462,DAFFY DUCK ,L,V,V,L,L,L,E,E,E,L
3463,DAFFY DUCK ,L,V,V,L,L,L,E,E,V,L
3464,DAFFY DUCK ,L,V,V,L,E,L,L,L,L,L
3465,DAFFY DUCK ,L,V,V,L,E,L,L,L,E,L
3466,DAFFY DUCK ,L,V,V,L,E,L,L,L,V,L
3467,DAFFY DUCK ,L,V,V,L,E,L,L,E,L,L
3468,DAFFY DUCK ,L,V,V,L,E,L,L,E,E,L
3469,DAFFY DUCK ,L,V,V,L,E,L,L,E,V,L
3470,DAFFY DUCK ,L,V,V,L,E,L,V,L,L,L
3471,DAFFY DUCK ,L,V,V,L,E,L,V,L,E,L
3472,DAFFY DUCK ,L,V,V,L,E,L,V,L,V,L
3473,DAFFY DUCK ,L,V,V,L,E,L,V,E,L,L
3474,DAFFY DUCK ,L,V,V,L,E,L,V,E,E,L
3475,DAFFY DUCK ,L,V,V,L,E,L,V,E,V,L
3476,DAFFY DUCK ,L,V,V,L,E,L,E,L,L,L
3477,DAFFY DUCK ,L,V,V,L,E,L,E,L,E,L
3478,DAFFY DUCK ,L,V,V,L,E,L,E,L,V,L
3479,DAFFY DUCK ,L,V,V,L,E,L,E,E,L,L
3480,DAFFY DUCK ,L,V,V,L,E,L,E,E,E,L
3481,DAFFY DUCK ,L,V,V,L,E,L,E,E,V,L
3482,DAFFY DUCK ,L,V,V,E,L,L,L,L,L,L
3483,DAFFY DUCK ,L,V,V,E,L,L,L,L,E,L
3484,DAFFY DUCK ,L,V,V,E,L,L,L,L,V,L
3485,DAFFY DUCK ,L,V,V,E,L,L,L,E,L,L
3486,DAFFY DUCK ,L,V,V,E,L,L,L,E,E,L
3487,DAFFY DUCK ,L,V,V,E,L,L,L,E,V,L
3488,DAFFY DUCK ,L,V,V,E,L,L,V,L,L,L
3489,DAFFY DUCK ,L,V,V,E,L,L,V,L,E,L
3490,DAFFY DUCK ,L,V,V,E,L,L,V,L,V,L
3491,DAFFY DUCK ,L,V,V,E,L,L,V,E,L,L
3492,DAFFY DUCK ,L,V,V,E,L,L,V,E,E,L
3493,DAFFY DUCK ,L,V,V,E,L,L,V,E,V,L
3494,DAFFY DUCK ,L,V,V,E,L,L,E,L,L,L
3495,DAFFY DUCK ,L,V,V,E,L,L,E,L,E,L
3496,DAFFY DUCK ,L,V,V,E,L,L,E,L,V,L
3497,DAFFY DUCK ,L,V,V,E,L,L,E,E,L,L
3498,DAFFY DUCK ,L,V,V,E,L,L,E,E,E,L
3499,DAFFY DUCK ,L,V,V,E,L,L,E,E,V,L
3500,DAFFY DUCK ,L,V,V,E,E,L,L,L,L,L
3501,DAFFY DUCK ,L,V,V,E,E,L,L,L,E,L
3502,DAFFY DUCK ,L,V,V,E,E,L,L,L,V,L
3503,DAFFY DUCK ,L,V,V,E,E,L,L,E,L,L
3504,DAFFY DUCK ,L,V,V,E,E,L,L,E,E,L
3505,DAFFY DUCK ,L,V,V,E,E,L,L,E,V,L
3506,DAFFY DUCK ,L,V,V,E,E,L,V,L,L,L
3507,DAFFY DUCK ,L,V,V,E,E,L,V,L,E,L
3508,DAFFY DUCK ,L,V,V,E,E,L,V,L,V,L
3509,DAFFY DUCK ,L,V,V,E,E,L,V,E,L,L
3510,DAFFY DUCK ,L,V,V,E,E,L,V,E,E,L
3511,DAFFY DUCK ,L,V,V,E,E,L,V,E,V,L
3512,DAFFY DUCK ,L,V,V,E,E,L,E,L,L,L
3513,DAFFY DUCK ,L,V,V,E,E,L,E,L,E,L
3514,DAFFY DUCK ,L,V,V,E,E,L,E,L,V,L
3515,DAFFY DUCK ,L,V,V,E,E,L,E,E,L,L
3516,DAFFY DUCK ,L,V,V,E,E,L,E,E,E,L
3517,DAFFY DUCK ,L,V,V,E,E,L,E,E,V,L
3518,DAFFY DUCK ,L,V,V,V,L,L,L,L,L,L
3519,DAFFY DUCK ,L,V,V,V,L,L,L,L,E,L
3520,DAFFY DUCK ,L,V,V,V,L,L,L,L,V,L
3521,DAFFY DUCK ,L,V,V,V,L,L,L,E,L,L
3522,DAFFY DUCK ,L,V,V,V,L,L,L,E,E,L
3523,DAFFY DUCK ,L,V,V,V,L,L,L,E,V,L
3524,DAFFY DUCK ,L,V,V,V,L,L,V,L,L,L
3525,DAFFY DUCK ,L,V,V,V,L,L,V,L,E,L
3526,DAFFY DUCK ,L,V,V,V,L,L,V,L,V,L
3527,DAFFY DUCK ,L,V,V,V,L,L,V,E,L,L
3528,DAFFY DUCK ,L,V,V,V,L,L,V,E,E,L
3529,DAFFY DUCK ,L,V,V,V,L,L,V,E,V,L
3530,DAFFY DUCK ,L,V,V,V,L,L,E,L,L,L
3531,DAFFY DUCK ,L,V,V,V,L,L,E,L,E,L
3532,DAFFY DUCK ,L,V,V,V,L,L,E,L,V,L
3533,DAFFY DUCK ,L,V,V,V,L,L,E,E,L,L
3534,DAFFY DUCK ,L,V,V,V,L,L,E,E,E,L
3535,DAFFY DUCK ,L,V,V,V,L,L,E,E,V,L
3536,DAFFY DUCK ,L,V,V,V,E,L,L,L,L,L
3537,DAFFY DUCK ,L,V,V,V,E,L,L,L,E,L
3538,DAFFY DUCK ,L,V,V,V,E,L,L,L,V,L
3539,DAFFY DUCK ,L,V,V,V,E,L,L,E,L,L
3540,DAFFY DUCK ,L,V,V,V,E,L,L,E,E,L
3541,DAFFY DUCK ,L,V,V,V,E,L,L,E,V,L
3542,DAFFY DUCK ,L,V,V,V,E,L,V,L,L,L
3543,DAFFY DUCK ,L,V,V,V,E,L,V,L,E,L
3544,DAFFY DUCK ,L,V,V,V,E,L,V,L,V,L
3545,DAFFY DUCK ,L,V,V,V,E,L,V,E,L,L
3546,DAFFY DUCK ,L,V,V,V,E,L,V,E,E,L
3547,DAFFY DUCK ,L,V,V,V,E,L,V,E,V,L
3548,DAFFY DUCK ,L,V,V,V,E,L,E,L,L,L
3549,DAFFY DUCK ,L,V,V,V,E,L,E,L,E,L
3550,DAFFY DUCK ,L,V,V,V,E,L,E,L,V,L
3551,DAFFY DUCK ,L,V,V,V,E,L,E,E,L,L
3552,DAFFY DUCK ,L,V,V,V,E,L,E,E,E,L
3553,DAFFY DUCK ,L,V,V,V,E,L,E,E,V,L
3554,DAFFY DUCK ,L,L,V,L,L,L,L,L,L,L
3555,DAFFY DUCK ,L,L,V,L,L,L,L,L,E,L
3556,DAFFY DUCK ,L,L,V,L,L,L,L,L,V,L
3557,DAFFY DUCK ,L,L,V,L,L,L,L,E,L,L
3558,DAFFY DUCK ,L,L,V,L,L,L,L,E,E,L
3559,DAFFY DUCK ,L,L,V,L,L,L,L,E,V,L
3560,DAFFY DUCK ,L,L,V,L,L,L,V,L,L,L
3561,DAFFY DUCK ,L,L,V,L,L,L,V,L,E,L
3562,DAFFY DUCK ,L,L,V,L,L,L,V,L,V,L
3563,DAFFY DUCK ,L,L,V,L,L,L,V,E,L,L
3564,DAFFY DUCK ,L,L,V,L,L,L,V,E,E,L
3565,DAFFY DUCK ,L,L,V,L,L,L,V,E,V,L
3566,DAFFY DUCK ,L,L,V,L,L,L,E,L,L,L
3567,DAFFY DUCK ,L,L,V,L,L,L,E,L,E,L
3568,DAFFY DUCK ,L,L,V,L,L,L,E,L,V,L
3569,DAFFY DUCK ,L,L,V,L,L,L,E,E,L,L
3570,DAFFY DUCK ,L,L,V,L,L,L,E,E,E,L
3571,DAFFY DUCK ,L,L,V,L,L,L,E,E,V,L
3572,DAFFY DUCK ,L,L,V,L,E,L,L,L,L,L
3573,DAFFY DUCK ,L,L,V,L,E,L,L,L,E,L
3574,DAFFY DUCK ,L,L,V,L,E,L,L,L,V,L
3575,DAFFY DUCK ,L,L,V,L,E,L,L,E,L,L
3576,DAFFY DUCK ,L,L,V,L,E,L,L,E,E,L
3577,DAFFY DUCK ,L,L,V,L,E,L,L,E,V,L
3578,DAFFY DUCK ,L,L,V,L,E,L,V,L,L,L
3579,DAFFY DUCK ,L,L,V,L,E,L,V,L,E,L
3580,DAFFY DUCK ,L,L,V,L,E,L,V,L,V,L
3581,DAFFY DUCK ,L,L,V,L,E,L,V,E,L,L
3582,DAFFY DUCK ,L,L,V,L,E,L,V,E,E,L
3583,DAFFY DUCK ,L,L,V,L,E,L,V,E,V,L
3584,DAFFY DUCK ,L,L,V,L,E,L,E,L,L,L
3585,DAFFY DUCK ,L,L,V,L,E,L,E,L,E,L
3586,DAFFY DUCK ,L,L,V,L,E,L,E,L,V,L
3587,DAFFY DUCK ,L,L,V,L,E,L,E,E,L,L
3588,DAFFY DUCK ,L,L,V,L,E,L,E,E,E,L
3589,DAFFY DUCK ,L,L,V,L,E,L,E,E,V,L
3590,DAFFY DUCK ,L,L,V,E,L,L,L,L,L,L
3591,DAFFY DUCK ,L,L,V,E,L,L,L,L,E,L
3592,DAFFY DUCK ,L,L,V,E,L,L,L,L,V,L
3593,DAFFY DUCK ,L,L,V,E,L,L,L,E,L,L
3594,DAFFY DUCK ,L,L,V,E,L,L,L,E,E,L
3595,DAFFY DUCK ,L,L,V,E,L,L,L,E,V,L
3596,DAFFY DUCK ,L,L,V,E,L,L,V,L,L,L
3597,DAFFY DUCK ,L,L,V,E,L,L,V,L,E,L
3598,DAFFY DUCK ,L,L,V,E,L,L,V,L,V,L
3599,DAFFY DUCK ,L,L,V,E,L,L,V,E,L,L
3600,DAFFY DUCK ,L,L,V,E,L,L,V,E,E,L
3601,DAFFY DUCK ,L,L,V,E,L,L,V,E,V,L
3602,DAFFY DUCK ,L,L,V,E,L,L,E,L,L,L
3603,DAFFY DUCK ,L,L,V,E,L,L,E,L,E,L
3604,DAFFY DUCK ,L,L,V,E,L,L,E,L,V,L
3605,DAFFY DUCK ,L,L,V,E,L,L,E,E,L,L
3606,DAFFY DUCK ,L,L,V,E,L,L,E,E,E,L
3607,DAFFY DUCK ,L,L,V,E,L,L,E,E,V,L
3608,DAFFY DUCK ,L,L,V,E,E,L,L,L,L,L
3609,DAFFY DUCK ,L,L,V,E,E,L,L,L,E,L
3610,DAFFY DUCK ,L,L,V,E,E,L,L,L,V,L
3611,DAFFY DUCK ,L,L,V,E,E,L,L,E,L,L
3612,DAFFY DUCK ,L,L,V,E,E,L,L,E,E,L
3613,DAFFY DUCK ,L,L,V,E,E,L,L,E,V,L
3614,DAFFY DUCK ,L,L,V,E,E,L,V,L,L,L
3615,DAFFY DUCK ,L,L,V,E,E,L,V,L,E,L
3616,DAFFY DUCK ,L,L,V,E,E,L,V,L,V,L
3617,DAFFY DUCK ,L,L,V,E,E,L,V,E,L,L
3618,DAFFY DUCK ,L,L,V,E,E,L,V,E,E,L
3619,DAFFY DUCK ,L,L,V,E,E,L,V,E,V,L
3620,DAFFY DUCK ,L,L,V,E,E,L,E,L,L,L
3621,DAFFY DUCK ,L,L,V,E,E,L,E,L,E,L
3622,DAFFY DUCK ,L,L,V,E,E,L,E,L,V,L
3623,DAFFY DUCK ,L,L,V,E,E,L,E,E,L,L
3624,DAFFY DUCK ,L,L,V,E,E,L,E,E,E,L
3625,DAFFY DUCK ,L,L,V,E,E,L,E,E,V,L
3626,DAFFY DUCK ,L,L,V,V,L,L,L,L,L,L
3627,DAFFY DUCK ,L,L,V,V,L,L,L,L,E,L
3628,DAFFY DUCK ,L,L,V,V,L,L,L,L,V,L
3629,DAFFY DUCK ,L,L,V,V,L,L,L,E,L,L
3630,DAFFY DUCK ,L,L,V,V,L,L,L,E,E,L
3631,DAFFY DUCK ,L,L,V,V,L,L,L,E,V,L
3632,DAFFY DUCK ,L,L,V,V,L,L,V,L,L,L
3633,DAFFY DUCK ,L,L,V,V,L,L,V,L,E,L
3634,DAFFY DUCK ,L,L,V,V,L,L,V,L,V,L
3635,DAFFY DUCK ,L,L,V,V,L,L,V,E,L,L
3636,DAFFY DUCK ,L,L,V,V,L,L,V,E,E,L
3637,DAFFY DUCK ,L,L,V,V,L,L,V,E,V,L
3638,DAFFY DUCK ,L,L,V,V,L,L,E,L,L,L
3639,DAFFY DUCK ,L,L,V,V,L,L,E,L,E,L
3640,DAFFY DUCK ,L,L,V,V,L,L,E,L,V,L
3641,DAFFY DUCK ,L,L,V,V,L,L,E,E,L,L
3642,DAFFY DUCK ,L,L,V,V,L,L,E,E,E,L
3643,DAFFY DUCK ,L,L,V,V,L,L,E,E,V,L
3644,DAFFY DUCK ,L,L,V,V,E,L,L,L,L,L
3645,DAFFY DUCK ,L,L,V,V,E,L,L,L,E,L
3646,DAFFY DUCK ,L,L,V,V,E,L,L,L,V,L
3647,DAFFY DUCK ,L,L,V,V,E,L,L,E,L,L
3648,DAFFY DUCK ,L,L,V,V,E,L,L,E,E,L
3649,DAFFY DUCK ,L,L,V,V,E,L,L,E,V,L
3650,DAFFY DUCK ,L,L,V,V,E,L,V,L,L,L
3651,DAFFY DUCK ,L,L,V,V,E,L,V,L,E,L
3652,DAFFY DUCK ,L,L,V,V,E,L,V,L,V,L
3653,DAFFY DUCK ,L,L,V,V,E,L,V,E,L,L
3654,DAFFY DUCK ,L,L,V,V,E,L,V,E,E,L
3655,DAFFY DUCK ,L,L,V,V,E,L,V,E,V,L
3656,DAFFY DUCK ,L,L,V,V,E,L,E,L,L,L
3657,DAFFY DUCK ,L,L,V,V,E,L,E,L,E,L
3658,DAFFY DUCK ,L,L,V,V,E,L,E,L,V,L
3659,DAFFY DUCK ,L,L,V,V,E,L,E,E,L,L
3660,DAFFY DUCK ,L,L,V,V,E,L,E,E,E,L
3661,DAFFY DUCK ,L,L,V,V,E,L,E,E,V,L
3662,DAFFY DUCK ,L,E,V,L,L,L,L,L,L,L
3663,DAFFY DUCK ,L,E,V,L,L,L,L,L,E,L
3664,DAFFY DUCK ,L,E,V,L,L,L,L,L,V,L
3665,DAFFY DUCK ,L,E,V,L,L,L,L,E,L,L
3666,DAFFY DUCK ,L,E,V,L,L,L,L,E,E,L
3667,DAFFY DUCK ,L,E,V,L,L,L,L,E,V,L
3668,DAFFY DUCK ,L,E,V,L,L,L,V,L,L,L
3669,DAFFY DUCK ,L,E,V,L,L,L,V,L,E,L
3670,DAFFY DUCK ,L,E,V,L,L,L,V,L,V,L
3671,DAFFY DUCK ,L,E,V,L,L,L,V,E,L,L
3672,DAFFY DUCK ,L,E,V,L,L,L,V,E,E,L
3673,DAFFY DUCK ,L,E,V,L,L,L,V,E,V,L
3674,DAFFY DUCK ,L,E,V,L,L,L,E,L,L,L
3675,DAFFY DUCK ,L,E,V,L,L,L,E,L,E,L
3676,DAFFY DUCK ,L,E,V,L,L,L,E,L,V,L
3677,DAFFY DUCK ,L,E,V,L,L,L,E,E,L,L
3678,DAFFY DUCK ,L,E,V,L,L,L,E,E,E,L
3679,DAFFY DUCK ,L,E,V,L,L,L,E,E,V,L
3680,DAFFY DUCK ,L,E,V,L,E,L,L,L,L,L
3681,DAFFY DUCK ,L,E,V,L,E,L,L,L,E,L
3682,DAFFY DUCK ,L,E,V,L,E,L,L,L,V,L
3683,DAFFY DUCK ,L,E,V,L,E,L,L,E,L,L
3684,DAFFY DUCK ,L,E,V,L,E,L,L,E,E,L
3685,DAFFY DUCK ,L,E,V,L,E,L,L,E,V,L
3686,DAFFY DUCK ,L,E,V,L,E,L,V,L,L,L
3687,DAFFY DUCK ,L,E,V,L,E,L,V,L,E,L
3688,DAFFY DUCK ,L,E,V,L,E,L,V,L,V,L
3689,DAFFY DUCK ,L,E,V,L,E,L,V,E,L,L
3690,DAFFY DUCK ,L,E,V,L,E,L,V,E,E,L
3691,DAFFY DUCK ,L,E,V,L,E,L,V,E,V,L
3692,DAFFY DUCK ,L,E,V,L,E,L,E,L,L,L
3693,DAFFY DUCK ,L,E,V,L,E,L,E,L,E,L
3694,DAFFY DUCK ,L,E,V,L,E,L,E,L,V,L
3695,DAFFY DUCK ,L,E,V,L,E,L,E,E,L,L
3696,DAFFY DUCK ,L,E,V,L,E,L,E,E,E,L
3697,DAFFY DUCK ,L,E,V,L,E,L,E,E,V,L
3698,DAFFY DUCK ,L,E,V,E,L,L,L,L,L,L
3699,DAFFY DUCK ,L,E,V,E,L,L,L,L,E,L
3700,DAFFY DUCK ,L,E,V,E,L,L,L,L,V,L
3701,DAFFY DUCK ,L,E,V,E,L,L,L,E,L,L
3702,DAFFY DUCK ,L,E,V,E,L,L,L,E,E,L
3703,DAFFY DUCK ,L,E,V,E,L,L,L,E,V,L
3704,DAFFY DUCK ,L,E,V,E,L,L,V,L,L,L
3705,DAFFY DUCK ,L,E,V,E,L,L,V,L,E,L
3706,DAFFY DUCK ,L,E,V,E,L,L,V,L,V,L
3707,DAFFY DUCK ,L,E,V,E,L,L,V,E,L,L
3708,DAFFY DUCK ,L,E,V,E,L,L,V,E,E,L
3709,DAFFY DUCK ,L,E,V,E,L,L,V,E,V,L
3710,DAFFY DUCK ,L,E,V,E,L,L,E,L,L,L
3711,DAFFY DUCK ,L,E,V,E,L,L,E,L,E,L
3712,DAFFY DUCK ,L,E,V,E,L,L,E,L,V,L
3713,DAFFY DUCK ,L,E,V,E,L,L,E,E,L,L
3714,DAFFY DUCK ,L,E,V,E,L,L,E,E,E,L
3715,DAFFY DUCK ,L,E,V,E,L,L,E,E,V,L
3716,DAFFY DUCK ,L,E,V,E,E,L,L,L,L,L
3717,DAFFY DUCK ,L,E,V,E,E,L,L,L,E,L
3718,DAFFY DUCK ,L,E,V,E,E,L,L,L,V,L
3719,DAFFY DUCK ,L,E,V,E,E,L,L,E,L,L
3720,DAFFY DUCK ,L,E,V,E,E,L,L,E,E,L
3721,DAFFY DUCK ,L,E,V,E,E,L,L,E,V,L
3722,DAFFY DUCK ,L,E,V,E,E,L,V,L,L,L
3723,DAFFY DUCK ,L,E,V,E,E,L,V,L,E,L
3724,DAFFY DUCK ,L,E,V,E,E,L,V,L,V,L
3725,DAFFY DUCK ,L,E,V,E,E,L,V,E,L,L
3726,DAFFY DUCK ,L,E,V,E,E,L,V,E,E,L
3727,DAFFY DUCK ,L,E,V,E,E,L,V,E,V,L
3728,DAFFY DUCK ,L,E,V,E,E,L,E,L,L,L
3729,DAFFY DUCK ,L,E,V,E,E,L,E,L,E,L
3730,DAFFY DUCK ,L,E,V,E,E,L,E,L,V,L
3731,DAFFY DUCK ,L,E,V,E,E,L,E,E,L,L
3732,DAFFY DUCK ,L,E,V,E,E,L,E,E,E,L
3733,DAFFY DUCK ,L,E,V,E,E,L,E,E,V,L
3734,DAFFY DUCK ,L,E,V,V,L,L,L,L,L,L
3735,DAFFY DUCK ,L,E,V,V,L,L,L,L,E,L
3736,DAFFY DUCK ,L,E,V,V,L,L,L,L,V,L
3737,DAFFY DUCK ,L,E,V,V,L,L,L,E,L,L
3738,DAFFY DUCK ,L,E,V,V,L,L,L,E,E,L
3739,DAFFY DUCK ,L,E,V,V,L,L,L,E,V,L
3740,DAFFY DUCK ,L,E,V,V,L,L,V,L,L,L
3741,DAFFY DUCK ,L,E,V,V,L,L,V,L,E,L
3742,DAFFY DUCK ,L,E,V,V,L,L,V,L,V,L
3743,DAFFY DUCK ,L,E,V,V,L,L,V,E,L,L
3744,DAFFY DUCK ,L,E,V,V,L,L,V,E,E,L
3745,DAFFY DUCK ,L,E,V,V,L,L,V,E,V,L
3746,DAFFY DUCK ,L,E,V,V,L,L,E,L,L,L
3747,DAFFY DUCK ,L,E,V,V,L,L,E,L,E,L
3748,DAFFY DUCK ,L,E,V,V,L,L,E,L,V,L
3749,DAFFY DUCK ,L,E,V,V,L,L,E,E,L,L
3750,DAFFY DUCK ,L,E,V,V,L,L,E,E,E,L
3751,DAFFY DUCK ,L,E,V,V,L,L,E,E,V,L
3752,DAFFY DUCK ,L,E,V,V,E,L,L,L,L,L
3753,DAFFY DUCK ,L,E,V,V,E,L,L,L,E,L
3754,DAFFY DUCK ,L,E,V,V,E,L,L,L,V,L
3755,DAFFY DUCK ,L,E,V,V,E,L,L,E,L,L
3756,DAFFY DUCK ,L,E,V,V,E,L,L,E,E,L
3757,DAFFY DUCK ,L,E,V,V,E,L,L,E,V,L
3758,DAFFY DUCK ,L,E,V,V,E,L,V,L,L,L
3759,DAFFY DUCK ,L,E,V,V,E,L,V,L,E,L
3760,DAFFY DUCK ,L,E,V,V,E,L,V,L,V,L
3761,DAFFY DUCK ,L,E,V,V,E,L,V,E,L,L
3762,DAFFY DUCK ,L,E,V,V,E,L,V,E,E,L
3763,DAFFY DUCK ,L,E,V,V,E,L,V,E,V,L
3764,DAFFY DUCK ,L,E,V,V,E,L,E,L,L,L
3765,DAFFY DUCK ,L,E,V,V,E,L,E,L,E,L
3766,DAFFY DUCK ,L,E,V,V,E,L,E,L,V,L
3767,DAFFY DUCK ,L,E,V,V,E,L,E,E,L,L
3768,DAFFY DUCK ,L,E,V,V,E,L,E,E,E,L
3769,DAFFY DUCK ,L,E,V,V,E,L,E,E,V,L
3770,DaltonBlack,E,L,E,L,E,L,E,V,E,E
3771,DaltonBlack,E,L,V,L,L,E,V,L,L,E
3772,DaltonBlack ,L,E,L,L,L,L,E,L,L,E
3773,DaltonBlack ,L,E,L,L,L,L,E,V,L,E
3774,DaltonBlack ,L,E,E,L,L,L,E,L,L,E
3775,DaltonBlack ,L,E,E,L,L,L,E,V,L,E
3776,DaltonBlack ,L,L,E,L,L,L,V,L,L,E
3777,DaltonBlack ,L,L,E,L,L,E,V,L,L,E
3778,DaltonBlack ,L,L,E,V,L,L,V,L,L,E
3779,DaltonBlack ,L,L,E,V,L,E,V,L,L,E
3780,DaltonBlack ,L,L,V,L,L,L,V,L,L,E
3781,DaltonBlack ,L,L,V,L,L,E,V,L,L,E
3782,DaltonBlack ,L,L,V,V,L,L,V,L,L,E
3783,DaltonBlack ,L,L,V,V,L,E,V,L,L,E
3784,DaltonBlack ,L,E,E,L,L,L,V,L,L,E
3785,DaltonBlack ,L,E,E,L,L,E,V,L,L,E
3786,DaltonBlack ,L,E,E,V,L,L,V,L,L,E
3787,DaltonBlack ,L,E,E,V,L,E,V,L,L,E
3788,DaltonBlack ,L,E,V,L,L,L,V,L,L,E
3789,DaltonBlack ,L,E,V,L,L,E,V,L,L,E
3790,DaltonBlack ,L,E,V,V,L,L,V,L,L,E
3791,DaltonBlack ,L,E,V,V,L,E,V,L,L,E
3792,Dani520,L,L,V,L,L,L,L,L,L,L
3793,Dani520,L,V,V,E,L,L,E,L,V,L
3794,Daniel,V,V,V,E,L,L,E,V,V,L
3795,Daniel,V,E,V,L,L,E,V,V,L,V
3796,Daniel,L,V,L,E,V,V,E,V,V,E
3797,Daniel,E,L,V,L,L,V,V,L,E,V
3798,Daniel 1986,L,E,V,V,L,E,V,E,L,E
3799,Daniel 1986,L,V,V,E,L,L,V,V,L,L
3800,Daniel 1986 ,L,E,V,V,L,V,L,E,L,E
3801,Daniel 1986 ,L,E,V,V,L,L,L,E,L,E
3802,Daniel de haro,L,E,V,E,L,L,E,L,E,L
3803,Daniel de haro,L,E,V,E,L,L,L,L,E,L
3804,Daniel de haro,L,L,E,E,L,E,L,L,E,L
3805,Daniel de haro,L,E,V,E,L,L,E,E,E,L
3806,Daniel de haro,L,V,L,E,L,E,E,L,E,L
3807,Daniel de haro,L,V,V,V,L,L,E,L,E,L
3808,Daniel de haro,L,V,V,E,L,L,E,E,V,L
3809,Daniel de haro,L,V,V,V,L,E,E,E,L,L
3810,Daniel de haro,L,E,E,E,L,L,E,L,E,L
3811,Daniel de haro,E,V,V,E,L,L,E,L,E,L
3812,Daniel de haro,E,E,L,V,L,L,V,L,E,L
3813,Daniel de haro,E,L,E,L,E,L,E,L,E,L
3814,Daniel de haro,E,E,E,E,L,L,V,E,V,L
3815,Daniel de haro,V,E,V,L,L,L,V,V,L,L
3816,Daniel de haro,V,V,V,V,E,L,E,L,E,L
3817,Daniel de haro,E,L,E,E,E,V,V,E,V,L
3818,Daniel de haro,L,E,V,E,E,E,E,L,L,L
3819,Daniel de haro,L,L,V,V,L,L,V,L,L,L
3820,Daniel de haro,E,L,E,V,L,E,E,L,V,L
3821,Daniel de haro,E,E,V,V,L,E,E,L,V,L
3822,Daniel Morales,L,E,V,E,L,L,E,L,E,L
3823,Daniel Mosqueda Mont,L,V,V,E,L,E,L,E,L,L
3824,Daniel Mosqueda Mont,E,E,V,L,L,E,L,V,E,V
3825,Daniel Mosqueda Mont,L,L,V,V,E,L,L,L,V,E
3826,Daniel Tovias,L,V,V,L,L,L,V,V,L,L
3827,Daniel Tovias,L,V,V,E,E,L,E,E,L,L
3828,DANIEL YADIER,L,V,V,L,L,L,L,L,V,L
3829,DANIEL YADIER,L,E,V,E,L,L,L,L,V,L
3830,Dany 97 😃,L,L,V,L,V,L,V,L,V,L
3831,Dany 97 😃,L,L,V,L,V,L,V,L,V,L
3832,Daris,L,L,V,E,L,L,E,L,E,L
3833,Daris 2,L,E,V,V,L,L,V,L,E,L
3834,DARKWOLF RLA ,E,E,L,E,L,L,E,E,L,L
3835,DARKWOLF RLA ,E,E,L,E,L,L,E,E,E,L
3836,DARKWOLF RLA ,E,E,L,V,L,L,E,E,L,L
3837,DARKWOLF RLA ,E,E,L,V,L,L,E,E,E,L
3838,DARKWOLF RLA ,E,E,E,E,L,L,E,E,L,L
3839,DARKWOLF RLA ,E,E,E,E,L,L,E,E,E,L
3840,DARKWOLF RLA ,E,E,E,V,L,L,E,E,L,L
3841,DARKWOLF RLA ,E,E,E,V,L,L,E,E,E,L
3842,DARKWOLF RLA ,E,L,L,E,L,L,E,E,L,L
3843,DARKWOLF RLA ,E,L,L,E,L,L,E,E,E,L
3844,DARKWOLF RLA ,E,L,L,V,L,L,E,E,L,L
3845,DARKWOLF RLA ,E,L,L,V,L,L,E,E,E,L
3846,DARKWOLF RLA ,E,L,E,E,L,L,E,E,L,L
3847,DARKWOLF RLA ,E,L,E,E,L,L,E,E,E,L
3848,DARKWOLF RLA ,E,L,E,V,L,L,E,E,L,L
3849,DARKWOLF RLA ,E,L,E,V,L,L,E,E,E,L
3850,DARKWOLF RLA ,L,E,L,E,L,L,E,E,L,L
3851,DARKWOLF RLA ,L,E,L,E,L,L,E,E,E,L
3852,DARKWOLF RLA ,L,E,L,V,L,L,E,E,L,L
3853,DARKWOLF RLA ,L,E,L,V,L,L,E,E,E,L
3854,DARKWOLF RLA ,L,E,E,E,L,L,E,E,L,L
3855,DARKWOLF RLA ,L,E,E,E,L,L,E,E,E,L
3856,DARKWOLF RLA ,L,E,E,V,L,L,E,E,L,L
3857,DARKWOLF RLA ,L,E,E,V,L,L,E,E,E,L
3858,DARKWOLF RLA ,L,L,L,E,L,L,E,E,L,L
3859,DARKWOLF RLA ,L,L,L,E,L,L,E,E,E,L
3860,DARKWOLF RLA ,L,L,L,V,L,L,E,E,L,L
3861,DARKWOLF RLA ,L,L,L,V,L,L,E,E,E,L
3862,DARKWOLF RLA ,L,L,E,E,L,L,E,E,L,L
3863,DARKWOLF RLA ,L,L,E,E,L,L,E,E,E,L
3864,DARKWOLF RLA ,L,L,E,V,L,L,E,E,L,L
3865,DARKWOLF RLA ,L,L,E,V,L,L,E,E,E,L
3866,Dárvin garrobo ,L,E,V,E,L,L,E,E,E,L
3867,Dárvin garrobo ,L,V,V,E,L,L,E,E,E,L
3868,David adame,L,E,V,E,L,L,L,V,L,V
3869,David adame,L,V,V,V,E,E,L,V,L,V
3870,David adame,L,L,V,L,V,V,L,V,L,E
3871,David García ,L,L,V,L,E,L,L,L,L,L
3872,David García ,L,L,V,L,E,L,L,L,V,L
3873,David García ,L,L,V,L,E,L,L,L,E,L
3874,David García ,L,L,V,E,E,L,L,L,L,L
3875,David García ,L,L,V,E,E,L,L,L,V,L
3876,David García ,L,L,V,E,E,L,L,L,E,L
3877,David García ,L,V,V,L,E,L,L,L,L,L
3878,David García ,L,V,V,L,E,L,L,L,V,L
3879,David García ,L,V,V,L,E,L,L,L,E,L
3880,David García ,L,V,V,E,E,L,L,L,L,L
3881,David García ,L,V,V,E,E,L,L,L,V,L
3882,David García ,L,V,V,E,E,L,L,L,E,L
3883,David García ,L,E,V,L,E,L,L,L,L,L
3884,David García ,L,E,V,L,E,L,L,L,V,L
3885,David García ,L,E,V,L,E,L,L,L,E,L
3886,David García ,L,E,V,E,E,L,L,L,L,L
3887,David García ,L,E,V,E,E,L,L,L,V,L
3888,David García ,L,E,V,E,E,L,L,L,E,L
3889,DAVID PÉREZ,L,V,V,V,L,L,L,V,V,E
3890,DAVID PÉREZ,L,L,E,E,E,L,L,L,L,L
3891,DAVID PÉREZ,L,E,L,L,E,V,L,E,E,L
3892,DAVID PÉREZ,E,E,V,V,V,L,L,V,V,L
3893,Davio126 ,L,E,V,L,L,L,V,L,L,L
3894,Davio126 ,L,E,V,L,L,L,V,L,E,L
3895,Davio126 ,L,E,V,L,L,L,L,L,L,L
3896,Davio126 ,L,E,V,L,L,L,L,L,E,L
3897,Davio126 ,L,E,V,V,L,L,V,L,L,L
3898,Davio126 ,L,E,V,V,L,L,V,L,E,L
3899,Davio126 ,L,E,V,V,L,L,L,L,L,L
3900,Davio126 ,L,E,V,V,L,L,L,L,E,L
3901,Davio126 ,L,V,V,L,L,L,V,L,L,L
3902,Davio126 ,L,V,V,L,L,L,V,L,E,L
3903,Davio126 ,L,V,V,L,L,L,L,L,L,L
3904,Davio126 ,L,V,V,L,L,L,L,L,E,L
3905,Davio126 ,L,V,V,V,L,L,V,L,L,L
3906,Davio126 ,L,V,V,V,L,L,V,L,E,L
3907,Davio126 ,L,V,V,V,L,L,L,L,L,L
3908,Davio126 ,L,V,V,V,L,L,L,L,E,L
3909,Dazita ,L,L,V,E,L,E,V,L,E,L
3910,Dazita ,L,L,V,E,L,E,V,L,L,L
3911,DEME VERA 3 ,L,E,V,E,L,L,V,L,L,L
3912,DEME VERA 3 ,L,E,V,E,L,L,V,L,V,L
3913,DEME VERA 3 ,L,E,V,E,L,L,V,L,E,L
3914,Dennislson,L,L,E,V,L,L,L,L,L,V
3915,Dennislson,L,V,V,V,L,L,E,L,V,E
3916,Dennislson,L,L,E,L,E,L,V,L,E,V
3917,DiAngel,L,V,E,L,L,L,E,V,V,L
3918,Diego Bravo,L,L,V,L,L,L,E,L,V,L
3919,Diego Bravo,L,V,V,E,L,L,V,E,E,L
3920,Diego Bravo,L,V,V,V,E,E,L,E,L,L
3921,Diego Cas.Jar,L,L,V,E,L,L,L,V,L,L
3922,Diego Crown,L,E,V,L,E,L,V,L,E,E
3923,Dieguito SR,L,E,V,E,L,V,L,E,E,V
3924,Dieguito SR,E,L,V,L,V,V,E,V,L,E
3925,Dieguito SR,L,L,L,L,L,E,E,L,E,L
3926,Dieguito SR,L,V,V,V,L,L,L,E,E,V
3927,Dil222,E,L,V,E,L,L,V,E,L,L
3928,Dil222,L,V,V,L,L,E,V,L,L,V
3929,Dil222,V,V,V,L,E,V,V,L,L,V
3930,Dil222,L,L,V,L,L,L,E,L,E,V
3931,Dinamita,L,L,E,E,V,L,E,L,L,L
3932,Dinamita,L,L,E,E,V,L,E,L,V,L
3933,Dinamita,L,L,E,V,V,E,E,L,L,L
3934,Dinamita,L,L,E,V,V,E,E,L,V,L
3935,Dinamita,L,L,E,V,V,L,E,L,L,L
3936,Dinamita,L,L,E,V,V,L,E,E,L,L
3937,Dinamita,L,L,E,V,V,L,E,E,V,L
3938,Dinamita,L,L,E,V,V,L,E,L,E,L
3939,Dinamita,L,L,E,V,V,L,E,L,V,L
3940,Dinamita,L,L,E,L,V,E,E,L,L,L
3941,Dinamita,L,L,E,L,V,E,E,L,V,L
3942,Dinamita,L,L,E,L,V,L,E,L,L,L
3943,Dinamita,L,L,E,L,V,L,E,E,L,L
3944,Dinamita,L,L,E,L,V,L,E,E,V,L
3945,Dinamita,L,L,E,L,V,L,E,L,E,L
3946,Dinamita,L,L,E,L,V,L,E,L,V,L
3947,Dinamita,L,L,V,E,V,E,E,L,L,L
3948,Dinamita,L,L,V,E,V,E,E,L,V,L
3949,Dinamita,L,L,V,E,V,L,E,L,L,L
3950,Dinamita,L,L,V,E,V,L,E,E,L,L
3951,Dinamita,L,L,V,E,V,L,E,E,V,L
3952,Dinamita,L,L,V,E,V,L,E,L,E,L
3953,Dinamita,L,L,V,E,V,L,E,L,V,L
3954,Dinamita,L,L,V,V,V,E,E,L,L,L
3955,Dinamita,L,L,V,V,V,E,E,E,L,L
3956,Dinamita,L,L,V,V,V,E,E,E,V,L
3957,Dinamita,L,L,V,V,V,E,E,L,E,L
3958,Dinamita,L,L,V,V,V,E,E,L,V,L
3959,Dinamita,L,L,V,V,V,L,E,L,L,L
3960,Dinamita,L,L,V,V,V,L,E,E,L,L
3961,Dinamita,L,L,V,V,V,L,E,E,E,L
3962,Dinamita,L,L,V,V,V,L,E,E,V,L
3963,Dinamita,L,L,V,V,V,L,E,L,E,L
3964,Dinamita,L,L,V,V,V,L,E,L,V,L
3965,Dinamita,L,L,V,L,V,E,E,L,L,L
3966,Dinamita,L,L,V,L,V,E,E,E,L,L
3967,Dinamita,L,L,V,L,V,E,E,E,V,L
3968,Dinamita,L,L,V,L,V,E,E,L,E,L
3969,Dinamita,L,L,V,L,V,E,E,L,V,L
3970,Dinamita,L,L,V,L,V,L,E,L,L,L
3971,Dinamita,L,L,V,L,V,L,E,E,L,L
3972,Dinamita,L,L,V,L,V,L,E,E,E,L
3973,Dinamita,L,L,V,L,V,L,E,E,V,L
3974,Dinamita,L,L,V,L,V,L,E,L,E,L
3975,Dinamita,L,L,V,L,V,L,E,L,V,L
3976,Dinamita,L,L,E,E,V,L,L,L,L,L
3977,Dinamita,L,L,E,E,V,E,L,L,L,L
3978,Dinamita,L,L,E,E,V,E,L,L,V,L
3979,Dinamita,L,L,E,E,V,L,L,E,L,L
3980,Dinamita,L,L,E,E,V,L,L,E,V,L
3981,Dinamita,L,L,E,E,V,L,L,L,E,L
3982,Dinamita,L,L,E,E,V,L,L,L,V,L
3983,Dinamita,L,L,E,V,V,L,L,L,L,L
3984,Dinamita,L,L,E,V,V,E,L,L,L,L
3985,Dinamita,L,L,E,V,V,E,L,E,L,L
3986,Dinamita,L,L,E,V,V,E,L,E,V,L
3987,Dinamita,L,L,E,V,V,E,L,L,E,L
3988,Dinamita,L,L,E,V,V,E,L,L,V,L
3989,Dinamita,L,L,E,V,V,L,L,E,L,L
3990,Dinamita,L,L,E,V,V,L,L,E,E,L
3991,Dinamita,L,L,E,V,V,L,L,E,V,L
3992,Dinamita,L,L,E,V,V,L,L,L,E,L
3993,Dinamita,L,L,E,V,V,L,L,L,V,L
3994,Dinamita,L,L,E,L,V,L,L,L,L,L
3995,Dinamita,L,L,E,L,V,E,L,L,L,L
3996,Dinamita,L,L,E,L,V,E,L,E,L,L
3997,Dinamita,L,L,E,L,V,E,L,E,V,L
3998,Dinamita,L,L,E,L,V,E,L,L,E,L
3999,Dinamita,L,L,E,L,V,E,L,L,V,L
4000,Dinamita,L,L,E,L,V,L,L,E,L,L
4001,Dinamita,L,L,E,L,V,L,L,E,E,L
4002,Dinamita,L,L,E,L,V,L,L,E,V,L
4003,Dinamita,L,L,E,L,V,L,L,L,E,L
4004,Dinamita,L,L,E,L,V,L,L,L,V,L
4005,Dinamita,L,L,V,E,V,L,L,L,L,L
4006,Dinamita,L,L,V,E,V,E,L,L,L,L
4007,Dinamita,L,L,V,E,V,E,L,E,L,L
4008,Dinamita,L,L,V,E,V,E,L,E,V,L
4009,Dinamita,L,L,V,E,V,E,L,L,E,L
4010,Dinamita,L,L,V,E,V,E,L,L,V,L
4011,Dinamita,L,L,V,E,V,L,L,E,L,L
4012,Dinamita,L,L,V,E,V,L,L,E,E,L
4013,Dinamita,L,L,V,E,V,L,L,E,V,L
4014,Dinamita,L,L,V,E,V,L,L,L,E,L
4015,Dinamita,L,L,V,E,V,L,L,L,V,L
4016,Dinamita,L,L,V,V,V,L,L,L,L,L
4017,Dinamita,L,L,V,V,V,E,L,L,L,L
4018,Dinamita,L,L,V,V,V,E,L,E,L,L
4019,Dinamita,L,L,V,V,V,E,L,E,E,L
4020,Dinamita,L,L,V,V,V,E,L,E,V,L
4021,Dinamita,L,L,V,V,V,E,L,L,E,L
4022,Dinamita,L,L,V,V,V,E,L,L,V,L
4023,Dinamita,L,L,V,V,V,L,L,E,L,L
4024,Dinamita,L,L,V,V,V,L,L,E,E,L
4025,Dinamita,L,L,V,V,V,L,L,E,V,L
4026,Dinamita,L,L,V,V,V,L,L,L,E,L
4027,Dinamita,L,L,V,V,V,L,L,L,V,L
4028,Dinamita,L,L,V,L,V,L,L,L,L,L
4029,Dinamita,L,L,V,L,V,E,L,L,L,L
4030,Dinamita,L,L,V,L,V,E,L,E,L,L
4031,Dinamita,L,L,V,L,V,E,L,E,E,L
4032,Dinamita,L,L,V,L,V,E,L,E,V,L
4033,Dinamita,L,L,V,L,V,E,L,L,E,L
4034,Dinamita,L,L,V,L,V,E,L,L,V,L
4035,Dinamita,L,L,V,L,V,L,L,E,L,L
4036,Dinamita,L,L,V,L,V,L,L,E,E,L
4037,Dinamita,L,L,V,L,V,L,L,E,V,L
4038,Dinamita,L,L,V,L,V,L,L,L,E,L
4039,Dinamita,L,L,V,L,V,L,L,L,V,L
4040,dios por delante,E,E,V,V,E,E,V,E,V,L
4041,dios por delante,L,E,V,E,V,L,V,L,E,E
4042,Diosnisio Hernandez ,L,V,V,L,L,L,V,L,L,L
4043,Diosnisio Hernandez ,L,V,V,L,L,L,V,L,E,L
4044,Diosnisio Hernandez ,L,V,V,L,L,L,L,L,L,L
4045,Diosnisio Hernandez ,L,V,V,L,L,L,L,L,E,L
4046,Diosnisio Hernandez ,L,V,V,E,L,L,V,L,L,L
4047,Diosnisio Hernandez ,L,V,V,E,L,L,V,L,E,L
4048,Diosnisio Hernandez ,L,V,V,E,L,L,L,L,L,L
4049,Diosnisio Hernandez ,L,V,V,E,L,L,L,L,E,L
4050,Diosnisio Hernandez ,L,E,V,L,L,L,V,L,L,L
4051,Diosnisio Hernandez ,L,E,V,L,L,L,V,L,E,L
4052,Diosnisio Hernandez ,L,E,V,L,L,L,L,L,L,L
4053,Diosnisio Hernandez ,L,E,V,L,L,L,L,L,E,L
4054,Diosnisio Hernandez ,L,E,V,E,L,L,V,L,L,L
4055,Diosnisio Hernandez ,L,E,V,E,L,L,V,L,E,L
4056,Diosnisio Hernandez ,L,E,V,E,L,L,L,L,L,L
4057,Diosnisio Hernandez ,L,E,V,E,L,L,L,L,E,L
4058,Dj Gogo,L,E,V,L,E,V,E,L,V,E
4059,Dj Gogo,L,L,V,E,L,E,V,E,L,V
4060,Doggymaldito,L,V,V,L,L,E,E,L,E,E
4061,Doggymaldito,L,V,V,L,L,E,V,L,L,L
4062,Dollar,L,E,E,V,L,E,L,E,V,L
4063,Dollar,L,L,V,L,L,E,V,L,E,L
4064,Dollar,L,V,V,L,L,V,E,L,L,E
4065,Dollar,L,L,V,E,L,E,V,V,E,L
4066,Dollar,L,E,V,L,L,E,E,L,L,L
4067,Domingo neri,L,V,V,E,L,E,E,E,L,L
4068,Domingo neri,L,E,V,L,L,L,E,E,L,L
4069,Domingo neri,E,L,V,E,L,E,E,E,L,L
4070,Domingo neri,L,L,E,L,L,L,V,L,E,L
4071,Domingo neri,L,E,V,E,L,L,V,L,E,L
4072,Domingo neri,L,V,L,L,L,L,V,L,V,L
4073,Domingo neri,L,L,V,V,L,L,V,L,V,L
4074,Domingo neri,L,E,V,L,E,E,V,L,L,L
4075,Domingo neri,L,L,V,L,E,L,E,E,E,L
4076,DON CARACOL ],L,E,V,L,E,L,E,L,L,L
4077,DON CARACOL ],L,V,V,L,V,L,V,L,L,L
4078,DON CARACOL ],L,L,V,V,L,L,V,L,L,L
4079,DON CARACOL ],L,E,V,E,E,L,E,L,L,E
4080,DON CARACOL ],L,V,V,L,V,V,V,E,L,V
4081,don jesus,L,L,L,L,V,L,V,L,L,L
4082,don jesus,L,V,E,V,L,L,E,L,E,V
4083,don jesus,E,V,V,L,L,L,V,L,L,V
4084,don jesus,L,L,V,E,E,V,V,E,L,V
4085,don jesus,E,E,V,V,L,E,L,L,L,V
4086,Don Ramon,L,V,V,L,L,L,L,L,L,L
4087,Don Ramon,L,E,L,L,V,L,E,L,L,L
4088,DRAF 47K,L,E,V,L,E,L,L,L,L,L
4089,DRAF 47K,L,V,V,V,L,L,E,L,L,L
4090,DRAF 47K,L,E,V,E,L,L,V,E,L,E
4091,DRAXLER,L,E,V,E,L,L,L,E,L,L
4092,DRAXLER,L,V,V,L,L,L,E,L,L,L
4093,Duende 🪎,E,E,V,L,L,E,E,E,E,V
4094,Duende 🪎,L,V,E,L,V,E,V,L,E,V
4095,Duende 🪎,E,V,V,V,L,L,L,L,L,L
4096,Duende 🪎,L,E,V,V,L,E,V,V,V,L
4097,Duende 🪎,E,L,V,V,L,V,E,V,L,V
4098,Duende 🪎,L,V,V,V,L,L,L,L,E,E
4099,Duende 🪎,L,E,V,E,L,V,L,E,E,V
4100,DUMBO RUBY,L,V,V,L,L,L,L,L,L,L
4101,Dunga,L,V,L,V,L,L,V,L,L,L
4102,Dunga,L,V,L,E,L,E,E,L,L,L
4103,Dunga,L,L,V,V,L,L,V,E,E,L
4104,Dunga martin,L,E,V,L,L,L,E,L,L,L
4105,Dunga martin,L,L,V,E,L,E,L,E,V,L
4106,Dunga martin,E,V,V,L,L,L,E,V,L,E
4107,Dunga martin,L,E,V,E,L,V,V,L,E,L
4108,"Dylan Alexander ""AS""",L,E,V,E,L,E,V,E,L,V
4109,"Dylan Alexander ""AS""",L,E,V,L,L,L,E,L,E,V
4110,Dylan Gómez,L,V,V,V,L,V,L,L,L,E
4111,E.E.R.A.200520 ,L,L,V,L,L,L,V,L,L,L
4112,E.E.R.A.200520 ,L,L,V,L,L,L,V,L,E,L
4113,E.E.R.A.200520 ,L,L,V,L,L,L,V,L,V,L
4114,E.E.R.A.200520 ,L,L,V,V,L,L,V,L,L,L
4115,E.E.R.A.200520 ,L,L,V,V,L,L,V,L,E,L
4116,E.E.R.A.200520 ,L,L,V,V,L,L,V,L,V,L
4117,E.E.R.A.200520 ,L,L,V,E,L,L,V,L,L,L
4118,E.E.R.A.200520 ,L,L,V,E,L,L,V,L,E,L
4119,E.E.R.A.200520 ,L,L,V,E,L,L,V,L,V,L
4120,E.E.R.A.200520 ,L,V,V,L,L,L,V,L,L,L
4121,E.E.R.A.200520 ,L,V,V,L,L,L,V,L,E,L
4122,E.E.R.A.200520 ,L,V,V,L,L,L,V,L,V,L
4123,E.E.R.A.200520 ,L,V,V,V,L,L,V,L,L,L
4124,E.E.R.A.200520 ,L,V,V,V,L,L,V,L,E,L
4125,E.E.R.A.200520 ,L,V,V,V,L,L,V,L,V,L
4126,E.E.R.A.200520 ,L,V,V,E,L,L,V,L,L,L
4127,E.E.R.A.200520 ,L,V,V,E,L,L,V,L,E,L
4128,E.E.R.A.200520 ,L,V,V,E,L,L,V,L,V,L
4129,E.Rojas ,L,E,V,L,V,L,E,L,L,L
4130,E.Rojas ,L,E,V,E,V,L,E,L,L,L
4131,Eder zacarias,L,V,V,L,L,E,E,V,L,L
4132,Eder zacarias,E,V,V,E,E,E,E,V,L,L
4133,Edgar Diaz,L,E,V,L,L,L,V,L,E,V
4134,Edgar Diaz AMBER,L,V,V,E,L,E,V,V,V,V
4135,Edgar Diaz GRECIA,L,V,L,V,L,L,V,L,V,E
4136,Edgar Diaz MAMÁ,L,V,V,L,L,E,V,L,V,E
4137,Edgar Diaz PAPÁ,L,E,V,E,L,L,E,L,L,L
4138,Edgar Diaz SUEGRO,L,L,V,L,V,E,L,V,E,V
4139,Edgar Diaz SUEGRO 2,V,L,V,V,L,L,L,V,E,L
4140,Edgar Martínez,L,V,V,V,L,L,E,E,L,V
4141,Edgar Martínez,L,V,L,E,L,E,V,L,E,L
4142,Edgar Martínez,L,L,V,E,L,E,L,E,E,L
4143,Edgarflores1991,L,V,V,E,L,L,L,L,E,L
4144,Edgarflores1991,L,V,V,L,L,L,E,E,E,L
4145,EDUARDO ALAN,L,L,V,V,E,L,E,L,V,V
4146,EDUARDO ALAN,V,V,E,L,L,E,L,E,L,L
4147,EDUARDO ALAN,V,L,V,L,L,L,V,E,V,E
4148,EDUARDO ALAN,E,L,V,V,E,L,E,L,V,E
4149,EDUARDO ALAN,L,V,V,E,L,L,V,V,E,L
4150,EDUARDO ALAN,L,V,V,V,L,E,V,L,V,V
4151,Eduardo casstelo,L,V,E,V,L,L,E,V,L,E
4152,Eduardo casstelo,L,E,V,E,L,L,L,E,E,E
4153,Eduardo casstelo ,L,V,V,V,L,L,L,L,L,E
4154,Eduardo casstelo ,L,V,V,V,L,L,L,L,V,E
4155,Eduardo casstelo ,L,V,V,V,L,L,L,V,L,E
4156,Eduardo casstelo ,L,V,V,V,L,L,L,V,V,E
4157,Eduardo casstelo ,L,V,V,V,E,L,L,L,L,E
4158,Eduardo casstelo ,L,V,V,V,E,L,L,L,V,E
4159,Eduardo casstelo ,L,V,V,V,E,L,L,V,L,E
4160,Eduardo casstelo ,L,V,V,V,E,L,L,V,V,E
4161,Eduardo casstelo ,L,V,V,L,L,L,L,L,L,E
4162,Eduardo casstelo ,L,V,V,L,L,L,L,L,V,E
4163,Eduardo casstelo ,L,V,V,L,L,L,L,V,L,E
4164,Eduardo casstelo ,L,V,V,L,L,L,L,V,V,E
4165,Eduardo casstelo ,L,V,V,L,E,L,L,L,L,E
4166,Eduardo casstelo ,L,V,V,L,E,L,L,L,V,E
4167,Eduardo casstelo ,L,V,V,L,E,L,L,V,L,E
4168,Eduardo casstelo ,L,V,V,L,E,L,L,V,V,E
4169,Eduardo casstelo ,L,L,V,V,L,L,L,L,L,E
4170,Eduardo casstelo ,L,L,V,V,L,L,L,L,V,E
4171,Eduardo casstelo ,L,L,V,V,L,L,L,V,L,E
4172,Eduardo casstelo ,L,L,V,V,L,L,L,V,V,E
4173,Eduardo casstelo ,L,L,V,V,E,L,L,L,L,E
4174,Eduardo casstelo ,L,L,V,V,E,L,L,L,V,E
4175,Eduardo casstelo ,L,L,V,V,E,L,L,V,L,E
4176,Eduardo casstelo ,L,L,V,V,E,L,L,V,V,E
4177,Eduardo casstelo ,L,L,V,L,L,L,L,L,L,E
4178,Eduardo casstelo ,L,L,V,L,L,L,L,L,V,E
4179,Eduardo casstelo ,L,L,V,L,L,L,L,V,L,E
4180,Eduardo casstelo ,L,L,V,L,L,L,L,V,V,E
4181,Eduardo casstelo ,L,L,V,L,E,L,L,L,L,E
4182,Eduardo casstelo ,L,L,V,L,E,L,L,L,V,E
4183,Eduardo casstelo ,L,L,V,L,E,L,L,V,L,E
4184,Eduardo casstelo ,L,L,V,L,E,L,L,V,V,E
4185,Eduardo González,L,E,V,L,E,L,V,L,E,L
4186,Eduardo González,L,V,V,V,L,L,E,L,L,L
4187,EDUARDO H V,L,L,V,L,L,L,L,L,V,L
4188,EDUARDO H V,L,E,V,E,E,L,L,L,V,E
4189,EDUARDO H V,L,V,V,L,V,L,L,L,E,V
4190,EDUARDO H V,E,E,E,V,L,L,E,L,V,L
4191,EDUARDO H V,L,L,V,L,E,V,L,L,L,E
4192,EDUARDO H V,L,V,V,E,V,E,L,E,E,V
4193,EDUARDO H V,L,E,L,L,E,L,E,V,V,L
4194,EDUARDO H V,L,E,V,V,L,L,V,L,L,L
4195,EDUARDO H V,L,L,V,V,L,L,V,L,L,L
4196,EDUARDO H V,L,V,V,V,L,L,V,L,L,L
4197,Eduardo Hernández M ,L,V,V,V,V,L,L,L,L,L
4198,Eduardo Hernández M ,L,V,V,V,V,L,L,L,E,L
4199,Eduardo Hernández M ,L,V,V,V,V,L,E,L,L,L
4200,Eduardo Hernández M ,L,V,V,V,V,L,E,L,E,L
4201,Eduardo Hernández M ,L,V,V,V,E,L,L,L,L,L
4202,Eduardo Hernández M ,L,V,V,V,E,L,L,L,E,L
4203,Eduardo Hernández M ,L,V,V,V,E,L,E,L,L,L
4204,Eduardo Hernández M ,L,V,V,V,E,L,E,L,E,L
4205,Eduardo Hernández M ,E,V,V,V,V,L,L,L,L,L
4206,Eduardo Hernández M ,E,V,V,V,V,L,L,L,E,L
4207,Eduardo Hernández M ,E,V,V,V,V,L,E,L,L,L
4208,Eduardo Hernández M ,E,V,V,V,V,L,E,L,E,L
4209,Eduardo Hernández M ,E,V,V,V,E,L,L,L,L,L
4210,Eduardo Hernández M ,E,V,V,V,E,L,L,L,E,L
4211,Eduardo Hernández M ,E,V,V,V,E,L,E,L,L,L
4212,Eduardo Hernández M ,E,V,V,V,E,L,E,L,E,L
4213,Eduardo miranda ,L,V,V,E,L,L,L,L,V,L
4214,Eduardo miranda ,L,V,V,V,L,L,L,L,V,L
4215,Eduardo miranda ,L,L,V,E,L,L,L,L,V,L
4216,Eduardo miranda ,L,L,V,V,L,L,L,L,V,L
4217,Eduardo miranda ,E,V,V,E,L,L,L,L,V,L
4218,Eduardo miranda ,E,V,V,V,L,L,L,L,V,L
4219,Eduardo miranda ,E,L,V,E,L,L,L,L,V,L
4220,Eduardo miranda ,E,L,V,V,L,L,L,L,V,L
4221,Eduardo t c,L,V,V,E,L,E,L,E,E,L
4222,Eduardo t c,E,L,V,L,E,V,L,L,L,E
4223,Edwin valdez,L,V,V,V,L,L,V,V,V,V
4224,Edwin valdez,L,V,V,L,L,E,V,E,V,V
4225,Edwin valdez,L,V,V,E,L,L,V,L,E,V
4226,Edwin valdez,L,V,V,V,E,V,L,E,V,L
4227,Edwin valdez,L,V,V,V,L,L,V,L,V,L
4228,Edxon rojas Uruapan,L,V,V,L,L,L,L,L,L,L
4229,Edxon rojas Uruapan,L,E,V,L,L,L,L,L,V,L
4230,Efra ,L,E,V,E,L,L,E,L,E,L
4231,Efra ,L,E,V,E,L,L,E,E,E,L
4232,Efra ,L,E,V,E,E,L,E,L,E,L
4233,Efra ,L,E,V,E,E,L,E,E,E,L
4234,Efra ,L,E,V,L,L,L,E,L,E,L
4235,Efra ,L,E,V,L,L,L,E,E,E,L
4236,Efra ,L,E,V,L,E,L,E,L,E,L
4237,Efra ,L,E,V,L,E,L,E,E,E,L
4238,Efra ,L,V,V,E,L,L,E,L,E,L
4239,Efra ,L,V,V,E,L,L,E,E,E,L
4240,Efra ,L,V,V,E,E,L,E,L,E,L
4241,Efra ,L,V,V,E,E,L,E,E,E,L
4242,Efra ,L,V,V,L,L,L,E,L,E,L
4243,Efra ,L,V,V,L,L,L,E,E,E,L
4244,Efra ,L,V,V,L,E,L,E,L,E,L
4245,Efra ,L,V,V,L,E,L,E,E,E,L
4246,Eithan miguel ortega,L,V,V,L,L,L,L,L,L,L
4247,Eithan miguel ortega,L,L,E,E,V,V,E,E,V,E
4248,Eithan miguel ortega,L,E,E,L,E,E,E,E,E,V
4249,Eithan miguel ortega,L,V,V,L,L,L,L,L,L,L
4250,Eithan miguel ortega,L,L,E,E,V,V,E,E,V,E
4251,EL ACERTIJO,E,L,E,E,E,V,L,L,L,V
4252,El bebé 🚼,V,V,L,L,E,E,L,L,V,V
4253,El bebé 🚼,L,L,E,E,L,V,V,E,L,V
4254,El bebé 🚼,V,V,V,E,V,L,L,L,V,V
4255,El bebé 🚼,V,E,L,L,E,V,E,E,V,L
4256,El bebé 🚼,V,E,V,E,E,E,E,V,V,E
4257,El bebé 🚼,E,L,L,E,V,E,V,V,V,E
4258,El bebé 🚼,L,L,L,L,L,L,L,V,L,V
4259,El bebé 🚼,E,E,E,V,L,L,V,V,E,V
4260,El bebé 🚼,L,V,V,L,E,L,E,E,V,L
4261,El beto,L,V,V,L,L,L,V,L,V,L
4262,El calentano ,L,V,V,E,L,L,L,V,L,L
4263,El calentano ,L,V,V,E,L,E,L,V,L,L
4264,El calentano ,L,V,V,V,L,L,L,V,L,L
4265,El calentano ,L,V,V,V,L,E,L,V,L,L
4266,El campeón,L,L,E,V,V,E,E,E,V,L
4267,El campeón,E,V,L,E,E,E,L,E,L,V
4268,El campeón,V,V,V,V,V,E,L,V,E,L
4269,El campeón,V,E,V,L,L,V,E,V,V,E
4270,El campeón,V,L,V,V,L,E,E,V,V,L
4271,El cata.com,L,E,V,L,E,V,V,L,E,L
4272,El cavion,L,E,L,L,L,E,V,V,V,L
4273,El cavion,L,V,V,L,L,E,V,L,L,L
4274,El cavion,E,V,L,L,L,V,V,V,V,L
4275,El cavion,L,L,V,E,V,L,L,E,E,V
4276,El chamfle ,L,L,V,L,L,L,L,L,L,V
4277,El chamfle ,L,L,V,L,L,L,L,L,V,V
4278,El chamfle ,L,L,V,L,L,L,E,L,L,V
4279,El chamfle ,L,L,V,L,L,L,E,L,V,V
4280,El chamfle ,L,L,V,L,L,V,L,L,L,V
4281,El chamfle ,L,L,V,L,L,V,L,L,V,V
4282,El chamfle ,L,L,V,L,L,V,E,L,L,V
4283,El chamfle ,L,L,V,L,L,V,E,L,V,V
4284,El chamfle ,L,L,V,L,E,L,L,L,L,V
4285,El chamfle ,L,L,V,L,E,L,L,L,V,V
4286,El chamfle ,L,L,V,L,E,L,E,L,L,V
4287,El chamfle ,L,L,V,L,E,L,E,L,V,V
4288,El chamfle ,L,L,V,L,E,V,L,L,L,V
4289,El chamfle ,L,L,V,L,E,V,L,L,V,V
4290,El chamfle ,L,L,V,L,E,V,E,L,L,V
4291,El chamfle ,L,L,V,L,E,V,E,L,V,V
4292,El chamfle ,L,L,V,V,L,L,L,L,L,V
4293,El chamfle ,L,L,V,V,L,L,L,L,V,V
4294,El chamfle ,L,L,V,V,L,L,E,L,L,V
4295,El chamfle ,L,L,V,V,L,L,E,L,V,V
4296,El chamfle ,L,L,V,V,L,V,L,L,L,V
4297,El chamfle ,L,L,V,V,L,V,L,L,V,V
4298,El chamfle ,L,L,V,V,L,V,E,L,L,V
4299,El chamfle ,L,L,V,V,L,V,E,L,V,V
4300,El chamfle ,L,L,V,V,E,L,L,L,L,V
4301,El chamfle ,L,L,V,V,E,L,L,L,V,V
4302,El chamfle ,L,L,V,V,E,L,E,L,L,V
4303,El chamfle ,L,L,V,V,E,L,E,L,V,V
4304,El chamfle ,L,L,V,V,E,V,L,L,L,V
4305,El chamfle ,L,L,V,V,E,V,L,L,V,V
4306,El chamfle ,L,L,V,V,E,V,E,L,L,V
4307,El chamfle ,L,L,V,V,E,V,E,L,V,V
4308,El chamfle ,L,E,V,L,L,L,L,L,L,V
4309,El chamfle ,L,E,V,L,L,L,L,L,V,V
4310,El chamfle ,L,E,V,L,L,L,E,L,L,V
4311,El chamfle ,L,E,V,L,L,L,E,L,V,V
4312,El chamfle ,L,E,V,L,L,V,L,L,L,V
4313,El chamfle ,L,E,V,L,L,V,L,L,V,V
4314,El chamfle ,L,E,V,L,L,V,E,L,L,V
4315,El chamfle ,L,E,V,L,L,V,E,L,V,V
4316,El chamfle ,L,E,V,L,E,L,L,L,L,V
4317,El chamfle ,L,E,V,L,E,L,L,L,V,V
4318,El chamfle ,L,E,V,L,E,L,E,L,L,V
4319,El chamfle ,L,E,V,L,E,L,E,L,V,V
4320,El chamfle ,L,E,V,L,E,V,L,L,L,V
4321,El chamfle ,L,E,V,L,E,V,L,L,V,V
4322,El chamfle ,L,E,V,L,E,V,E,L,L,V
4323,El chamfle ,L,E,V,L,E,V,E,L,V,V
4324,El chamfle ,L,E,V,V,L,L,L,L,L,V
4325,El chamfle ,L,E,V,V,L,L,L,L,V,V
4326,El chamfle ,L,E,V,V,L,L,E,L,L,V
4327,El chamfle ,L,E,V,V,L,L,E,L,V,V
4328,El chamfle ,L,E,V,V,L,V,L,L,L,V
4329,El chamfle ,L,E,V,V,L,V,L,L,V,V
4330,El chamfle ,L,E,V,V,L,V,E,L,L,V
4331,El chamfle ,L,E,V,V,L,V,E,L,V,V
4332,El chamfle ,L,E,V,V,E,L,L,L,L,V
4333,El chamfle ,L,E,V,V,E,L,L,L,V,V
4334,El chamfle ,L,E,V,V,E,L,E,L,L,V
4335,El chamfle ,L,E,V,V,E,L,E,L,V,V
4336,El chamfle ,L,E,V,V,E,V,L,L,L,V
4337,El chamfle ,L,E,V,V,E,V,L,L,V,V
4338,El chamfle ,L,E,V,V,E,V,E,L,L,V
4339,El chamfle ,L,E,V,V,E,V,E,L,V,V
4340,El chamfle ,L,V,V,L,L,L,L,L,L,V
4341,El chamfle ,L,V,V,L,L,L,L,L,V,V
4342,El chamfle ,L,V,V,L,L,L,E,L,L,V
4343,El chamfle ,L,V,V,L,L,L,E,L,V,V
4344,El chamfle ,L,V,V,L,L,V,L,L,L,V
4345,El chamfle ,L,V,V,L,L,V,L,L,V,V
4346,El chamfle ,L,V,V,L,L,V,E,L,L,V
4347,El chamfle ,L,V,V,L,L,V,E,L,V,V
4348,El chamfle ,L,V,V,L,E,L,L,L,L,V
4349,El chamfle ,L,V,V,L,E,L,L,L,V,V
4350,El chamfle ,L,V,V,L,E,L,E,L,L,V
4351,El chamfle ,L,V,V,L,E,L,E,L,V,V
4352,El chamfle ,L,V,V,L,E,V,L,L,L,V
4353,El chamfle ,L,V,V,L,E,V,L,L,V,V
4354,El chamfle ,L,V,V,L,E,V,E,L,L,V
4355,El chamfle ,L,V,V,L,E,V,E,L,V,V
4356,El chamfle ,L,V,V,V,L,L,L,L,L,V
4357,El chamfle ,L,V,V,V,L,L,L,L,V,V
4358,El chamfle ,L,V,V,V,L,L,E,L,L,V
4359,El chamfle ,L,V,V,V,L,L,E,L,V,V
4360,El chamfle ,L,V,V,V,L,V,L,L,L,V
4361,El chamfle ,L,V,V,V,L,V,L,L,V,V
4362,El chamfle ,L,V,V,V,L,V,E,L,L,V
4363,El chamfle ,L,V,V,V,L,V,E,L,V,V
4364,El chamfle ,L,V,V,V,E,L,L,L,L,V
4365,El chamfle ,L,V,V,V,E,L,L,L,V,V
4366,El chamfle ,L,V,V,V,E,L,E,L,L,V
4367,El chamfle ,L,V,V,V,E,L,E,L,V,V
4368,El chamfle ,L,V,V,V,E,V,L,L,L,V
4369,El chamfle ,L,V,V,V,E,V,L,L,V,V
4370,El chamfle ,L,V,V,V,E,V,E,L,L,V
4371,El chamfle ,L,V,V,V,E,V,E,L,V,V
4372,ÉL CHINO ,L,L,V,L,L,E,V,L,L,E
4373,ÉL CHINO ,L,L,V,L,L,E,E,L,L,E
4374,ÉL CHINO ,L,L,V,L,L,V,V,L,L,E
4375,ÉL CHINO ,L,L,V,L,L,V,E,L,L,E
4376,ÉL CHINO ,L,L,V,V,L,E,V,L,L,E
4377,ÉL CHINO ,L,L,V,V,L,E,E,L,L,E
4378,ÉL CHINO ,L,L,V,V,L,V,V,L,L,E
4379,ÉL CHINO ,L,L,V,V,L,V,E,L,L,E
4380,ÉL CHINO ,V,L,V,L,L,E,V,L,L,E
4381,ÉL CHINO ,V,L,V,L,L,E,E,L,L,E
4382,ÉL CHINO ,V,L,V,L,L,V,V,L,L,E
4383,ÉL CHINO ,V,L,V,L,L,V,E,L,L,E
4384,ÉL CHINO ,V,L,V,V,L,E,V,L,L,E
4385,ÉL CHINO ,V,L,V,V,L,E,E,L,L,E
4386,ÉL CHINO ,V,L,V,V,L,V,V,L,L,E
4387,ÉL CHINO ,V,L,V,V,L,V,E,L,L,E
4388,El chino 321,L,V,V,E,V,L,E,E,E,L
4389,El chino Brajas,L,V,V,L,L,E,L,V,L,L
4390,El chino Brajas,L,E,V,L,L,E,E,E,E,L
4391,El chuleta 🥩,L,E,E,V,L,E,E,E,L,L
4392,El chuleta 🥩,L,L,V,E,E,V,V,E,L,L
4393,El diablito G R,L,V,L,L,E,L,E,L,V,L
4394,El diablito G R,E,L,E,E,V,V,E,V,E,E
4395,El escobedo,L,V,V,L,L,V,V,V,V,L
4396,El escobedo,L,L,V,L,L,L,L,L,V,L
4397,El escobedo,L,E,V,L,E,V,L,L,E,E
4398,El escobedo,L,V,V,L,V,L,L,L,V,V
4399,EL EZEQUIEL,L,V,V,L,L,L,L,L,V,L
4400,EL EZEQUIEL,L,L,V,L,L,L,V,L,V,L
4401,EL EZEQUIEL,L,E,V,L,L,V,V,L,L,L
4402,EL EZEQUIEL,L,L,V,V,L,L,L,L,V,L
4403,EL EZEQUIEL,L,E,V,E,L,L,E,L,E,L
4404,EL EZEQUIEL,L,V,L,V,V,L,V,L,V,L
4405,EL EZEQUIEL,L,E,V,V,E,L,E,L,E,L
4406,EL EZEQUIEL,L,L,L,V,V,V,L,L,L,L
4407,EL EZEQUIEL,V,L,V,V,L,V,V,L,V,L
4408,EL EZEQUIEL,E,V,V,L,L,L,L,L,L,V
4409,El gallo77,V,L,V,V,V,E,E,V,E,L
4410,El gallo77,E,E,V,V,E,V,L,E,V,L
4411,El gallo77,L,L,E,E,L,V,V,L,L,L
4412,El gallo77,L,V,L,E,V,L,L,E,E,L
4413,El gallo77,V,E,V,V,V,L,L,E,L,L
4414,EL GANADOR,L,L,V,E,L,V,V,L,E,L
4415,EL GANADOR,L,L,V,V,E,L,L,L,E,L
4416,EL GANADOR,L,L,L,E,L,L,L,L,E,E
4417,EL GANADOR,L,L,L,V,E,V,V,L,E,E
4418,EL GANADOR,L,V,V,E,E,V,L,L,V,L
4419,EL GANADOR,L,V,V,V,L,L,V,L,V,L
4420,EL GANADOR,L,V,L,E,E,L,V,L,V,E
4421,EL GANADOR,L,V,L,V,L,V,L,L,V,E
4422,EL GANADOR,E,L,V,E,E,L,V,E,E,L
4423,EL GANADOR,E,L,V,V,L,V,L,E,E,L
4424,EL GANADOR,E,L,L,E,E,V,L,E,E,E
4425,EL GANADOR,E,L,L,V,L,L,V,E,E,E
4426,EL GANADOR,E,V,V,E,L,L,L,E,V,L
4427,EL GANADOR,E,V,V,V,E,V,V,E,V,L
4428,EL GANADOR,E,V,L,E,L,V,V,E,V,E
4429,EL GANADOR,E,V,L,V,E,L,L,E,V,E
4430,EL GANADOR,L,L,V,E,L,V,V,E,V,E
4431,EL GANADOR,L,L,V,V,E,L,L,E,V,E
4432,EL GANADOR,L,L,L,E,L,L,L,E,V,L
4433,EL GANADOR,L,L,L,V,E,V,V,E,V,L
4434,EL GANADOR,L,V,V,E,E,V,L,E,E,E
4435,EL GANADOR,L,V,V,V,L,L,V,E,E,E
4436,EL GANADOR,L,V,L,E,E,L,V,E,E,L
4437,EL GANADOR,L,V,L,V,L,V,L,E,E,L
4438,EL GANADOR,E,L,V,E,E,L,V,L,V,E
4439,EL GANADOR,E,L,V,V,L,V,L,L,V,E
4440,EL GANADOR,E,L,L,E,E,V,L,L,V,L
4441,EL GANADOR,E,L,L,V,L,L,V,L,V,L
4442,EL GANADOR,E,V,V,E,L,L,L,L,E,E
4443,EL GANADOR,E,V,V,V,E,V,V,L,E,E
4444,EL GANADOR,E,V,L,E,L,V,V,L,E,L
4445,EL GANADOR,E,V,L,V,E,L,L,L,E,L
4446,EL GENERAL ,L,L,V,E,L,L,L,L,L,L
4447,EL GENERAL ,L,L,V,E,L,L,L,L,E,L
4448,EL GENERAL ,L,L,V,E,L,L,L,L,V,L
4449,EL GENERAL ,L,L,V,E,L,L,L,E,L,L
4450,EL GENERAL ,L,L,V,E,L,L,L,E,E,L
4451,EL GENERAL ,L,L,V,E,L,L,L,E,V,L
4452,EL GENERAL ,L,L,V,E,L,L,E,L,L,L
4453,EL GENERAL ,L,L,V,E,L,L,E,L,E,L
4454,EL GENERAL ,L,L,V,E,L,L,E,L,V,L
4455,EL GENERAL ,L,L,V,E,L,L,E,E,L,L
4456,EL GENERAL ,L,L,V,E,L,L,E,E,E,L
4457,EL GENERAL ,L,L,V,E,L,L,E,E,V,L
4458,EL GENERAL ,L,L,V,E,L,L,V,L,L,L
4459,EL GENERAL ,L,L,V,E,L,L,V,L,E,L
4460,EL GENERAL ,L,L,V,E,L,L,V,L,V,L
4461,EL GENERAL ,L,L,V,E,L,L,V,E,L,L
4462,EL GENERAL ,L,L,V,E,L,L,V,E,E,L
4463,EL GENERAL ,L,L,V,E,L,L,V,E,V,L
4464,EL GENERAL ,L,L,V,L,L,L,L,L,L,L
4465,EL GENERAL ,L,L,V,L,L,L,L,L,E,L
4466,EL GENERAL ,L,L,V,L,L,L,L,L,V,L
4467,EL GENERAL ,L,L,V,L,L,L,L,E,L,L
4468,EL GENERAL ,L,L,V,L,L,L,L,E,E,L
4469,EL GENERAL ,L,L,V,L,L,L,L,E,V,L
4470,EL GENERAL ,L,L,V,L,L,L,E,L,L,L
4471,EL GENERAL ,L,L,V,L,L,L,E,L,E,L
4472,EL GENERAL ,L,L,V,L,L,L,E,L,V,L
4473,EL GENERAL ,L,L,V,L,L,L,E,E,L,L
4474,EL GENERAL ,L,L,V,L,L,L,E,E,E,L
4475,EL GENERAL ,L,L,V,L,L,L,E,E,V,L
4476,EL GENERAL ,L,L,V,L,L,L,V,L,L,L
4477,EL GENERAL ,L,L,V,L,L,L,V,L,E,L
4478,EL GENERAL ,L,L,V,L,L,L,V,L,V,L
4479,EL GENERAL ,L,L,V,L,L,L,V,E,L,L
4480,EL GENERAL ,L,L,V,L,L,L,V,E,E,L
4481,EL GENERAL ,L,L,V,L,L,L,V,E,V,L
4482,EL GENERAL ,L,L,V,V,L,L,L,L,L,L
4483,EL GENERAL ,L,L,V,V,L,L,L,L,E,L
4484,EL GENERAL ,L,L,V,V,L,L,L,L,V,L
4485,EL GENERAL ,L,L,V,V,L,L,L,E,L,L
4486,EL GENERAL ,L,L,V,V,L,L,L,E,E,L
4487,EL GENERAL ,L,L,V,V,L,L,L,E,V,L
4488,EL GENERAL ,L,L,V,V,L,L,E,L,L,L
4489,EL GENERAL ,L,L,V,V,L,L,E,L,E,L
4490,EL GENERAL ,L,L,V,V,L,L,E,L,V,L
4491,EL GENERAL ,L,L,V,V,L,L,E,E,L,L
4492,EL GENERAL ,L,L,V,V,L,L,E,E,E,L
4493,EL GENERAL ,L,L,V,V,L,L,E,E,V,L
4494,EL GENERAL ,L,L,V,V,L,L,V,L,L,L
4495,EL GENERAL ,L,L,V,V,L,L,V,L,E,L
4496,EL GENERAL ,L,L,V,V,L,L,V,L,V,L
4497,EL GENERAL ,L,L,V,V,L,L,V,E,L,L
4498,EL GENERAL ,L,L,V,V,L,L,V,E,E,L
4499,EL GENERAL ,L,L,V,V,L,L,V,E,V,L
4500,EL GENERAL ,L,E,V,E,L,L,L,L,L,L
4501,EL GENERAL ,L,E,V,E,L,L,L,L,E,L
4502,EL GENERAL ,L,E,V,E,L,L,L,L,V,L
4503,EL GENERAL ,L,E,V,E,L,L,L,E,L,L
4504,EL GENERAL ,L,E,V,E,L,L,L,E,E,L
4505,EL GENERAL ,L,E,V,E,L,L,L,E,V,L
4506,EL GENERAL ,L,E,V,E,L,L,E,L,L,L
4507,EL GENERAL ,L,E,V,E,L,L,E,L,E,L
4508,EL GENERAL ,L,E,V,E,L,L,E,L,V,L
4509,EL GENERAL ,L,E,V,E,L,L,E,E,L,L
4510,EL GENERAL ,L,E,V,E,L,L,E,E,E,L
4511,EL GENERAL ,L,E,V,E,L,L,E,E,V,L
4512,EL GENERAL ,L,E,V,E,L,L,V,L,L,L
4513,EL GENERAL ,L,E,V,E,L,L,V,L,E,L
4514,EL GENERAL ,L,E,V,E,L,L,V,L,V,L
4515,EL GENERAL ,L,E,V,E,L,L,V,E,L,L
4516,EL GENERAL ,L,E,V,E,L,L,V,E,E,L
4517,EL GENERAL ,L,E,V,E,L,L,V,E,V,L
4518,EL GENERAL ,L,E,V,L,L,L,L,L,L,L
4519,EL GENERAL ,L,E,V,L,L,L,L,L,E,L
4520,EL GENERAL ,L,E,V,L,L,L,L,L,V,L
4521,EL GENERAL ,L,E,V,L,L,L,L,E,L,L
4522,EL GENERAL ,L,E,V,L,L,L,L,E,E,L
4523,EL GENERAL ,L,E,V,L,L,L,L,E,V,L
4524,EL GENERAL ,L,E,V,L,L,L,E,L,L,L
4525,EL GENERAL ,L,E,V,L,L,L,E,L,E,L
4526,EL GENERAL ,L,E,V,L,L,L,E,L,V,L
4527,EL GENERAL ,L,E,V,L,L,L,E,E,L,L
4528,EL GENERAL ,L,E,V,L,L,L,E,E,E,L
4529,EL GENERAL ,L,E,V,L,L,L,E,E,V,L
4530,EL GENERAL ,L,E,V,L,L,L,V,L,L,L
4531,EL GENERAL ,L,E,V,L,L,L,V,L,E,L
4532,EL GENERAL ,L,E,V,L,L,L,V,L,V,L
4533,EL GENERAL ,L,E,V,L,L,L,V,E,L,L
4534,EL GENERAL ,L,E,V,L,L,L,V,E,E,L
4535,EL GENERAL ,L,E,V,L,L,L,V,E,V,L
4536,EL GENERAL ,L,E,V,V,L,L,L,L,L,L
4537,EL GENERAL ,L,E,V,V,L,L,L,L,E,L
4538,EL GENERAL ,L,E,V,V,L,L,L,L,V,L
4539,EL GENERAL ,L,E,V,V,L,L,L,E,L,L
4540,EL GENERAL ,L,E,V,V,L,L,L,E,E,L
4541,EL GENERAL ,L,E,V,V,L,L,L,E,V,L
4542,EL GENERAL ,L,E,V,V,L,L,E,L,L,L
4543,EL GENERAL ,L,E,V,V,L,L,E,L,E,L
4544,EL GENERAL ,L,E,V,V,L,L,E,L,V,L
4545,EL GENERAL ,L,E,V,V,L,L,E,E,L,L
4546,EL GENERAL ,L,E,V,V,L,L,E,E,E,L
4547,EL GENERAL ,L,E,V,V,L,L,E,E,V,L
4548,EL GENERAL ,L,E,V,V,L,L,V,L,L,L
4549,EL GENERAL ,L,E,V,V,L,L,V,L,E,L
4550,EL GENERAL ,L,E,V,V,L,L,V,L,V,L
4551,EL GENERAL ,L,E,V,V,L,L,V,E,L,L
4552,EL GENERAL ,L,E,V,V,L,L,V,E,E,L
4553,EL GENERAL ,L,E,V,V,L,L,V,E,V,L
4554,EL GENERAL ,L,V,V,E,L,L,L,L,L,L
4555,EL GENERAL ,L,V,V,E,L,L,L,L,E,L
4556,EL GENERAL ,L,V,V,E,L,L,L,L,V,L
4557,EL GENERAL ,L,V,V,E,L,L,L,E,L,L
4558,EL GENERAL ,L,V,V,E,L,L,L,E,E,L
4559,EL GENERAL ,L,V,V,E,L,L,L,E,V,L
4560,EL GENERAL ,L,V,V,E,L,L,E,L,L,L
4561,EL GENERAL ,L,V,V,E,L,L,E,L,E,L
4562,EL GENERAL ,L,V,V,E,L,L,E,L,V,L
4563,EL GENERAL ,L,V,V,E,L,L,E,E,L,L
4564,EL GENERAL ,L,V,V,E,L,L,E,E,E,L
4565,EL GENERAL ,L,V,V,E,L,L,E,E,V,L
4566,EL GENERAL ,L,V,V,E,L,L,V,L,L,L
4567,EL GENERAL ,L,V,V,E,L,L,V,L,E,L
4568,EL GENERAL ,L,V,V,E,L,L,V,L,V,L
4569,EL GENERAL ,L,V,V,E,L,L,V,E,L,L
4570,EL GENERAL ,L,V,V,E,L,L,V,E,E,L
4571,EL GENERAL ,L,V,V,E,L,L,V,E,V,L
4572,EL GENERAL ,L,V,V,L,L,L,L,L,L,L
4573,EL GENERAL ,L,V,V,L,L,L,L,L,E,L
4574,EL GENERAL ,L,V,V,L,L,L,L,L,V,L
4575,EL GENERAL ,L,V,V,L,L,L,L,E,L,L
4576,EL GENERAL ,L,V,V,L,L,L,L,E,E,L
4577,EL GENERAL ,L,V,V,L,L,L,L,E,V,L
4578,EL GENERAL ,L,V,V,L,L,L,E,L,L,L
4579,EL GENERAL ,L,V,V,L,L,L,E,L,E,L
4580,EL GENERAL ,L,V,V,L,L,L,E,L,V,L
4581,EL GENERAL ,L,V,V,L,L,L,E,E,L,L
4582,EL GENERAL ,L,V,V,L,L,L,E,E,E,L
4583,EL GENERAL ,L,V,V,L,L,L,E,E,V,L
4584,EL GENERAL ,L,V,V,L,L,L,V,L,L,L
4585,EL GENERAL ,L,V,V,L,L,L,V,L,E,L
4586,EL GENERAL ,L,V,V,L,L,L,V,L,V,L
4587,EL GENERAL ,L,V,V,L,L,L,V,E,L,L
4588,EL GENERAL ,L,V,V,L,L,L,V,E,E,L
4589,EL GENERAL ,L,V,V,L,L,L,V,E,V,L
4590,EL GENERAL ,L,V,V,V,L,L,L,L,L,L
4591,EL GENERAL ,L,V,V,V,L,L,L,L,E,L
4592,EL GENERAL ,L,V,V,V,L,L,L,L,V,L
4593,EL GENERAL ,L,V,V,V,L,L,L,E,L,L
4594,EL GENERAL ,L,V,V,V,L,L,L,E,E,L
4595,EL GENERAL ,L,V,V,V,L,L,L,E,V,L
4596,EL GENERAL ,L,V,V,V,L,L,E,L,L,L
4597,EL GENERAL ,L,V,V,V,L,L,E,L,E,L
4598,EL GENERAL ,L,V,V,V,L,L,E,L,V,L
4599,EL GENERAL ,L,V,V,V,L,L,E,E,L,L
4600,EL GENERAL ,L,V,V,V,L,L,E,E,E,L
4601,EL GENERAL ,L,V,V,V,L,L,E,E,V,L
4602,EL GENERAL ,L,V,V,V,L,L,V,L,L,L
4603,EL GENERAL ,L,V,V,V,L,L,V,L,E,L
4604,EL GENERAL ,L,V,V,V,L,L,V,L,V,L
4605,EL GENERAL ,L,V,V,V,L,L,V,E,L,L
4606,EL GENERAL ,L,V,V,V,L,L,V,E,E,L
4607,EL GENERAL ,L,V,V,V,L,L,V,E,V,L
4608,El idolo 1557,L,V,V,V,L,L,E,L,E,L
4609,El idolo 1557,L,L,V,L,L,E,E,L,V,E
4610,El idolo 1557,E,E,V,E,L,E,E,L,V,L
4611,El idolo 1557,V,E,V,E,L,E,E,L,L,E
4612,El jaguar 76,L,L,V,L,L,L,V,L,V,L
4613,El jaguar 76,L,V,V,L,L,L,V,E,L,L
4614,El jaguar 76,V,V,V,L,L,L,V,L,V,E
4615,El jaguar 76,V,L,L,E,V,L,E,V,E,L
4616,El jaguar 76,E,E,V,L,E,V,E,L,E,L
4617,El jaguar 76,V,V,E,L,V,L,V,E,V,L
4618,EL LOBO ,L,V,V,L,L,L,L,L,L,L
4619,EL LOBO ,L,V,V,L,L,L,L,L,E,L
4620,EL LOBO ,L,V,V,L,L,L,L,E,L,L
4621,EL LOBO ,L,V,V,L,L,L,L,E,E,L
4622,EL LOBO ,L,V,V,L,L,L,V,L,L,L
4623,EL LOBO ,L,V,V,L,L,L,V,L,E,L
4624,EL LOBO ,L,V,V,L,L,L,V,E,L,L
4625,EL LOBO ,L,V,V,L,L,L,V,E,E,L
4626,EL LOBO ,L,V,V,L,L,L,E,L,L,L
4627,EL LOBO ,L,V,V,L,L,L,E,L,E,L
4628,EL LOBO ,L,V,V,L,L,L,E,E,L,L
4629,EL LOBO ,L,V,V,L,L,L,E,E,E,L
4630,EL LOBO ,L,V,V,E,L,L,L,L,L,L
4631,EL LOBO ,L,V,V,E,L,L,L,L,E,L
4632,EL LOBO ,L,V,V,E,L,L,L,E,L,L
4633,EL LOBO ,L,V,V,E,L,L,L,E,E,L
4634,EL LOBO ,L,V,V,E,L,L,V,L,L,L
4635,EL LOBO ,L,V,V,E,L,L,V,L,E,L
4636,EL LOBO ,L,V,V,E,L,L,V,E,L,L
4637,EL LOBO ,L,V,V,E,L,L,V,E,E,L
4638,EL LOBO ,L,V,V,E,L,L,E,L,L,L
4639,EL LOBO ,L,V,V,E,L,L,E,L,E,L
4640,EL LOBO ,L,V,V,E,L,L,E,E,L,L
4641,EL LOBO ,L,V,V,E,L,L,E,E,E,L
4642,EL LOBO ,L,V,E,L,L,L,L,L,L,L
4643,EL LOBO ,L,V,E,L,L,L,L,L,E,L
4644,EL LOBO ,L,V,E,L,L,L,L,E,L,L
4645,EL LOBO ,L,V,E,L,L,L,L,E,E,L
4646,EL LOBO ,L,V,E,L,L,L,V,L,L,L
4647,EL LOBO ,L,V,E,L,L,L,V,L,E,L
4648,EL LOBO ,L,V,E,L,L,L,V,E,L,L
4649,EL LOBO ,L,V,E,L,L,L,V,E,E,L
4650,EL LOBO ,L,V,E,L,L,L,E,L,L,L
4651,EL LOBO ,L,V,E,L,L,L,E,L,E,L
4652,EL LOBO ,L,V,E,L,L,L,E,E,L,L
4653,EL LOBO ,L,V,E,L,L,L,E,E,E,L
4654,EL LOBO ,L,V,E,E,L,L,L,L,L,L
4655,EL LOBO ,L,V,E,E,L,L,L,L,E,L
4656,EL LOBO ,L,V,E,E,L,L,L,E,L,L
4657,EL LOBO ,L,V,E,E,L,L,L,E,E,L
4658,EL LOBO ,L,V,E,E,L,L,V,L,L,L
4659,EL LOBO ,L,V,E,E,L,L,V,L,E,L
4660,EL LOBO ,L,V,E,E,L,L,V,E,L,L
4661,EL LOBO ,L,V,E,E,L,L,V,E,E,L
4662,EL LOBO ,L,V,E,E,L,L,E,L,L,L
4663,EL LOBO ,L,V,E,E,L,L,E,L,E,L
4664,EL LOBO ,L,V,E,E,L,L,E,E,L,L
4665,EL LOBO ,L,V,E,E,L,L,E,E,E,L
4666,EL LOBO ,L,L,V,L,L,L,L,L,L,L
4667,EL LOBO ,L,L,V,L,L,L,L,L,E,L
4668,EL LOBO ,L,L,V,L,L,L,L,E,L,L
4669,EL LOBO ,L,L,V,L,L,L,L,E,E,L
4670,EL LOBO ,L,L,V,L,L,L,V,L,L,L
4671,EL LOBO ,L,L,V,L,L,L,V,L,E,L
4672,EL LOBO ,L,L,V,L,L,L,V,E,L,L
4673,EL LOBO ,L,L,V,L,L,L,V,E,E,L
4674,EL LOBO ,L,L,V,L,L,L,E,L,L,L
4675,EL LOBO ,L,L,V,L,L,L,E,L,E,L
4676,EL LOBO ,L,L,V,L,L,L,E,E,L,L
4677,EL LOBO ,L,L,V,L,L,L,E,E,E,L
4678,EL LOBO ,L,L,V,E,L,L,L,L,L,L
4679,EL LOBO ,L,L,V,E,L,L,L,L,E,L
4680,EL LOBO ,L,L,V,E,L,L,L,E,L,L
4681,EL LOBO ,L,L,V,E,L,L,L,E,E,L
4682,EL LOBO ,L,L,V,E,L,L,V,L,L,L
4683,EL LOBO ,L,L,V,E,L,L,V,L,E,L
4684,EL LOBO ,L,L,V,E,L,L,V,E,L,L
4685,EL LOBO ,L,L,V,E,L,L,V,E,E,L
4686,EL LOBO ,L,L,V,E,L,L,E,L,L,L
4687,EL LOBO ,L,L,V,E,L,L,E,L,E,L
4688,EL LOBO ,L,L,V,E,L,L,E,E,L,L
4689,EL LOBO ,L,L,V,E,L,L,E,E,E,L
4690,EL LOBO ,L,L,E,L,L,L,L,L,L,L
4691,EL LOBO ,L,L,E,L,L,L,L,L,E,L
4692,EL LOBO ,L,L,E,L,L,L,L,E,L,L
4693,EL LOBO ,L,L,E,L,L,L,L,E,E,L
4694,EL LOBO ,L,L,E,L,L,L,V,L,L,L
4695,EL LOBO ,L,L,E,L,L,L,V,L,E,L
4696,EL LOBO ,L,L,E,L,L,L,V,E,L,L
4697,EL LOBO ,L,L,E,L,L,L,V,E,E,L
4698,EL LOBO ,L,L,E,L,L,L,E,L,L,L
4699,EL LOBO ,L,L,E,L,L,L,E,L,E,L
4700,EL LOBO ,L,L,E,L,L,L,E,E,L,L
4701,EL LOBO ,L,L,E,L,L,L,E,E,E,L
4702,EL LOBO ,L,L,E,E,L,L,L,L,L,L
4703,EL LOBO ,L,L,E,E,L,L,L,L,E,L
4704,EL LOBO ,L,L,E,E,L,L,L,E,L,L
4705,EL LOBO ,L,L,E,E,L,L,L,E,E,L
4706,EL LOBO ,L,L,E,E,L,L,V,L,L,L
4707,EL LOBO ,L,L,E,E,L,L,V,L,E,L
4708,EL LOBO ,L,L,E,E,L,L,V,E,L,L
4709,EL LOBO ,L,L,E,E,L,L,V,E,E,L
4710,EL LOBO ,L,L,E,E,L,L,E,L,L,L
4711,EL LOBO ,L,L,E,E,L,L,E,L,E,L
4712,EL LOBO ,L,L,E,E,L,L,E,E,L,L
4713,EL LOBO ,L,L,E,E,L,L,E,E,E,L
4714,EL LOBO ,E,V,V,L,L,L,L,L,L,L
4715,EL LOBO ,E,V,V,L,L,L,L,L,E,L
4716,EL LOBO ,E,V,V,L,L,L,L,E,L,L
4717,EL LOBO ,E,V,V,L,L,L,L,E,E,L
4718,EL LOBO ,E,V,V,L,L,L,V,L,L,L
4719,EL LOBO ,E,V,V,L,L,L,V,L,E,L
4720,EL LOBO ,E,V,V,L,L,L,V,E,L,L
4721,EL LOBO ,E,V,V,L,L,L,V,E,E,L
4722,EL LOBO ,E,V,V,L,L,L,E,L,L,L
4723,EL LOBO ,E,V,V,L,L,L,E,L,E,L
4724,EL LOBO ,E,V,V,L,L,L,E,E,L,L
4725,EL LOBO ,E,V,V,L,L,L,E,E,E,L
4726,EL LOBO ,E,V,V,E,L,L,L,L,L,L
4727,EL LOBO ,E,V,V,E,L,L,L,L,E,L
4728,EL LOBO ,E,V,V,E,L,L,L,E,L,L
4729,EL LOBO ,E,V,V,E,L,L,L,E,E,L
4730,EL LOBO ,E,V,V,E,L,L,V,L,L,L
4731,EL LOBO ,E,V,V,E,L,L,V,L,E,L
4732,EL LOBO ,E,V,V,E,L,L,V,E,L,L
4733,EL LOBO ,E,V,V,E,L,L,V,E,E,L
4734,EL LOBO ,E,V,V,E,L,L,E,L,L,L
4735,EL LOBO ,E,V,V,E,L,L,E,L,E,L
4736,EL LOBO ,E,V,V,E,L,L,E,E,L,L
4737,EL LOBO ,E,V,V,E,L,L,E,E,E,L
4738,EL LOBO ,E,V,E,L,L,L,L,L,L,L
4739,EL LOBO ,E,V,E,L,L,L,L,L,E,L
4740,EL LOBO ,E,V,E,L,L,L,L,E,L,L
4741,EL LOBO ,E,V,E,L,L,L,L,E,E,L
4742,EL LOBO ,E,V,E,L,L,L,V,L,L,L
4743,EL LOBO ,E,V,E,L,L,L,V,L,E,L
4744,EL LOBO ,E,V,E,L,L,L,V,E,L,L
4745,EL LOBO ,E,V,E,L,L,L,V,E,E,L
4746,EL LOBO ,E,V,E,L,L,L,E,L,L,L
4747,EL LOBO ,E,V,E,L,L,L,E,L,E,L
4748,EL LOBO ,E,V,E,L,L,L,E,E,L,L
4749,EL LOBO ,E,V,E,L,L,L,E,E,E,L
4750,EL LOBO ,E,V,E,E,L,L,L,L,L,L
4751,EL LOBO ,E,V,E,E,L,L,L,L,E,L
4752,EL LOBO ,E,V,E,E,L,L,L,E,L,L
4753,EL LOBO ,E,V,E,E,L,L,L,E,E,L
4754,EL LOBO ,E,V,E,E,L,L,V,L,L,L
4755,EL LOBO ,E,V,E,E,L,L,V,L,E,L
4756,EL LOBO ,E,V,E,E,L,L,V,E,L,L
4757,EL LOBO ,E,V,E,E,L,L,V,E,E,L
4758,EL LOBO ,E,V,E,E,L,L,E,L,L,L
4759,EL LOBO ,E,V,E,E,L,L,E,L,E,L
4760,EL LOBO ,E,V,E,E,L,L,E,E,L,L
4761,EL LOBO ,E,V,E,E,L,L,E,E,E,L
4762,EL LOBO ,E,L,V,L,L,L,L,L,L,L
4763,EL LOBO ,E,L,V,L,L,L,L,L,E,L
4764,EL LOBO ,E,L,V,L,L,L,L,E,L,L
4765,EL LOBO ,E,L,V,L,L,L,L,E,E,L
4766,EL LOBO ,E,L,V,L,L,L,V,L,L,L
4767,EL LOBO ,E,L,V,L,L,L,V,L,E,L
4768,EL LOBO ,E,L,V,L,L,L,V,E,L,L
4769,EL LOBO ,E,L,V,L,L,L,V,E,E,L
4770,EL LOBO ,E,L,V,L,L,L,E,L,L,L
4771,EL LOBO ,E,L,V,L,L,L,E,L,E,L
4772,EL LOBO ,E,L,V,L,L,L,E,E,L,L
4773,EL LOBO ,E,L,V,L,L,L,E,E,E,L
4774,EL LOBO ,E,L,V,E,L,L,L,L,L,L
4775,EL LOBO ,E,L,V,E,L,L,L,L,E,L
4776,EL LOBO ,E,L,V,E,L,L,L,E,L,L
4777,EL LOBO ,E,L,V,E,L,L,L,E,E,L
4778,EL LOBO ,E,L,V,E,L,L,V,L,L,L
4779,EL LOBO ,E,L,V,E,L,L,V,L,E,L
4780,EL LOBO ,E,L,V,E,L,L,V,E,L,L
4781,EL LOBO ,E,L,V,E,L,L,V,E,E,L
4782,EL LOBO ,E,L,V,E,L,L,E,L,L,L
4783,EL LOBO ,E,L,V,E,L,L,E,L,E,L
4784,EL LOBO ,E,L,V,E,L,L,E,E,L,L
4785,EL LOBO ,E,L,V,E,L,L,E,E,E,L
4786,EL LOBO ,E,L,E,L,L,L,L,L,L,L
4787,EL LOBO ,E,L,E,L,L,L,L,L,E,L
4788,EL LOBO ,E,L,E,L,L,L,L,E,L,L
4789,EL LOBO ,E,L,E,L,L,L,L,E,E,L
4790,EL LOBO ,E,L,E,L,L,L,V,L,L,L
4791,EL LOBO ,E,L,E,L,L,L,V,L,E,L
4792,EL LOBO ,E,L,E,L,L,L,V,E,L,L
4793,EL LOBO ,E,L,E,L,L,L,V,E,E,L
4794,EL LOBO ,E,L,E,L,L,L,E,L,L,L
4795,EL LOBO ,E,L,E,L,L,L,E,L,E,L
4796,EL LOBO ,E,L,E,L,L,L,E,E,L,L
4797,EL LOBO ,E,L,E,L,L,L,E,E,E,L
4798,EL LOBO ,E,L,E,E,L,L,L,L,L,L
4799,EL LOBO ,E,L,E,E,L,L,L,L,E,L
4800,EL LOBO ,E,L,E,E,L,L,L,E,L,L
4801,EL LOBO ,E,L,E,E,L,L,L,E,E,L
4802,EL LOBO ,E,L,E,E,L,L,V,L,L,L
4803,EL LOBO ,E,L,E,E,L,L,V,L,E,L
4804,EL LOBO ,E,L,E,E,L,L,V,E,L,L
4805,EL LOBO ,E,L,E,E,L,L,V,E,E,L
4806,EL LOBO ,E,L,E,E,L,L,E,L,L,L
4807,EL LOBO ,E,L,E,E,L,L,E,L,E,L
4808,EL LOBO ,E,L,E,E,L,L,E,E,L,L
4809,EL LOBO ,E,L,E,E,L,L,E,E,E,L
4810,El lomaloxbue,L,V,L,V,L,E,V,V,L,V
4811,EL MAGUEY 781,E,E,E,V,E,L,V,L,V,L
4812,EL MAGUEY 781,L,L,E,E,L,E,L,E,L,L
4813,EL MAGUEY 781,L,L,L,L,V,V,L,L,L,E
4814,EL MAGUEY 781,L,V,L,L,V,E,L,E,E,V
4815,EL MAGUEY 781 ,L,L,V,L,E,L,V,L,L,V
4816,EL MAGUEY 781 ,L,L,V,L,E,L,V,L,V,V
4817,EL MAGUEY 781 ,L,L,V,L,L,L,V,L,L,V
4818,EL MAGUEY 781 ,L,L,V,L,L,L,V,L,V,V
4819,EL MAGUEY 781 ,L,E,V,L,E,L,V,L,L,V
4820,EL MAGUEY 781 ,L,E,V,L,E,L,V,L,V,V
4821,EL MAGUEY 781 ,L,E,V,L,L,L,V,L,L,V
4822,EL MAGUEY 781 ,L,E,V,L,L,L,V,L,V,V
4823,EL MAGUEY 781 ,L,L,V,E,L,L,E,V,L,V
4824,EL MAGUEY 781 ,L,L,V,E,V,L,E,V,L,V
4825,EL MAGUEY 781 ,L,L,V,V,L,L,E,V,L,V
4826,EL MAGUEY 781 ,L,L,V,V,V,L,E,V,L,V
4827,EL MAGUEY 781 ,L,V,V,E,L,L,E,V,L,V
4828,EL MAGUEY 781 ,L,V,V,E,V,L,E,V,L,V
4829,EL MAGUEY 781 ,L,V,V,V,L,L,E,V,L,V
4830,EL MAGUEY 781 ,L,V,V,V,V,L,E,V,L,V
4831,EL MILTON MARIO ⚽🐐,L,L,V,V,L,L,V,L,V,E
4832,EL MILTON MARIO ⚽🐐,L,E,V,L,E,L,V,L,E,E
4833,EL MILTON MARIO ⚽🐐,L,L,E,V,L,E,V,L,V,E
4834,El misil,L,L,L,L,L,L,L,L,L,L
4835,El misil,L,L,L,V,V,L,V,V,L,L
4836,El misil,E,E,L,L,L,L,L,V,L,L
4837,El Mocho,L,V,V,E,L,L,L,L,V,L
4838,El Mocho,E,L,V,V,L,L,E,L,V,E
4839,El moto,L,L,V,E,L,V,E,E,E,L
4840,El moto,E,L,V,L,L,L,L,L,V,L
4841,El moto,L,L,L,L,L,L,L,L,L,L
4842,El moto,V,L,V,L,V,E,L,E,V,L
4843,El moto,E,E,V,E,L,E,L,L,L,E
4844,El moto,L,L,V,L,L,L,V,L,E,L
4845,El moto,E,V,V,L,E,E,V,V,E,L
4846,El moto,L,V,V,L,L,L,L,L,V,L
4847,El mudo,L,E,V,E,L,L,E,L,E,L
4848,El mudo,L,V,V,V,L,L,L,L,V,E
4849,El mudo,L,E,V,V,L,E,V,L,V,E
4850,El niño de oro,L,L,V,L,L,L,L,L,L,E
4851,El niño de oro,L,E,V,E,L,L,V,L,E,L
4852,El niño de oro,L,V,V,E,L,L,E,L,V,L
4853,El niño de oro,L,E,V,V,L,E,V,L,E,L
4854,EL OROZCO IAM ,L,L,V,L,L,L,L,V,L,L
4855,EL OROZCO IAM ,L,L,V,L,L,L,L,L,L,L
4856,EL OROZCO IAM ,L,L,V,L,L,L,V,V,L,L
4857,EL OROZCO IAM ,L,L,V,L,L,L,V,L,L,L
4858,EL OROZCO IAM ,L,V,V,L,L,L,L,V,L,L
4859,EL OROZCO IAM ,L,V,V,L,L,L,L,L,L,L
4860,EL OROZCO IAM ,L,V,V,L,L,L,V,V,L,L
4861,EL OROZCO IAM ,L,V,V,L,L,L,V,L,L,L
4862,El Parce ,L,V,E,E,L,L,V,L,L,L
4863,El Parce ,L,V,E,E,L,L,V,L,V,L
4864,El Parce ,L,V,E,L,L,L,V,L,L,L
4865,El Parce ,L,V,E,L,L,L,V,L,V,L
4866,El Parce ,L,V,V,E,L,L,V,L,L,L
4867,El Parce ,L,V,V,E,L,L,V,L,V,L
4868,El Parce ,L,V,V,L,L,L,V,L,L,L
4869,El Parce ,L,V,V,L,L,L,V,L,V,L
4870,El PIFAS,L,V,V,L,E,V,L,E,E,L
4871,El PIFAS,L,L,L,E,L,V,V,V,L,L
4872,El PIFAS,E,E,V,L,V,L,V,L,V,L
4873,El popo zamarron,L,V,V,V,L,L,V,L,L,E
4874,El popo zamarron,L,L,V,L,E,L,V,E,V,L
4875,El popo zamarron,L,V,L,L,L,V,L,L,E,E
4876,El popo zamarron,E,L,V,V,L,L,V,L,V,L
4877,El popo zamarron,V,V,E,V,E,L,V,E,L,V
4878,El popo zamarron,E,E,E,E,V,L,E,E,E,V
4879,El popo zamarron,E,V,V,E,L,E,V,L,L,V
4880,El popo zamarron,L,L,E,E,E,L,L,V,V,E
4881,El popo zamarron,V,E,V,L,V,V,E,V,L,E
4882,El puma,L,L,V,L,L,L,L,E,V,L
4883,El puma,L,V,V,L,L,L,L,L,V,L
4884,El puma,L,E,V,L,L,L,V,L,E,L
4885,El Sabroso Carrillo,L,E,V,E,L,L,E,L,E,L
4886,El Sabroso Carrillo,L,V,L,V,L,L,E,E,E,L
4887,EL TAPIA,L,L,V,L,L,L,V,E,E,L
4888,EL TE V VOLOS,L,V,V,L,L,L,V,L,L,V
4889,El tigre de Guadalaj ,L,L,V,V,E,L,E,L,L,V
4890,El tigre de Guadalaj ,L,L,V,V,E,V,E,L,L,V
4891,El tigre de Guadalaj ,L,L,V,V,L,L,E,L,L,V
4892,El tigre de Guadalaj ,L,L,V,V,L,V,E,L,L,V
4893,El tigre de Guadalaj ,L,E,V,V,E,L,E,L,L,V
4894,El tigre de Guadalaj ,L,E,V,V,E,V,E,L,L,V
4895,El tigre de Guadalaj ,L,E,V,V,L,L,E,L,L,V
4896,El tigre de Guadalaj ,L,E,V,V,L,V,E,L,L,V
4897,El tigre de Guadalaj ,L,E,V,L,V,L,V,L,E,L
4898,El tigre de Guadalaj ,L,E,V,L,V,L,E,L,E,L
4899,El tigre de Guadalaj ,L,E,V,E,V,L,V,L,E,L
4900,El tigre de Guadalaj ,L,E,V,E,V,L,E,L,E,L
4901,El tigre de Guadalaj ,L,V,V,L,V,L,V,L,E,L
4902,El tigre de Guadalaj ,L,V,V,L,V,L,E,L,E,L
4903,El tigre de Guadalaj ,L,V,V,E,V,L,V,L,E,L
4904,El tigre de Guadalaj ,L,V,V,E,V,L,E,L,E,L
4905,El vic ,L,V,V,L,L,E,E,L,V,V
4906,El vic ,L,V,V,L,L,E,E,L,E,V
4907,El vic ,L,E,V,L,L,E,E,L,V,V
4908,El vic ,L,E,V,L,L,E,E,L,E,V
4909,El XPOREL,V,L,V,E,L,V,V,V,V,E
4910,Elbimbo7,L,E,L,L,L,E,L,L,L,L
4911,Elbimbo7,L,L,L,L,L,L,L,L,E,E
4912,Elbimbo7,E,V,V,L,E,V,V,L,L,L
4913,Elbimbo7,L,L,V,L,E,L,L,L,V,E
4914,Elbimbo7,V,V,E,E,V,L,E,E,L,L
4915,Elchame4,L,L,V,V,L,V,L,L,E,V
4916,Elchame4,V,L,E,V,L,V,L,E,E,E
4917,Elchame4,E,E,V,V,L,E,E,L,L,V
4918,Elchame4,L,E,V,V,V,V,V,L,V,V
4919,Elchame4,V,L,E,E,E,E,E,E,E,E
4920,Elena ocampo,L,V,V,E,L,L,E,E,V,E
4921,Elena ocampo,E,L,L,E,E,V,V,E,V,L
4922,Elena ocampo,V,E,L,V,E,V,E,L,E,V
4923,ELIAS PEREZ AVILA,L,E,V,L,L,V,V,E,L,V
4924,ELIAS PEREZ AVILA,L,V,V,E,L,L,E,L,V,V
4925,ELIAS PEREZ AVILA,E,V,V,V,E,E,L,L,L,L
4926,ELIAS PEREZ AVILA,E,E,V,L,L,V,E,L,L,L
4927,ELIAS PEREZ AVILA,V,V,V,V,E,V,L,L,E,V
4928,ELIAS TADEO 89,L,L,V,L,L,L,V,L,L,L
4929,ELIAS TADEO 89,L,E,V,L,L,E,E,L,L,L
4930,ELIAS TADEO 89,L,E,V,L,L,L,V,E,L,L
4931,ELIAS TADEO 89,L,V,V,L,L,V,E,E,L,L
4932,ELIAS TADEO 89,L,V,V,L,L,V,L,L,L,L
4933,ELIAS TADEO 89,L,L,V,L,L,E,E,L,L,L
4934,ELIAZAR AGUILAR,L,V,V,L,V,L,V,L,L,L
4935,ELIAZAR AGUILAR,L,V,V,V,L,V,L,L,L,L
4936,ELIAZAR AGUILAR,E,E,V,L,L,L,E,L,E,L
4937,ELMALDITOINFELIZ,V,L,V,E,L,V,E,L,E,V
4938,ELMALDITOINFELIZ,L,L,E,V,V,L,L,V,E,E
4939,ELMALDITOINFELIZ ,L,L,V,L,L,L,L,L,L,E
4940,ELMALDITOINFELIZ ,L,L,V,L,L,L,L,L,V,E
4941,ELMALDITOINFELIZ ,L,L,V,L,L,L,L,V,L,E
4942,ELMALDITOINFELIZ ,L,L,V,L,L,L,L,V,V,E
4943,ELMALDITOINFELIZ ,L,L,V,L,L,L,V,L,L,E
4944,ELMALDITOINFELIZ ,L,L,V,L,L,L,V,L,V,E
4945,ELMALDITOINFELIZ ,L,L,V,L,L,L,V,V,L,E
4946,ELMALDITOINFELIZ ,L,L,V,L,L,L,V,V,V,E
4947,ELMALDITOINFELIZ ,L,L,V,L,L,V,L,L,L,E
4948,ELMALDITOINFELIZ ,L,L,V,L,L,V,L,L,V,E
4949,ELMALDITOINFELIZ ,L,L,V,L,L,V,L,V,L,E
4950,ELMALDITOINFELIZ ,L,L,V,L,L,V,L,V,V,E
4951,ELMALDITOINFELIZ ,L,L,V,L,L,V,V,L,L,E
4952,ELMALDITOINFELIZ ,L,L,V,L,L,V,V,L,V,E
4953,ELMALDITOINFELIZ ,L,L,V,L,L,V,V,V,L,E
4954,ELMALDITOINFELIZ ,L,L,V,L,L,V,V,V,V,E
4955,ELMALDITOINFELIZ ,L,E,V,L,L,L,L,L,L,E
4956,ELMALDITOINFELIZ ,L,E,V,L,L,L,L,L,V,E
4957,ELMALDITOINFELIZ ,L,E,V,L,L,L,L,V,L,E
4958,ELMALDITOINFELIZ ,L,E,V,L,L,L,L,V,V,E
4959,ELMALDITOINFELIZ ,L,E,V,L,L,L,V,L,L,E
4960,ELMALDITOINFELIZ ,L,E,V,L,L,L,V,L,V,E
4961,ELMALDITOINFELIZ ,L,E,V,L,L,L,V,V,L,E
4962,ELMALDITOINFELIZ ,L,E,V,L,L,L,V,V,V,E
4963,ELMALDITOINFELIZ ,L,E,V,L,L,V,L,L,L,E
4964,ELMALDITOINFELIZ ,L,E,V,L,L,V,L,L,V,E
4965,ELMALDITOINFELIZ ,L,E,V,L,L,V,L,V,L,E
4966,ELMALDITOINFELIZ ,L,E,V,L,L,V,L,V,V,E
4967,ELMALDITOINFELIZ ,L,E,V,L,L,V,V,L,L,E
4968,ELMALDITOINFELIZ ,L,E,V,L,L,V,V,L,V,E
4969,ELMALDITOINFELIZ ,L,E,V,L,L,V,V,V,L,E
4970,ELMALDITOINFELIZ ,L,E,V,L,L,V,V,V,V,E
4971,ELMALDITOINFELIZ ,L,V,V,L,L,L,L,L,L,E
4972,ELMALDITOINFELIZ ,L,V,V,L,L,L,L,L,V,E
4973,ELMALDITOINFELIZ ,L,V,V,L,L,L,L,V,L,E
4974,ELMALDITOINFELIZ ,L,V,V,L,L,L,L,V,V,E
4975,ELMALDITOINFELIZ ,L,V,V,L,L,L,V,L,L,E
4976,ELMALDITOINFELIZ ,L,V,V,L,L,L,V,L,V,E
4977,ELMALDITOINFELIZ ,L,V,V,L,L,L,V,V,L,E
4978,ELMALDITOINFELIZ ,L,V,V,L,L,L,V,V,V,E
4979,ELMALDITOINFELIZ ,L,V,V,L,L,V,L,L,L,E
4980,ELMALDITOINFELIZ ,L,V,V,L,L,V,L,L,V,E
4981,ELMALDITOINFELIZ ,L,V,V,L,L,V,L,V,L,E
4982,ELMALDITOINFELIZ ,L,V,V,L,L,V,L,V,V,E
4983,ELMALDITOINFELIZ ,L,V,V,L,L,V,V,L,L,E
4984,ELMALDITOINFELIZ ,L,V,V,L,L,V,V,L,V,E
4985,ELMALDITOINFELIZ ,L,V,V,L,L,V,V,V,L,E
4986,ELMALDITOINFELIZ ,L,V,V,L,L,V,V,V,V,E
4987,Elmo jones,L,L,V,L,L,L,V,L,L,L
4988,Elmo jones,L,V,V,E,L,L,E,L,E,L
4989,Elmo jones,L,E,V,L,L,L,E,L,E,L
4990,Elmo jones,V,E,E,E,V,L,E,V,V,E
4991,Elmo jones,E,V,V,E,V,L,E,L,E,V
4992,Elmo jones,E,E,V,E,V,E,E,E,E,E
4993,Elmorro28,L,V,V,E,V,L,L,L,E,V
4994,Elmorro28,L,V,V,L,V,L,L,L,E,L
4995,Elmorro28,L,L,V,E,L,E,E,V,V,V
4996,Elmorro28,L,V,E,V,V,L,L,L,E,V
4997,Elmorro28,L,L,E,L,V,L,L,L,L,V
4998,Emilio villa mendez,L,E,V,L,E,L,V,L,L,V
4999,Emilio villa mendez,L,V,V,L,V,L,E,L,E,V
5000,Emmanuel Pérez M,E,L,V,E,L,L,L,L,V,L
5001,Emmanuel Pérez M,L,L,V,E,L,E,E,E,V,L
5002,Emmanuel Pérez M,L,V,V,E,E,L,L,L,E,E
5003,Emmanuel Pérez M,L,V,V,L,E,L,V,L,V,L
5004,Emmanuel Sandoval,L,E,E,V,L,L,E,L,E,E
5005,Emmanuel Sandoval,L,E,V,E,L,V,V,E,L,L
5006,EmmanuelEcatepec,E,V,V,L,V,E,L,V,L,L
5007,EmmanuelEcatepec,L,V,L,E,E,V,E,E,L,L
5008,EmmanuelEcatepec,V,L,V,L,V,L,V,E,L,V
5009,EmmanuelEcatepec,V,E,L,L,V,E,E,L,E,V
5010,EmmanuelEcatepec,L,E,E,L,L,L,E,L,E,L
5011,EmmanuelEcatepec,L,L,E,E,L,E,L,V,E,E
5012,Enigma ,L,E,V,L,E,L,E,L,L,L
5013,Enigma ,L,E,V,L,E,L,V,L,L,L
5014,Enigma ,L,E,V,L,L,L,E,L,L,L
5015,Enigma ,L,E,V,L,L,L,V,L,L,L
5016,Enigma ,L,E,V,V,E,L,E,L,L,L
5017,Enigma ,L,E,V,V,E,L,V,L,L,L
5018,Enigma ,L,E,V,V,L,L,E,L,L,L
5019,Enigma ,L,E,V,V,L,L,V,L,L,L
5020,Enigma ,L,V,E,V,L,V,V,V,L,L
5021,Enigma ,L,V,E,V,L,L,V,V,L,L
5022,Enigma ,L,L,E,V,L,V,V,V,L,L
5023,Enigma ,L,L,E,V,L,L,V,V,L,L
5024,Enrique G,L,E,V,L,L,L,E,L,L,L
5025,Enrique G,L,V,V,L,L,E,V,E,E,L
5026,Enrique G,L,L,V,E,L,L,E,V,L,L
5027,Enrique hernandez ortiz,L,V,V,E,L,L,V,L,E,E
5028,Enrique hernandez ortiz,L,V,V,V,L,L,V,L,V,E
5029,Enrique hernandez ortiz,V,E,V,L,E,L,L,V,L,L
5030,Enrique hernandez ortiz,L,L,V,V,E,V,L,V,V,L
5031,Enrique hernandez Ortiz,E,V,V,V,L,E,E,V,E,L
5032,Enrique miranda,L,E,V,V,E,L,V,E,V,E
5033,Enrique miranda,L,E,V,L,E,L,V,E,E,E
5034,Enrique Pineda,L,V,L,L,L,L,L,L,L,L
5035,Enrique Pineda,V,E,V,E,L,E,V,E,V,L
5036,Enrique Sánchez,L,V,V,L,L,E,L,L,E,L
5037,Enrique Sánchez,L,E,V,E,L,L,L,V,E,L
5038,Enrique Vizcaino,L,V,V,L,L,L,V,L,V,L
5039,Enrique Vizcaino,L,V,V,E,E,E,E,E,E,L
5040,Enrique Vizcaino,L,V,V,L,L,L,V,L,V,L
5041,Enrique Vizcaino,L,V,L,V,L,V,L,V,L,V
5042,Enrique Vizcaino,V,E,V,E,V,E,V,E,V,L
5043,Enrique Vizcaino,L,V,E,V,V,L,E,L,L,V
5044,Enrique Vizcaino,E,L,L,V,E,V,E,V,L,L
5045,Enrique Vizcaino,E,L,E,V,E,L,E,V,E,L
5046,Enrique Vizcaino,E,V,V,V,V,L,L,L,L,L
5047,Enrique Vizcaino,V,V,V,L,V,L,V,L,V,L
5048,Enrique Vizcaino,L,L,V,L,L,L,V,L,V,L
5049,Enrique Vizcaino,L,L,V,E,L,L,V,L,V,L
5050,Enrique Vizcaino,L,V,V,E,V,L,V,L,L,L
5051,Enrique Vizcaino,L,E,V,E,L,L,E,L,E,L
5052,Enrique Vizcaino,E,E,V,E,L,L,V,E,L,L
5053,Enrique Vizcaino,V,L,V,L,V,L,V,L,V,L
5054,Enrique Vizcaino,L,V,L,V,L,V,L,V,L,V
5055,Enrique Vizcaino,V,V,V,V,V,L,V,L,L,L
5056,Enrique Vizcaino,L,E,V,L,L,L,L,L,L,L
5057,Enrique Vizcaino,L,L,V,L,L,L,E,L,L,L
5058,Enrique Vizcaino,V,V,V,V,V,V,V,L,L,L
5059,Enrique Vizcaino,L,E,V,E,L,E,V,E,L,L
5060,Enrique Vizcaino,L,V,V,E,V,L,V,V,V,L
5061,Enrique Vizcaino,L,E,L,E,V,E,E,E,V,V
5062,Enrique Vizcaino,L,V,L,L,E,E,L,L,V,V
5063,Enrique Vizcaino,V,L,L,V,V,V,L,V,L,V
5064,Enrique Vizcaino,V,V,V,V,V,L,V,L,E,L
5065,Enrique Vizcaino,L,V,V,L,L,L,L,L,L,L
5066,Enrique Vizcaino,L,L,L,E,L,L,L,L,L,L
5067,Enrique Vizcaino,L,V,L,V,L,V,L,V,L,V
5068,Erik 19🐇,L,V,V,E,L,L,L,L,L,L
5069,Erik 19🐇,L,E,V,V,L,E,V,L,E,L
5070,Erik 19🐇,L,V,V,V,L,L,E,L,V,L
5071,Erik 19🐇,L,L,V,L,L,L,L,L,L,L
5072,Erik 19🐇,L,E,V,V,L,E,E,V,V,L
5073,Erika Rodriguez Ruiz,L,L,V,L,E,E,E,L,L,L
5074,Erne maravilla,L,V,E,L,L,L,E,L,V,L
5075,Erne maravilla,L,L,V,L,L,E,E,V,L,V
5076,Erne maravilla,L,E,E,V,L,E,V,V,E,V
5077,Erne maravilla,E,E,V,E,V,L,E,L,L,L
5078,Erne maravilla,E,E,V,V,L,L,L,L,V,V
5079,Ernesto mb,L,L,V,L,L,L,V,L,L,L
5080,Ernesto mb,L,E,V,L,L,L,V,L,L,L
5081,Ernesto mb,L,V,V,L,L,L,V,L,L,L
5082,Ernesto mb,L,V,V,V,L,E,L,L,L,L
5083,Ernesto mb,E,V,V,E,E,L,V,E,E,L
5084,Ernesto 👏🏽👏🏽👏🏽,L,E,V,E,L,L,E,L,V,V
5085,Ernesto 👏🏽👏🏽👏🏽,E,V,V,V,E,L,L,L,L,L
5086,Ernesto 👏🏽👏🏽👏🏽 ,L,E,L,L,L,V,L,V,V,E
5087,Ernesto 👏🏽👏🏽👏🏽 ,L,E,L,L,L,V,L,E,V,E
5088,Ernesto 👏🏽👏🏽👏🏽 ,L,E,L,L,E,V,L,V,V,E
5089,Ernesto 👏🏽👏🏽👏🏽 ,L,E,L,L,E,V,L,E,V,E
5090,Ernesto 👏🏽👏🏽👏🏽 ,L,E,L,V,L,V,L,V,V,E
5091,Ernesto 👏🏽👏🏽👏🏽 ,L,E,L,V,L,V,L,E,V,E
5092,Ernesto 👏🏽👏🏽👏🏽 ,L,E,L,V,E,V,L,V,V,E
5093,Ernesto 👏🏽👏🏽👏🏽 ,L,E,L,V,E,V,L,E,V,E
5094,Ernesto 👏🏽👏🏽👏🏽 ,L,E,V,L,L,V,L,V,V,E
5095,Ernesto 👏🏽👏🏽👏🏽 ,L,E,V,L,L,V,L,E,V,E
5096,Ernesto 👏🏽👏🏽👏🏽 ,L,E,V,L,E,V,L,V,V,E
5097,Ernesto 👏🏽👏🏽👏🏽 ,L,E,V,L,E,V,L,E,V,E
5098,Ernesto 👏🏽👏🏽👏🏽 ,L,E,V,V,L,V,L,V,V,E
5099,Ernesto 👏🏽👏🏽👏🏽 ,L,E,V,V,L,V,L,E,V,E
5100,Ernesto 👏🏽👏🏽👏🏽 ,L,E,V,V,E,V,L,V,V,E
5101,Ernesto 👏🏽👏🏽👏🏽 ,L,E,V,V,E,V,L,E,V,E
5102,Ernesto 👏🏽👏🏽👏🏽 ,L,V,L,L,L,V,L,V,V,E
5103,Ernesto 👏🏽👏🏽👏🏽 ,L,V,L,L,L,V,L,E,V,E
5104,Ernesto 👏🏽👏🏽👏🏽 ,L,V,L,L,E,V,L,V,V,E
5105,Ernesto 👏🏽👏🏽👏🏽 ,L,V,L,L,E,V,L,E,V,E
5106,Ernesto 👏🏽👏🏽👏🏽 ,L,V,L,V,L,V,L,V,V,E
5107,Ernesto 👏🏽👏🏽👏🏽 ,L,V,L,V,L,V,L,E,V,E
5108,Ernesto 👏🏽👏🏽👏🏽 ,L,V,L,V,E,V,L,V,V,E
5109,Ernesto 👏🏽👏🏽👏🏽 ,L,V,L,V,E,V,L,E,V,E
5110,Ernesto 👏🏽👏🏽👏🏽 ,L,V,V,L,L,V,L,V,V,E
5111,Ernesto 👏🏽👏🏽👏🏽 ,L,V,V,L,L,V,L,E,V,E
5112,Ernesto 👏🏽👏🏽👏🏽 ,L,V,V,L,E,V,L,V,V,E
5113,Ernesto 👏🏽👏🏽👏🏽 ,L,V,V,L,E,V,L,E,V,E
5114,Ernesto 👏🏽👏🏽👏🏽 ,L,V,V,V,L,V,L,V,V,E
5115,Ernesto 👏🏽👏🏽👏🏽 ,L,V,V,V,L,V,L,E,V,E
5116,Ernesto 👏🏽👏🏽👏🏽 ,L,V,V,V,E,V,L,V,V,E
5117,Ernesto 👏🏽👏🏽👏🏽 ,L,V,V,V,E,V,L,E,V,E
5118,Ernesto 👏🏽👏🏽👏🏽 ,E,E,L,L,L,V,L,V,V,E
5119,Ernesto 👏🏽👏🏽👏🏽 ,E,E,L,L,L,V,L,E,V,E
5120,Ernesto 👏🏽👏🏽👏🏽 ,E,E,L,L,E,V,L,V,V,E
5121,Ernesto 👏🏽👏🏽👏🏽 ,E,E,L,L,E,V,L,E,V,E
5122,Ernesto 👏🏽👏🏽👏🏽 ,E,E,L,V,L,V,L,V,V,E
5123,Ernesto 👏🏽👏🏽👏🏽 ,E,E,L,V,L,V,L,E,V,E
5124,Ernesto 👏🏽👏🏽👏🏽 ,E,E,L,V,E,V,L,V,V,E
5125,Ernesto 👏🏽👏🏽👏🏽 ,E,E,L,V,E,V,L,E,V,E
5126,Ernesto 👏🏽👏🏽👏🏽 ,E,E,V,L,L,V,L,V,V,E
5127,Ernesto 👏🏽👏🏽👏🏽 ,E,E,V,L,L,V,L,E,V,E
5128,Ernesto 👏🏽👏🏽👏🏽 ,E,E,V,L,E,V,L,V,V,E
5129,Ernesto 👏🏽👏🏽👏🏽 ,E,E,V,L,E,V,L,E,V,E
5130,Ernesto 👏🏽👏🏽👏🏽 ,E,E,V,V,L,V,L,V,V,E
5131,Ernesto 👏🏽👏🏽👏🏽 ,E,E,V,V,L,V,L,E,V,E
5132,Ernesto 👏🏽👏🏽👏🏽 ,E,E,V,V,E,V,L,V,V,E
5133,Ernesto 👏🏽👏🏽👏🏽 ,E,E,V,V,E,V,L,E,V,E
5134,Ernesto 👏🏽👏🏽👏🏽 ,E,V,L,L,L,V,L,V,V,E
5135,Ernesto 👏🏽👏🏽👏🏽 ,E,V,L,L,L,V,L,E,V,E
5136,Ernesto 👏🏽👏🏽👏🏽 ,E,V,L,L,E,V,L,V,V,E
5137,Ernesto 👏🏽👏🏽👏🏽 ,E,V,L,L,E,V,L,E,V,E
5138,Ernesto 👏🏽👏🏽👏🏽 ,E,V,L,V,L,V,L,V,V,E
5139,Ernesto 👏🏽👏🏽👏🏽 ,E,V,L,V,L,V,L,E,V,E
5140,Ernesto 👏🏽👏🏽👏🏽 ,E,V,L,V,E,V,L,V,V,E
5141,Ernesto 👏🏽👏🏽👏🏽 ,E,V,L,V,E,V,L,E,V,E
5142,Ernesto 👏🏽👏🏽👏🏽 ,E,V,V,L,L,V,L,V,V,E
5143,Ernesto 👏🏽👏🏽👏🏽 ,E,V,V,L,L,V,L,E,V,E
5144,Ernesto 👏🏽👏🏽👏🏽 ,E,V,V,L,E,V,L,V,V,E
5145,Ernesto 👏🏽👏🏽👏🏽 ,E,V,V,L,E,V,L,E,V,E
5146,Ernesto 👏🏽👏🏽👏🏽 ,E,V,V,V,L,V,L,V,V,E
5147,Ernesto 👏🏽👏🏽👏🏽 ,E,V,V,V,L,V,L,E,V,E
5148,Ernesto 👏🏽👏🏽👏🏽 ,E,V,V,V,E,V,L,V,V,E
5149,Ernesto 👏🏽👏🏽👏🏽 ,E,V,V,V,E,V,L,E,V,E
5150,Escobedo1980,L,E,V,L,L,V,V,L,L,V
5151,Escobedo1980,L,V,V,V,L,L,L,L,V,L
5152,Escobedo1980,L,L,V,V,L,L,L,L,V,L
5153,Escobedo1980,L,V,V,V,L,V,V,L,V,V
5154,Escobedo1980,L,E,V,L,L,V,V,L,E,L
5155,Escobedo1980 ,L,L,V,L,L,V,L,L,L,L
5156,Escobedo1980 ,L,L,V,E,L,V,L,L,L,L
5157,esdraskratos90,L,V,V,V,L,L,V,E,E,V
5158,esdraskratos90,E,L,E,E,V,V,L,E,L,E
5159,esdraskratos90,E,V,V,L,L,E,V,E,V,L
5160,ESPIBARGJ,L,L,L,L,L,L,L,L,L,L
5161,ESPIBARGJ,L,V,V,L,V,L,L,L,L,L
5162,ESPIBARGJ,E,E,L,L,E,E,E,E,L,L
5163,ESPIBARGJ,L,L,L,L,L,V,V,L,V,L
5164,ESPIGON,L,V,V,L,V,L,V,L,L,L
5165,ESPIGON,L,E,V,L,L,L,V,L,E,E
5166,ESPIGON,L,L,V,V,L,E,E,L,L,V
5167,ESPIGON,L,V,V,E,L,E,E,L,L,E
5168,ESPIGON,L,V,V,L,E,L,E,L,L,L
5169,Esteban ,L,E,V,L,L,L,L,L,E,L
5170,Esteban ,L,E,V,L,L,L,L,L,L,L
5171,Esteban ,L,V,V,L,L,L,L,L,E,L
5172,Esteban ,L,V,V,L,L,L,L,L,L,L
5173,ESTEBAN POL,L,V,V,V,L,L,V,L,V,L
5174,ESTEBAN POL,L,V,V,E,L,E,V,L,E,E
5175,Esteban Vidal,E,V,L,E,L,V,V,V,L,L
5176,Esteban Vidal,E,V,E,E,L,V,V,V,L,L
5177,Esteban Vidal,L,V,L,E,L,V,V,E,L,L
5178,Esteban Vidal,V,V,L,E,L,V,V,E,L,L
5179,Esteban Vidal,V,V,E,E,L,V,V,E,L,L
5180,Esteban Vidal,L,V,V,L,V,E,V,L,L,L
5181,Esteban Vidal,L,V,V,L,E,V,V,L,L,L
5182,Esteban Vidal,L,V,V,E,E,V,V,E,L,L
5183,Esteban Vidal,L,V,E,L,E,V,V,E,L,L
5184,Esteban Vidal,L,V,L,L,L,V,E,L,L,L
5185,Esteban Vidal,V,V,L,E,L,V,V,E,L,L
5186,Esteban Vidal,L,L,L,V,V,L,L,V,L,E
5187,Esteban Vidal,L,L,V,L,V,L,E,E,E,L
5188,Esteban Vidal,L,V,V,E,V,E,L,E,L,V
5189,Esteban Vidal,L,V,E,V,V,L,L,L,E,L
5190,EstHdez 2820,L,E,E,L,L,E,V,E,L,V
5191,EstHdez 2820,L,E,L,L,L,V,E,V,E,L
5192,ET Carlitos Campos 97,L,E,L,E,L,E,L,E,L,L
5193,ET CHINOLA,L,L,E,L,L,V,L,L,L,V
5194,ET CHINOLA,E,L,L,L,L,E,L,L,L,V
5195,ET CHINOLA,L,L,L,L,V,L,L,V,V,V
5196,ET CHINOLA,L,V,L,L,V,E,L,L,L,V
5197,ET Esmeralda Meza,L,E,V,V,L,E,V,L,L,L
5198,ET Esmeralda Meza,L,L,L,L,V,V,V,E,V,L
5199,ET Idalia avila,L,L,V,E,L,L,E,L,L,L
5200,ET Idalia avila,L,L,V,L,L,L,V,L,L,L
5201,ET Jose Alfredo Martine,L,L,V,E,L,L,L,E,L,L
5202,ET LIACHO VR,L,L,V,E,L,L,V,L,L,V
5203,ET LIACHO VR,L,E,V,E,L,L,V,E,L,L
5204,ET Manny Ixtapa,E,V,L,L,L,E,V,V,L,L
5205,ET Manny Ixtapa,E,E,L,L,E,V,L,V,L,L
5206,ET Manny Ixtapa,V,V,E,L,E,L,E,V,L,L
5207,ET Nacho,L,L,L,E,L,V,E,V,E,L
5208,ET Nacho,L,L,L,V,L,V,E,V,E,L
5209,ET Nacho,L,L,E,L,L,V,E,V,E,L
5210,ET Nacho,L,L,E,E,L,V,E,V,E,L
5211,ET Nacho,L,L,E,V,L,V,E,V,E,L
5212,ET Nacho,L,L,V,L,L,V,E,V,E,L
5213,ET Nacho,L,L,V,E,L,V,E,V,E,L
5214,ET Nacho,L,L,V,V,L,V,E,V,E,L
5215,ET Nacho,L,E,L,L,L,V,E,V,E,L
5216,ET Nacho,L,E,L,E,L,V,E,V,E,L
5217,ET Nacho,L,E,L,V,L,V,E,V,E,L
5218,ET Nacho,L,E,E,L,L,V,E,V,E,L
5219,ET Nacho,L,E,E,E,L,V,E,V,E,L
5220,ET Nacho,L,E,E,V,L,V,E,V,E,L
5221,ET Nacho,L,E,V,L,L,V,E,V,E,L
5222,ET Nacho,L,E,V,E,L,V,E,V,E,L
5223,ET Nacho,L,E,V,V,L,V,E,V,E,L
5224,ET Nacho,L,V,L,L,L,V,E,V,E,L
5225,ET Nacho,L,V,L,E,L,V,E,V,E,L
5226,ET Nacho,L,V,L,V,L,V,E,V,E,L
5227,ET Nacho,L,V,E,L,L,V,E,V,E,L
5228,ET Nacho,L,V,E,E,L,V,E,V,E,L
5229,ET Nacho,L,V,E,V,L,V,E,V,E,L
5230,ET Nacho,L,V,V,L,L,V,E,V,E,L
5231,ET Nacho,L,V,V,E,L,V,E,V,E,L
5232,ET Nacho,L,V,V,V,L,V,E,V,E,L
5233,ET Nacho,L,L,E,L,L,L,E,E,L,L
5234,ET Nacho,L,L,E,L,L,L,E,V,L,L
5235,ET Nacho,L,E,E,L,L,L,E,L,L,L
5236,ET Nacho,L,E,E,L,L,L,E,E,L,L
5237,ET Nacho,L,E,E,L,L,L,E,V,L,L
5238,ET Nacho,L,V,E,L,L,L,E,L,L,L
5239,ET Nacho,L,V,E,L,L,L,E,E,L,L
5240,ET Nacho,L,V,E,L,L,L,E,V,L,L
5241,ET Nacho,E,L,E,L,L,L,E,L,L,L
5242,ET Nacho,E,L,E,L,L,L,E,E,L,L
5243,ET Nacho,E,L,E,L,L,L,E,V,L,L
5244,ET Nacho,E,E,E,L,L,L,E,L,L,L
5245,ET Nacho,E,E,E,L,L,L,E,E,L,L
5246,ET Nacho,E,E,E,L,L,L,E,V,L,L
5247,ET Nacho,E,V,E,L,L,L,E,L,L,L
5248,ET Nacho,E,V,E,L,L,L,E,E,L,L
5249,ET Nacho,E,V,E,L,L,L,E,V,L,L
5250,ET Nacho,V,L,E,L,L,L,E,L,L,L
5251,ET Nacho,V,L,E,L,L,L,E,E,L,L
5252,ET Nacho,V,L,E,L,L,L,E,V,L,L
5253,ET Nacho,V,E,E,L,L,L,E,L,L,L
5254,ET Nacho,V,E,E,L,L,L,E,E,L,L
5255,ET Nacho,V,E,E,L,L,L,E,V,L,L
5256,ET Nacho,V,V,E,L,L,L,E,L,L,L
5257,ET Nacho,V,V,E,L,L,L,E,E,L,L
5258,ET Nacho,V,V,E,L,L,L,E,V,L,L
5259,ET Nacho,L,V,V,L,L,E,L,L,V,L
5260,ET Nacho,L,V,V,L,L,E,L,E,L,L
5261,ET Nacho,L,V,V,L,L,E,L,E,E,L
5262,ET Nacho,L,V,V,L,L,E,L,E,V,L
5263,ET Nacho,L,V,V,L,L,E,L,V,L,L
5264,ET Nacho,L,V,V,L,L,E,L,V,E,L
5265,ET Nacho,L,V,V,L,L,E,L,V,V,L
5266,ET Nacho,L,V,V,L,L,E,E,L,L,L
5267,ET Nacho,L,V,V,L,L,E,E,L,E,L
5268,ET Nacho,L,V,V,L,L,E,E,L,V,L
5269,ET Nacho,L,V,V,L,L,E,E,E,L,L
5270,ET Nacho,L,V,V,L,L,E,E,E,E,L
5271,ET Nacho,L,V,V,L,L,E,E,E,V,L
5272,ET Nacho,L,V,V,L,L,E,E,V,L,L
5273,ET Nacho,L,V,V,L,L,E,E,V,E,L
5274,ET Nacho,L,V,V,L,L,E,E,V,V,L
5275,ET Nacho,L,V,V,L,L,E,V,L,L,L
5276,ET Nacho,L,V,V,L,L,E,V,L,E,L
5277,ET Nacho,L,V,V,L,L,E,V,L,V,L
5278,ET Nacho,L,V,V,L,L,E,V,E,L,L
5279,ET Nacho,L,V,V,L,L,E,V,E,E,L
5280,ET Nacho,L,V,V,L,L,E,V,E,V,L
5281,ET Nacho,L,V,V,L,L,E,V,V,L,L
5282,ET Nacho,L,V,V,L,L,E,V,V,E,L
5283,ET Nacho,L,V,V,L,L,E,V,V,V,L
5284,ET Nacho ,L,L,L,L,L,V,E,V,E,L
5285,ET Nacho ,L,L,E,L,L,L,E,L,L,L
5286,ET Nacho ,L,V,V,L,L,E,L,L,L,L
5287,ET Nacho ,L,V,V,L,L,E,L,L,E,L
5288,ET Potro ac1,L,L,V,V,L,L,L,L,E,V
5289,ET Potro ac1,L,L,V,V,L,L,E,L,L,V
5290,ET Potro ac1,L,L,V,V,L,L,E,L,E,V
5291,ET Potro ac1,L,L,V,V,E,L,L,L,L,V
5292,ET Potro ac1,L,L,V,V,E,L,L,L,E,V
5293,ET Potro ac1,L,L,V,V,E,L,E,L,L,V
5294,ET Potro ac1,L,L,V,V,E,L,E,L,E,V
5295,ET Potro ac1,L,E,V,V,L,L,L,L,L,V
5296,ET Potro ac1,L,E,V,V,L,L,L,L,E,V
5297,ET Potro ac1,L,E,V,V,L,L,E,L,L,V
5298,ET Potro ac1,L,E,V,V,L,L,E,L,E,V
5299,ET Potro ac1,L,E,V,V,E,L,L,L,L,V
5300,ET Potro ac1,L,E,V,V,E,L,L,L,E,V
5301,ET Potro ac1,L,E,V,V,E,L,E,L,L,V
5302,ET Potro ac1,L,E,V,V,E,L,E,L,E,V
5303,ET Potro ac1 ,L,L,V,V,L,L,L,L,L,V
5304,ET RENATO ZAMARRIPA,L,V,V,E,L,L,V,L,V,L
5305,ET REY MIDAS 737,L,L,V,L,E,L,L,L,L,L
5306,ET REY MIDAS 737,L,L,V,E,E,L,E,L,E,L
5307,ET REY MIDAS 737,L,L,V,V,E,L,V,L,V,L
5308,ET REY MIDAS 737,L,E,V,L,E,L,E,L,V,L
5309,ET REY MIDAS 737,L,E,V,E,E,L,V,L,L,L
5310,ET REY MIDAS 737,L,E,V,V,E,L,L,L,E,L
5311,ET REY MIDAS 737,L,V,V,L,E,L,V,L,E,L
5312,ET REY MIDAS 737,L,V,V,E,E,L,L,L,V,L
5313,ET REY MIDAS 737,L,V,V,V,E,L,E,L,L,L
5314,ET REY MIDAS 737 ,L,L,V,L,L,L,L,L,L,L
5315,ET REY MIDAS 737 ,L,L,V,E,L,L,E,L,E,L
5316,ET REY MIDAS 737 ,L,L,V,V,L,L,V,L,V,L
5317,ET REY MIDAS 737 ,L,E,V,L,L,L,E,L,V,L
5318,ET REY MIDAS 737 ,L,E,V,E,L,L,V,L,L,L
5319,ET REY MIDAS 737 ,L,E,V,V,L,L,L,L,E,L
5320,ET REY MIDAS 737 ,L,V,V,L,L,L,V,L,E,L
5321,ET REY MIDAS 737 ,L,V,V,E,L,L,L,L,V,L
5322,ET REY MIDAS 737 ,L,V,V,V,L,L,E,L,L,L
5323,ET Sam Bigotes,L,L,V,V,L,L,V,L,V,L
5324,ET Sam Bigotes,L,E,V,L,L,L,V,L,V,L
5325,ET Sam Bigotes,L,E,V,V,L,L,V,L,V,L
5326,ET Sam Bigotes,L,V,V,L,L,L,V,L,V,L
5327,ET Sam Bigotes,L,V,V,V,L,L,V,L,V,L
5328,ET Sam Bigotes ,L,L,V,L,L,L,V,L,V,L
5329,ET San Sebastián el gra,L,V,V,E,L,E,L,E,V,E
5330,ET San Sebastián el gra,E,L,V,E,L,L,V,V,L,L
5331,ET San Sebastián el gra,E,E,E,L,V,E,V,L,E,E
5332,ET San Sebastián el gra,E,L,L,E,E,L,E,L,E,V
5333,ET San Sebastián el gra,L,E,E,V,E,V,L,E,L,L
5334,ET San Sebastián el gra,V,V,V,V,V,V,V,L,E,E
5335,ET Zamarripa mo,L,E,V,L,E,L,V,L,L,L
5336,Extraterrestre san,L,V,V,V,L,E,V,L,L,L
5337,Extraterrestre san,L,E,V,E,L,V,L,L,V,E
5338,Extraterrestre san,E,L,L,L,L,V,V,E,E,L
5339,Ezequiel S Aguilar,L,E,V,E,L,L,E,L,L,L
5340,Ezequiel S Aguilar,L,E,V,V,L,L,E,E,E,L
5341,Ezequiel S Aguilar,L,E,V,V,E,L,V,E,L,L
5342,Fabian a,L,V,V,E,L,L,L,L,V,L
5343,Fabian a,L,V,V,L,L,L,E,L,L,E
5344,Fabian a,L,E,V,L,E,L,E,L,E,L
5345,Fabian a fay,L,L,V,L,V,L,E,L,L,L
5346,Fabian a fay,L,V,L,L,L,L,V,L,V,L
5347,Fabian a fay,L,L,L,L,E,V,V,L,L,E
5348,Fabian a fay,L,E,L,L,L,V,V,L,L,V
5349,FABIAN CAMPOS,L,E,E,E,L,L,V,L,L,L
5350,FABIAN CAMPOS,L,E,E,E,L,L,V,L,V,L
5351,FABIAN CAMPOS,L,E,E,V,L,E,V,L,L,L
5352,FABIAN CAMPOS,L,E,E,V,L,E,V,L,V,L
5353,FABIAN CAMPOS,L,E,E,V,L,L,V,L,L,L
5354,FABIAN CAMPOS,L,E,E,V,L,L,V,E,L,L
5355,FABIAN CAMPOS,L,E,E,V,L,L,V,E,V,L
5356,FABIAN CAMPOS,L,E,E,V,L,L,V,L,E,L
5357,FABIAN CAMPOS,L,E,E,V,L,L,V,L,V,L
5358,FABIAN CAMPOS,L,E,E,L,L,E,V,L,L,L
5359,FABIAN CAMPOS,L,E,E,L,L,E,V,L,V,L
5360,FABIAN CAMPOS,L,E,E,L,L,L,V,L,L,L
5361,FABIAN CAMPOS,L,E,E,L,L,L,V,E,L,L
5362,FABIAN CAMPOS,L,E,E,L,L,L,V,E,V,L
5363,FABIAN CAMPOS,L,E,E,L,L,L,V,L,E,L
5364,FABIAN CAMPOS,L,E,E,L,L,L,V,L,V,L
5365,FABIAN CAMPOS,L,E,V,E,L,E,V,L,L,L
5366,FABIAN CAMPOS,L,E,V,E,L,E,V,L,V,L
5367,FABIAN CAMPOS,L,E,V,E,L,L,V,L,L,L
5368,FABIAN CAMPOS,L,E,V,E,L,L,V,E,L,L
5369,FABIAN CAMPOS,L,E,V,E,L,L,V,E,V,L
5370,FABIAN CAMPOS,L,E,V,E,L,L,V,L,E,L
5371,FABIAN CAMPOS,L,E,V,E,L,L,V,L,V,L
5372,FABIAN CAMPOS,L,E,V,V,L,E,V,L,L,L
5373,FABIAN CAMPOS,L,E,V,V,L,E,V,E,L,L
5374,FABIAN CAMPOS,L,E,V,V,L,E,V,E,V,L
5375,FABIAN CAMPOS,L,E,V,V,L,E,V,L,E,L
5376,FABIAN CAMPOS,L,E,V,V,L,E,V,L,V,L
5377,FABIAN CAMPOS,L,E,V,V,L,L,V,L,L,L
5378,FABIAN CAMPOS,L,E,V,V,L,L,V,E,L,L
5379,FABIAN CAMPOS,L,E,V,V,L,L,V,E,E,L
5380,FABIAN CAMPOS,L,E,V,V,L,L,V,E,V,L
5381,FABIAN CAMPOS,L,E,V,V,L,L,V,L,E,L
5382,FABIAN CAMPOS,L,E,V,V,L,L,V,L,V,L
5383,FABIAN CAMPOS,L,E,V,L,L,E,V,L,L,L
5384,FABIAN CAMPOS,L,E,V,L,L,E,V,E,L,L
5385,FABIAN CAMPOS,L,E,V,L,L,E,V,E,V,L
5386,FABIAN CAMPOS,L,E,V,L,L,E,V,L,E,L
5387,FABIAN CAMPOS,L,E,V,L,L,E,V,L,V,L
5388,FABIAN CAMPOS,L,E,V,L,L,L,V,L,L,L
5389,FABIAN CAMPOS,L,E,V,L,L,L,V,E,L,L
5390,FABIAN CAMPOS,L,E,V,L,L,L,V,E,E,L
5391,FABIAN CAMPOS,L,E,V,L,L,L,V,E,V,L
5392,FABIAN CAMPOS,L,E,V,L,L,L,V,L,E,L
5393,FABIAN CAMPOS,L,E,V,L,L,L,V,L,V,L
5394,FABIAN CAMPOS,L,E,L,E,L,L,V,L,L,L
5395,FABIAN CAMPOS,L,E,L,E,L,L,V,E,L,L
5396,FABIAN CAMPOS,L,E,L,E,L,L,V,E,V,L
5397,FABIAN CAMPOS,L,E,L,E,L,L,V,L,E,L
5398,FABIAN CAMPOS,L,E,L,E,L,L,V,L,V,L
5399,FABIAN CAMPOS,L,E,L,V,L,L,V,L,L,L
5400,FABIAN CAMPOS,L,E,L,V,L,L,V,E,L,L
5401,FABIAN CAMPOS,L,E,L,V,L,L,V,E,E,L
5402,FABIAN CAMPOS,L,E,L,V,L,L,V,E,V,L
5403,FABIAN CAMPOS,L,E,L,V,L,L,V,L,E,L
5404,FABIAN CAMPOS,L,E,L,V,L,L,V,L,V,L
5405,FABIAN CAMPOS,L,E,L,L,L,L,V,L,L,L
5406,FABIAN CAMPOS,L,E,L,L,L,L,V,E,L,L
5407,FABIAN CAMPOS,L,E,L,L,L,L,V,E,E,L
5408,FABIAN CAMPOS,L,E,L,L,L,L,V,E,V,L
5409,FABIAN CAMPOS,L,E,L,L,L,L,V,L,E,L
5410,FABIAN CAMPOS,L,E,L,L,L,L,V,L,V,L
5411,Fabian lopez v,L,V,V,E,L,E,E,L,V,E
5412,Fabian lopez v,V,L,L,L,E,L,V,E,V,L
5413,Fabian lopez v,L,E,V,E,V,E,L,L,V,V
5414,Fabian lopez v,L,V,V,E,L,E,E,L,V,E
5415,Fabian lopez v,E,L,E,E,V,E,L,E,L,L
5416,Fabian Parra,L,V,V,L,L,L,V,L,L,L
5417,Fabian Parra,L,E,V,E,L,L,V,L,V,V
5418,Fam hdz González 209,E,V,V,E,L,L,V,L,E,E
5419,Fam hdz González 209,L,E,V,L,L,E,E,L,E,L
5420,FAM. PINTOR ANDRADE,L,L,V,L,E,L,E,E,L,L
5421,FAM. PINTOR ANDRADE,L,E,V,L,L,L,V,L,E,L
5422,FAM. PINTOR ANDRADE,L,V,V,E,E,L,E,E,L,L
5423,FAM. PINTOR ANDRADE,L,E,V,E,V,E,L,L,V,E
5424,Fam.balanzar,V,L,V,V,V,L,L,V,L,L
5425,Fam.balanzar,E,E,V,E,E,L,L,V,L,L
5426,Fam.balanzar,L,L,V,L,L,L,L,V,L,V
5427,Fam.balanzar,L,V,V,V,L,E,V,L,V,V
5428,Fam.tutu joya,L,E,V,E,L,E,V,L,L,L
5429,Fam.tutu joya,L,L,V,V,E,L,E,L,L,L
5430,Fam.tutu joya,L,V,V,L,V,V,L,L,L,L
5431,Fam.tutu joya,E,L,E,L,L,L,L,E,E,L
5432,Fam.tutu joya,V,E,L,E,L,L,E,V,V,E
5433,FAMELALO,L,E,V,E,L,L,L,L,V,L
5434,FAMELALO,L,E,V,E,L,L,L,L,V,L
5435,Familia SaRa,L,L,V,L,L,L,E,L,L,E
5436,Familia SaRa ,L,E,V,E,L,L,V,L,L,E
5437,Familia SaRa ,L,E,V,L,L,L,V,L,L,E
5438,Familia SaRa ,L,L,V,E,L,L,V,L,L,E
5439,Familia SaRa ,L,L,V,L,L,L,V,L,L,E
5440,fany lopez,L,L,V,L,L,L,V,L,L,L
5441,fany lopez,L,V,V,E,L,L,V,E,L,V
5442,Farias,L,E,L,V,E,V,L,E,L,L
5443,Farias,E,V,V,E,L,E,E,L,V,V
5444,Farias,V,V,E,E,V,L,L,E,E,L
5445,Farias,E,E,E,E,E,L,L,E,E,V
5446,Farias,L,L,V,V,L,L,L,L,L,E
5447,Farias,L,V,L,L,L,L,L,L,L,V
5448,Faris 190710,L,E,V,V,E,L,E,L,E,L
5449,Faris 190710 ,E,L,V,E,V,E,E,E,L,E
5450,Faris 190710 ,L,L,V,E,V,E,E,E,L,E
5451,Fay Alitas ,L,E,V,E,L,L,L,L,L,E
5452,Fay Alitas ,L,E,V,E,L,L,E,L,L,E
5453,Fay Alitas ,L,E,V,V,L,L,L,L,L,E
5454,Fay Alitas ,L,E,V,V,L,L,E,L,L,E
5455,Fay Alitas ,L,L,V,E,L,L,L,L,L,E
5456,Fay Alitas ,L,L,V,E,L,L,E,L,L,E
5457,Fay Alitas ,L,L,V,V,L,L,L,L,L,E
5458,Fay Alitas ,L,L,V,V,L,L,E,L,L,E
5459,Fc similares,L,V,V,E,E,L,V,L,L,L
5460,Fc similares,L,E,V,V,E,L,E,L,L,L
5461,Fc similares,E,L,V,V,E,L,E,L,L,L
5462,Fc similares,L,L,V,E,L,E,L,L,L,L
5463,Fc similares,L,E,V,V,L,E,V,L,L,L
5464,Fcjuarez,L,V,E,L,L,V,V,E,E,L
5465,Fcjuarez,E,E,V,E,L,E,V,L,L,L
5466,Federico Quintana,L,V,L,E,L,L,V,L,E,V
5467,Federico Quintana,L,E,E,L,V,L,E,L,E,V
5468,Federico Quintana,L,E,L,E,V,L,V,L,V,E
5469,Federico Quintana,L,L,E,V,L,E,L,L,V,V
5470,Federico Quintana,L,E,E,E,V,L,L,L,E,V
5471,Federico Quintana,L,V,V,E,V,L,V,L,E,V
5472,Federico Quintana,L,V,E,L,V,L,E,L,V,E
5473,Federico Quintana,E,L,E,V,E,V,L,L,V,V
5474,Federico Quintana,V,E,L,V,L,E,V,L,V,E
5475,Federico Quintana,L,E,E,E,V,L,E,L,V,V
5476,Felipe Gtz,L,L,V,E,L,E,L,V,E,E
5477,Felipe Gtz,L,V,V,V,L,E,L,V,E,E
5478,Felipe Gtz,L,E,V,E,L,E,L,V,V,V
5479,Felipe Gtz,L,L,V,V,L,E,L,V,V,V
5480,Felipe Gtz,L,E,V,E,L,L,E,E,E,E
5481,Felipe Sánchez,L,E,V,L,L,L,V,L,V,E
5482,Felipe Sánchez,L,V,V,L,L,V,L,L,L,V
5483,Felipe Sánchez,L,L,V,L,L,E,E,L,E,L
5484,Felipe Sánchez,L,V,V,V,L,L,V,L,V,V
5485,Felipe Sánchez,L,L,V,E,L,V,L,L,L,L
5486,Felipe Sánchez,L,V,V,E,E,L,E,L,V,L
5487,Felipe Sánchez,L,L,V,L,L,L,V,L,E,L
5488,Felipe Sánchez,L,E,V,V,V,E,L,E,V,E
5489,Felipe Valencia,L,V,V,V,L,L,V,L,L,E
5490,Felipe Valencia,L,L,V,L,L,V,V,V,L,L
5491,Felipe Valencia,L,V,L,V,L,V,V,L,V,V
5492,Felipe vazquez,L,V,V,L,L,L,L,L,L,V
5493,Felipe vazquez,L,L,V,L,L,L,E,L,E,L
5494,Felipe vazquez,L,L,V,V,L,L,V,L,V,V
5495,Fer 0317 ,L,V,V,L,L,L,V,L,V,L
5496,Fer 0317 ,L,V,V,L,L,L,V,L,E,L
5497,Fer 0317 ,L,V,V,L,L,L,V,L,L,L
5498,Fer 0317 ,L,V,V,L,L,L,E,L,V,L
5499,Fer 0317 ,L,V,V,L,L,L,E,L,E,L
5500,Fer 0317 ,L,V,V,L,L,L,E,L,L,L
5501,Fer 0317 ,L,V,V,L,L,L,L,L,V,L
5502,Fer 0317 ,L,V,V,L,L,L,L,L,E,L
5503,Fer 0317 ,L,V,V,L,L,L,L,L,L,L
5504,Fer 0317 ,L,L,V,L,L,L,V,L,V,L
5505,Fer 0317 ,L,L,V,L,L,L,V,L,E,L
5506,Fer 0317 ,L,L,V,L,L,L,V,L,L,L
5507,Fer 0317 ,L,L,V,L,L,L,E,L,V,L
5508,Fer 0317 ,L,L,V,L,L,L,E,L,E,L
5509,Fer 0317 ,L,L,V,L,L,L,E,L,L,L
5510,Fer 0317 ,L,L,V,L,L,L,L,L,V,L
5511,Fer 0317 ,L,L,V,L,L,L,L,L,E,L
5512,Fer 0317 ,L,L,V,L,L,L,L,L,L,L
5513,FerJul75,L,V,V,L,L,L,E,L,L,L
5514,FerJul75 ,L,V,E,V,L,L,L,L,L,L
5515,FerJul75 ,L,V,V,V,L,L,L,L,L,L
5516,FerJul75 ,L,L,V,L,L,L,E,L,L,L
5517,FerJul75 ,L,V,V,L,L,L,E,L,L,L
5518,Fernando Carrizales,L,E,V,E,L,L,V,E,L,L
5519,Fernando Carrizales,L,V,L,E,L,L,V,L,E,L
5520,Fernando García,L,V,V,L,L,L,V,V,V,L
5521,Fernando García,L,V,V,L,L,L,L,L,L,L
5522,Fernando García,L,L,L,V,V,V,V,V,L,L
5523,Fernando García,L,E,V,E,L,L,E,V,E,L
5524,Fernando García,V,L,L,V,V,V,L,L,E,L
5525,Fernando García,V,V,V,V,L,L,V,L,V,L
5526,Fernando López,L,E,V,L,E,L,L,L,E,L
5527,Fernando López,L,L,V,L,L,L,L,L,L,L
5528,Fernando Yebra,L,V,V,L,L,L,E,E,V,L
5529,Fernando Yebra,L,L,V,E,L,L,V,L,E,L
5530,Fernywongwong,L,E,V,E,L,L,L,E,E,L
5531,Fernywongwong,L,L,V,L,L,L,L,L,L,L
5532,Fernywongwong,L,V,V,L,E,E,V,L,E,L
5533,Fernywongwong,L,E,E,E,L,E,V,E,V,L
5534,Fernywongwong,L,E,V,L,L,E,L,E,L,L
5535,Fernywongwong,E,E,V,E,E,L,E,L,L,L
5536,Fernywongwong,E,L,V,V,V,V,E,L,E,L
5537,Fernywongwong,L,L,V,E,E,L,E,L,V,L
5538,Fernywongwong,E,L,V,L,V,E,L,L,E,L
5539,Fernywongwong,E,V,V,L,V,L,V,E,E,L
5540,Fernywongwong,L,E,V,L,L,L,V,L,V,L
5541,Fidel0612 ,L,L,V,L,L,L,V,L,V,L
5542,Fidel0612 ,L,L,V,L,L,L,V,L,E,L
5543,Fidel0612 ,L,L,V,L,L,E,V,L,V,L
5544,Fidel0612 ,L,L,V,L,L,E,V,L,E,L
5545,Fidel0612 ,L,E,V,L,L,L,V,L,V,L
5546,Fidel0612 ,L,E,V,L,L,L,V,L,E,L
5547,Fidel0612 ,L,E,V,L,L,E,V,L,V,L
5548,Fidel0612 ,L,E,V,L,L,E,V,L,E,L
5549,Filito,L,L,V,V,L,L,V,L,V,V
5550,Filito,L,E,V,V,E,L,E,L,E,L
5551,Flaco Ramírez,L,L,V,L,E,L,V,L,V,E
5552,Flaco Ramírez,V,V,E,V,L,V,V,E,E,V
5553,FLAMA,L,L,V,L,L,L,L,L,L,V
5554,Flaquito😎😎,L,E,V,E,L,L,E,L,V,L
5555,Florentino Gómez,L,L,V,L,E,L,E,L,V,L
5556,Florentino Gómez,L,E,V,L,L,E,E,L,L,E
5557,Florentino Gómez,L,V,V,L,E,V,E,L,V,L
5558,Francisco Estrada ⚽️ ,L,L,V,L,L,L,L,L,L,L
5559,Francisco Estrada ⚽️ ,L,L,V,L,L,L,L,L,V,L
5560,Francisco Estrada ⚽️ ,L,L,V,L,L,L,V,L,L,L
5561,Francisco Estrada ⚽️ ,L,L,V,L,L,L,V,L,V,L
5562,Francisco Estrada ⚽️ ,L,L,V,L,V,L,L,L,L,L
5563,Francisco Estrada ⚽️ ,L,L,V,L,V,L,L,L,V,L
5564,Francisco Estrada ⚽️ ,L,L,V,L,V,L,V,L,L,L
5565,Francisco Estrada ⚽️ ,L,L,V,L,V,L,V,L,V,L
5566,Francisco Estrada ⚽️ ,L,L,V,E,L,L,L,L,L,L
5567,Francisco Estrada ⚽️ ,L,L,V,E,L,L,L,L,V,L
5568,Francisco Estrada ⚽️ ,L,L,V,E,L,L,V,L,L,L
5569,Francisco Estrada ⚽️ ,L,L,V,E,L,L,V,L,V,L
5570,Francisco Estrada ⚽️ ,L,L,V,E,V,L,L,L,L,L
5571,Francisco Estrada ⚽️ ,L,L,V,E,V,L,L,L,V,L
5572,Francisco Estrada ⚽️ ,L,L,V,E,V,L,V,L,L,L
5573,Francisco Estrada ⚽️ ,L,L,V,E,V,L,V,L,V,L
5574,Francisco Estrada ⚽️ ,L,V,V,L,L,L,L,L,L,L
5575,Francisco Estrada ⚽️ ,L,V,V,L,L,L,L,L,V,L
5576,Francisco Estrada ⚽️ ,L,V,V,L,L,L,V,L,L,L
5577,Francisco Estrada ⚽️ ,L,V,V,L,L,L,V,L,V,L
5578,Francisco Estrada ⚽️ ,L,V,V,L,V,L,L,L,L,L
5579,Francisco Estrada ⚽️ ,L,V,V,L,V,L,L,L,V,L
5580,Francisco Estrada ⚽️ ,L,V,V,L,V,L,V,L,L,L
5581,Francisco Estrada ⚽️ ,L,V,V,L,V,L,V,L,V,L
5582,Francisco Estrada ⚽️ ,L,V,V,E,L,L,L,L,L,L
5583,Francisco Estrada ⚽️ ,L,V,V,E,L,L,L,L,V,L
5584,Francisco Estrada ⚽️ ,L,V,V,E,L,L,V,L,L,L
5585,Francisco Estrada ⚽️ ,L,V,V,E,L,L,V,L,V,L
5586,Francisco Estrada ⚽️ ,L,V,V,E,V,L,L,L,L,L
5587,Francisco Estrada ⚽️ ,L,V,V,E,V,L,L,L,V,L
5588,Francisco Estrada ⚽️ ,L,V,V,E,V,L,V,L,L,L
5589,Francisco Estrada ⚽️ ,L,V,V,E,V,L,V,L,V,L
5590,Francisco Estrada ⚽️ ,L,E,V,L,L,L,L,L,L,L
5591,Francisco Estrada ⚽️ ,L,E,V,L,L,L,L,L,V,L
5592,Francisco Estrada ⚽️ ,L,E,V,L,L,L,V,L,L,L
5593,Francisco Estrada ⚽️ ,L,E,V,L,L,L,V,L,V,L
5594,Francisco Estrada ⚽️ ,L,E,V,L,V,L,L,L,L,L
5595,Francisco Estrada ⚽️ ,L,E,V,L,V,L,L,L,V,L
5596,Francisco Estrada ⚽️ ,L,E,V,L,V,L,V,L,L,L
5597,Francisco Estrada ⚽️ ,L,E,V,L,V,L,V,L,V,L
5598,Francisco Estrada ⚽️ ,L,E,V,E,L,L,L,L,L,L
5599,Francisco Estrada ⚽️ ,L,E,V,E,L,L,L,L,V,L
5600,Francisco Estrada ⚽️ ,L,E,V,E,L,L,V,L,L,L
5601,Francisco Estrada ⚽️ ,L,E,V,E,L,L,V,L,V,L
5602,Francisco Estrada ⚽️ ,L,E,V,E,V,L,L,L,L,L
5603,Francisco Estrada ⚽️ ,L,E,V,E,V,L,L,L,V,L
5604,Francisco Estrada ⚽️ ,L,E,V,E,V,L,V,L,L,L
5605,Francisco Estrada ⚽️ ,L,E,V,E,V,L,V,L,V,L
5606,Francisco jaramillo,L,V,V,E,L,L,V,L,L,V
5607,Francisco jaramillo,L,V,V,L,V,L,L,L,V,E
5608,Francisco jaramillo,L,E,V,L,V,L,L,L,E,L
5609,Francisco jaramillo,L,E,V,L,V,V,L,L,L,V
5610,FRANCISCO JIMÉNEZ,L,L,V,L,L,L,E,L,V,L
5611,FRANCISCO JIMÉNEZ,E,L,L,L,V,L,L,E,L,V
5612,FRANCISCO JIMÉNEZ,L,V,V,L,L,L,L,E,V,E
5613,FRANCISCO JIMÉNEZ,L,L,L,L,L,E,V,L,E,L
5614,FRANCISCO JIMÉNEZ,L,E,V,E,V,L,E,L,E,L
5615,Francisco matador,L,V,V,L,L,L,V,L,V,V
5616,Francisco matador,L,E,E,V,E,V,V,E,V,E
5617,Francisco matador,E,L,L,V,V,E,E,V,E,L
5618,Francisco Vicente,L,E,V,L,E,L,E,L,E,V
5619,Franck74,E,V,V,E,L,E,L,V,L,L
5620,Franck74,L,E,V,V,E,L,L,L,L,L
5621,Franck74 ,L,V,V,V,L,L,L,L,L,L
5622,Franck74 ,L,V,V,V,L,L,V,L,L,L
5623,Franck74 ,L,V,V,L,L,L,L,L,L,L
5624,Franck74 ,L,V,V,L,L,L,V,L,L,L
5625,Franck74 ,L,E,V,V,L,L,L,L,L,L
5626,Franck74 ,L,E,V,V,L,L,V,L,L,L
5627,Franck74 ,L,E,V,L,L,L,L,L,L,L
5628,Franck74 ,L,E,V,L,L,L,V,L,L,L
5629,Franco Ixtapa,L,V,V,E,L,E,E,L,V,L
5630,Franco Ixtapa,L,E,L,E,E,L,E,V,L,L
5631,Franco Ixtapa ,L,E,V,L,E,L,E,L,L,L
5632,Franco Ixtapa ,L,E,L,L,E,L,E,L,L,L
5633,Franco Ixtapa ,L,V,V,L,E,L,E,L,L,L
5634,Franco Ixtapa ,L,V,L,L,E,L,E,L,L,L
5635,Francoc,L,E,V,L,L,L,V,L,L,L
5636,Francoc,L,L,V,E,L,L,V,L,L,L
5637,Francoc,L,V,V,L,V,L,L,L,L,E
5638,Francoc,L,V,V,V,L,E,E,L,E,L
5639,Francoc,L,E,L,E,L,V,V,V,V,L
5640,Freddy12,L,E,V,L,L,L,E,V,L,L
5641,Freddy12,L,L,V,E,L,L,L,E,V,L
5642,Freddy12,L,V,V,L,V,L,V,V,L,L
5643,Freddy12,E,L,V,L,V,L,L,L,E,L
5644,Fredy Rubi,L,E,V,L,L,E,L,V,L,L
5645,Fredy Rubi,L,V,V,L,L,L,V,E,E,E
5646,Fredy Rubi,V,L,E,L,L,V,E,E,V,V
5647,Frey Guadalupe,L,V,V,L,L,L,E,L,V,V
5648,Frey Guadalupe,L,E,V,L,L,L,V,L,E,L
5649,Frey Guadalupe,L,L,V,L,L,E,V,L,E,L
5650,Frey Guadalupe,L,V,V,L,L,L,V,L,V,L
5651,Frey Guadalupe,L,E,V,L,L,L,V,L,V,V
5652,Frey Guadalupe,L,L,V,L,L,L,V,L,V,L
5653,Frida sofia,L,L,V,L,L,L,E,L,L,L
5654,Frida sofia,L,E,V,L,L,E,E,L,E,L
5655,Frida sofia,L,L,E,E,E,E,E,E,E,L
5656,Frida sofia,L,V,L,V,V,V,V,E,L,L
5657,Frida sofia,L,E,V,E,E,E,L,E,E,E
5658,Froi vega,V,V,V,L,L,L,L,L,V,E
5659,G. MARCOS,L,L,V,L,V,E,L,V,L,L
5660,G. MARCOS,L,L,E,L,V,L,E,L,L,V
5661,G. RAFAEL,L,L,V,E,L,L,V,E,L,L
5662,G. RAFAEL,L,L,E,V,E,E,L,L,L,E
5663,G. RAFAEL,L,V,E,E,V,L,L,V,L,E
5664,G. RAFAEL,L,V,V,E,L,L,L,L,L,E
5665,G. RAFAEL,L,V,V,L,E,V,E,E,L,L
5666,G. RAFAEL,L,E,V,L,V,L,L,E,L,E
5667,G. RAFAEL,L,E,E,L,L,V,E,L,L,L
5668,G. RAFAEL,L,E,V,V,E,E,V,E,L,V
5669,G. X100PRECHIVA,L,V,V,V,L,L,V,E,L,V
5670,G. X100PRECHIVA,L,V,E,L,E,E,V,L,V,L
5671,Gabriel Pérez Meza,L,V,V,V,E,L,L,L,L,L
5672,Gabriel Pérez Meza,L,E,V,L,E,L,E,L,E,L
5673,Gabriel Pérez Meza,L,E,V,L,V,L,V,L,V,L
5674,Gabriel Pérez Meza,L,V,V,V,L,L,E,L,L,L
5675,Gabriel Pérez Meza,L,V,V,V,L,V,L,E,E,V
5676,Gabriel Pérez Meza,E,V,V,V,L,E,L,E,V,E
5677,Gabriel Pérez Meza,E,L,E,V,L,V,E,V,E,L
5678,Gabriel Pérez Meza,L,V,E,V,V,E,V,L,V,V
5679,Gabriel Pérez Meza,V,L,V,V,L,E,L,V,E,L
5680,Gabriel Pérez Meza,E,L,E,V,L,V,V,E,L,E
5681,GAELIN CAST ZIHUA,L,E,V,L,L,L,V,L,L,L
5682,GAELIN CAST ZIHUA,L,V,V,L,L,E,E,L,L,L
5683,GALIN2,E,L,V,L,E,V,V,E,V,V
5684,GALIN2 ,L,L,V,E,L,L,L,V,E,E
5685,GALIN2 ,L,L,V,V,L,L,L,V,E,E
5686,GALIN2 ,L,E,V,E,L,L,L,V,E,E
5687,GALIN2 ,L,E,V,V,L,L,L,V,E,E
5688,GALIN2 ,L,E,V,L,L,E,V,L,L,V
5689,GALIN2 ,L,E,V,V,L,E,V,L,L,V
5690,Gallo fino ,L,V,V,V,L,V,V,L,V,L
5691,Gallo fino ,L,V,V,V,L,L,V,L,V,L
5692,Gallo fino ,L,V,V,L,L,V,V,L,V,L
5693,Gallo fino ,L,V,V,L,L,L,V,L,V,L
5694,Gallo fino ,L,E,V,V,L,V,V,L,V,L
5695,Gallo fino ,L,E,V,V,L,L,V,L,V,L
5696,Gallo fino ,L,E,V,L,L,V,V,L,V,L
5697,Gallo fino ,L,E,V,L,L,L,V,L,V,L
5698,Gama10,L,E,V,E,E,L,V,L,E,L
5699,Gama10,E,E,V,E,E,E,V,L,E,L
5700,Gama10,L,L,V,V,L,L,V,L,V,E
5701,Gama10,V,V,V,V,L,L,L,L,L,E
5702,Gama10,L,V,V,V,V,L,E,L,E,L
5703,GAMBLER ,L,V,V,L,L,L,E,V,V,L
5704,GAMBLER ,L,V,V,L,L,L,E,V,E,L
5705,GAMBLER ,L,V,V,L,L,L,V,V,V,L
5706,GAMBLER ,L,V,V,L,L,L,V,V,E,L
5707,GAMBLER ,L,V,V,E,L,L,E,V,V,L
5708,GAMBLER ,L,V,V,E,L,L,E,V,E,L
5709,GAMBLER ,L,V,V,E,L,L,V,V,V,L
5710,GAMBLER ,L,V,V,E,L,L,V,V,E,L
5711,GAMBLER ,E,L,L,V,E,L,L,E,V,E
5712,GAMBLER ,E,L,L,V,E,L,L,E,L,E
5713,GAMMA TEAM,L,E,V,E,L,L,E,L,V,V
5714,GAMMA TEAM,L,V,V,L,E,L,V,L,E,V
5715,GAMMA TEAM,L,V,E,L,L,E,E,E,V,V
5716,Gaona Rmz 1,L,V,V,V,L,L,E,V,L,E
5717,Gaona Rmz 2,L,L,V,L,L,E,V,E,L,E
5718,Gaona Rmz 3,L,E,V,V,E,L,L,V,L,E
5719,Garapo1979,L,V,V,V,L,E,V,L,V,L
5720,Garapo1979,L,E,V,E,L,E,E,L,L,E
5721,garciarodriguez23,E,L,V,L,E,L,E,L,V,L
5722,garciarodriguez23,L,V,V,V,L,L,V,L,L,L
5723,garciarodriguez23,L,E,V,E,L,L,V,L,E,L
5724,garciarodriguez23,V,V,V,L,L,L,L,L,V,V
5725,garciarodriguez23,L,L,V,L,L,L,V,E,L,V
5726,garciarodriguez23,E,L,V,V,L,E,V,L,L,V
5727,garciarodriguez23,V,V,L,V,L,V,L,E,E,E
5728,garciarodriguez23,V,L,V,V,E,E,L,L,L,L
5729,garciarodriguez23,L,E,V,V,L,L,L,V,V,E
5730,garciarodriguez23,L,V,V,V,L,L,L,L,L,E
5731,Gato1034,L,E,V,V,L,E,E,L,E,L
5732,Gato1034,L,L,E,V,E,L,V,E,E,L
5733,GAZOLO ,L,E,V,L,L,L,E,L,E,L
5734,GAZOLO ,L,E,V,L,L,L,E,L,L,L
5735,GAZOLO ,L,E,V,L,L,L,V,L,E,L
5736,GAZOLO ,L,E,V,L,L,L,V,L,L,L
5737,GAZOLO ,L,E,V,E,L,L,E,L,E,L
5738,GAZOLO ,L,E,V,E,L,L,E,L,L,L
5739,GAZOLO ,L,E,V,E,L,L,V,L,E,L
5740,GAZOLO ,L,E,V,E,L,L,V,L,L,L
5741,GAZOLO ,L,L,V,L,L,L,E,L,E,L
5742,GAZOLO ,L,L,V,L,L,L,E,L,L,L
5743,GAZOLO ,L,L,V,L,L,L,V,L,E,L
5744,GAZOLO ,L,L,V,L,L,L,V,L,L,L
5745,GAZOLO ,L,L,V,E,L,L,E,L,E,L
5746,GAZOLO ,L,L,V,E,L,L,E,L,L,L
5747,GAZOLO ,L,L,V,E,L,L,V,L,E,L
5748,GAZOLO ,L,L,V,E,L,L,V,L,L,L
5749,GAZU CDMX 1,L,E,V,V,L,L,L,E,V,L
5750,GAZU CDMX 2,E,L,V,E,V,E,V,L,E,L
5751,Gemago,L,V,V,V,L,L,E,L,L,L
5752,Gemago,L,E,V,V,L,L,L,L,L,L
5753,Genaro rivera,L,L,V,L,L,L,L,L,L,L
5754,Genaro rivera,L,V,V,L,L,L,E,L,E,L
5755,George mty,L,V,V,L,L,L,V,L,L,L
5756,George mty,L,E,V,E,L,L,E,L,E,L
5757,George mxl ,L,V,V,L,L,L,V,L,V,L
5758,George mxl ,L,V,V,L,L,L,V,L,E,L
5759,George mxl ,L,V,V,V,L,L,V,L,V,L
5760,George mxl ,L,V,V,V,L,L,V,L,E,L
5761,Gera valdez,L,E,V,L,E,E,L,L,E,L
5762,Gera valdez,L,E,V,L,E,E,L,L,E,L
5763,Gera valdez,L,V,E,L,V,V,V,E,V,V
5764,Gera valdez,L,V,V,L,E,V,V,L,V,L
5765,Gera valdez,L,E,V,V,L,E,L,L,V,L
5766,GeraG169,L,E,V,E,L,L,V,E,V,L
5767,GeraG169,L,V,E,V,L,E,L,L,E,E
5768,Gerardo alonso,L,L,V,L,L,L,L,L,L,L
5769,Gerardo alonso,L,L,V,L,L,L,L,L,L,L
5770,GERARDO BARRÓN,L,E,V,L,V,L,L,E,E,L
5771,GERARDO BARRÓN,L,V,V,E,V,E,E,L,V,L
5772,Gerardo rendon ,L,L,V,L,L,L,L,L,L,L
5773,Gerardo rendon ,L,L,V,L,L,L,L,L,E,L
5774,Gerardo rendon ,L,L,V,L,L,L,E,L,L,L
5775,Gerardo rendon ,L,L,V,L,L,L,E,L,E,L
5776,Gerardo rendon ,L,L,V,L,E,L,L,L,L,L
5777,Gerardo rendon ,L,L,V,L,E,L,L,L,E,L
5778,Gerardo rendon ,L,L,V,L,E,L,E,L,L,L
5779,Gerardo rendon ,L,L,V,L,E,L,E,L,E,L
5780,Gerardo rendon ,L,V,V,L,L,L,L,L,L,L
5781,Gerardo rendon ,L,V,V,L,L,L,L,L,E,L
5782,Gerardo rendon ,L,V,V,L,L,L,E,L,L,L
5783,Gerardo rendon ,L,V,V,L,L,L,E,L,E,L
5784,Gerardo rendon ,L,V,V,L,E,L,L,L,L,L
5785,Gerardo rendon ,L,V,V,L,E,L,L,L,E,L
5786,Gerardo rendon ,L,V,V,L,E,L,E,L,L,L
5787,Gerardo rendon ,L,V,V,L,E,L,E,L,E,L
5788,Gerardo rendon ,L,E,V,V,E,L,L,E,V,L
5789,Gerardo rendon ,L,E,V,V,E,L,L,E,E,L
5790,Gerardo rendon ,L,E,V,V,V,L,L,E,V,L
5791,Gerardo rendon ,L,E,V,V,V,L,L,E,E,L
5792,GERARDO SÁNCHEZ CHÁVEZ,L,E,V,E,L,L,E,L,E,L
5793,GERARDO SÁNCHEZ CHÁVEZ,L,V,L,V,L,V,L,E,L,L
5794,GERARDO SÁNCHEZ CHÁVEZ,L,E,L,V,V,L,E,V,L,E
5795,GERARDO VAZQUEZ,L,E,E,E,E,E,E,L,E,E
5796,GERARDO VAZQUEZ,L,E,V,E,E,E,E,L,E,L
5797,Gerita Emmanuel,L,V,E,L,L,L,E,L,V,L
5798,Gerita Emmanuel,L,V,V,V,L,E,E,E,E,E
5799,Gerita Emmanuel,L,E,V,L,V,E,L,L,L,L
5800,Gerita Emmanuel,L,L,V,L,V,L,E,L,V,L
5801,Gerita Emmanuel,E,E,E,E,E,E,E,E,E,E
5802,Germán Rodriguez Gar,L,V,V,L,L,V,V,L,V,L
5803,Germán Rodriguez Gar,L,L,V,L,E,E,V,L,E,V
5804,Germán Rodriguez Gar,L,E,V,L,E,E,E,L,E,V
5805,Germán Rodriguez Gar,L,V,V,L,L,L,E,L,V,V
5806,Germán Rodriguez Gar,L,V,E,L,L,V,V,L,V,V
5807,GERONIMO L. P,L,E,V,E,E,L,V,L,E,L
5808,GERONIMO L. P,L,V,V,V,L,L,V,L,E,L
5809,GERONIMO L. P,L,L,V,V,L,E,V,L,E,L
5810,GERONIMO L. P,L,V,V,V,V,E,V,L,E,L
5811,GERONIMO L. P,L,L,V,L,L,L,V,L,E,L
5812,Gerry Aviña,E,E,L,E,E,L,E,E,L,E
5813,Gerry Aviña,L,V,V,L,L,L,V,L,L,L
5814,Gerry Aviña,L,E,E,L,V,E,V,V,V,L
5815,Gil-18-1,L,V,V,E,L,E,V,E,L,V
5816,Gil-18-2,L,E,V,E,E,L,V,E,L,V
5817,Gio,L,L,V,V,L,L,L,L,E,L
5818,Gio guadian,L,V,V,E,L,L,V,L,E,L
5819,Gio guadian,L,E,V,L,L,L,E,L,L,E
5820,Gio1,L,L,V,E,L,V,L,V,E,E
5821,GL ?????,E,V,E,E,L,V,E,V,L,V
5822,GL A.C.M,L,E,L,E,E,V,V,E,L,E
5823,GL ABARROTES RAY ,L,L,E,L,L,L,E,V,V,L
5824,GL ABARROTES RAY ,L,L,E,L,L,L,V,V,V,L
5825,GL ABARROTES RAY ,L,L,E,L,L,V,E,V,V,L
5826,GL ABARROTES RAY ,L,L,E,L,L,V,V,V,V,L
5827,GL ABARROTES RAY ,L,L,E,L,V,L,E,V,V,L
5828,GL ABARROTES RAY ,L,L,E,L,V,L,V,V,V,L
5829,GL ABARROTES RAY ,L,L,E,L,V,V,E,V,V,L
5830,GL ABARROTES RAY ,L,L,E,L,V,V,V,V,V,L
5831,GL ABARROTES RAY ,L,L,V,L,L,L,E,V,V,L
5832,GL ABARROTES RAY ,L,L,V,L,L,L,V,V,V,L
5833,GL ABARROTES RAY ,L,L,V,L,L,V,E,V,V,L
5834,GL ABARROTES RAY ,L,L,V,L,L,V,V,V,V,L
5835,GL ABARROTES RAY ,L,L,V,L,V,L,E,V,V,L
5836,GL ABARROTES RAY ,L,L,V,L,V,L,V,V,V,L
5837,GL ABARROTES RAY ,L,L,V,L,V,V,E,V,V,L
5838,GL ABARROTES RAY ,L,L,V,L,V,V,V,V,V,L
5839,GL ABARROTES RAY ,L,V,E,L,L,L,E,V,V,L
5840,GL ABARROTES RAY ,L,V,E,L,L,L,V,V,V,L
5841,GL ABARROTES RAY ,L,V,E,L,L,V,E,V,V,L
5842,GL ABARROTES RAY ,L,V,E,L,L,V,V,V,V,L
5843,GL ABARROTES RAY ,L,V,E,L,V,L,E,V,V,L
5844,GL ABARROTES RAY ,L,V,E,L,V,L,V,V,V,L
5845,GL ABARROTES RAY ,L,V,E,L,V,V,E,V,V,L
5846,GL ABARROTES RAY ,L,V,E,L,V,V,V,V,V,L
5847,GL ABARROTES RAY ,L,V,V,L,L,L,E,V,V,L
5848,GL ABARROTES RAY ,L,V,V,L,L,L,V,V,V,L
5849,GL ABARROTES RAY ,L,V,V,L,L,V,E,V,V,L
5850,GL ABARROTES RAY ,L,V,V,L,L,V,V,V,V,L
5851,GL ABARROTES RAY ,L,V,V,L,V,L,E,V,V,L
5852,GL ABARROTES RAY ,L,V,V,L,V,L,V,V,V,L
5853,GL ABARROTES RAY ,L,V,V,L,V,V,E,V,V,L
5854,GL ABARROTES RAY ,L,V,V,L,V,V,V,V,V,L
5855,GL AXEL PRECIADO,L,E,V,L,E,V,E,L,E,V
5856,GL BRIAN COBOS,E,L,E,V,L,E,V,L,E,V
5857,GL CARLOS MORENO,L,L,V,E,L,V,E,L,E,L
5858,GL CARLOS MORENO,L,E,L,V,L,E,V,L,E,L
5859,GL CESAR GTZ (CFE),L,V,V,L,L,L,V,L,L,L
5860,GL CHARRO NEGRO,L,E,V,L,L,L,V,L,E,L
5861,GL CRISTIAN ROBLES,L,L,E,V,E,E,L,E,V,E
5862,GL DIEGO RAFAEL,L,L,V,V,V,L,L,L,V,V
5863,GL HMRA,L,E,V,E,E,L,E,L,E,E
5864,GL HMRA,L,L,E,L,E,E,L,V,V,E
5865,GL HMRA,L,L,V,E,L,L,E,E,L,E
5866,GL HORTELANOS,L,E,L,E,L,E,E,L,E,E
5867,GL HORTELANOS,L,V,E,L,E,L,L,E,L,E
5868,GL HUGO  ,E,L,V,E,L,E,L,L,E,L
5869,GL HUGO  ,E,L,V,E,L,E,L,L,V,L
5870,GL HUGO  ,V,L,V,E,L,E,L,L,E,L
5871,GL HUGO  ,V,L,V,E,L,E,L,L,V,L
5872,GL HUGO  ,L,L,V,V,L,L,V,L,L,L
5873,GL HUGO  ,L,L,V,V,L,L,V,L,E,L
5874,GL HUGO  ,L,L,V,V,L,E,V,L,L,L
5875,GL HUGO  ,L,L,V,V,L,E,V,L,E,L
5876,GL HUGO REYNOSO,L,L,E,L,L,L,L,L,L,L
5877,GL HUGO REYNOSO,L,V,V,L,V,L,V,L,L,L
5878,GL HUGO REYNOSO,L,E,E,L,E,L,E,L,E,L
5879,GL HUGO REYNOSO,L,V,E,L,L,L,L,L,V,L
5880,GL HUGO REYNOSO,L,V,E,L,L,L,L,E,V,L
5881,GL HUGO REYNOSO,L,V,E,L,L,L,V,L,V,L
5882,GL HUGO REYNOSO,L,V,E,L,L,L,V,E,V,L
5883,GL HUGO REYNOSO,L,V,V,L,L,L,L,L,V,L
5884,GL HUGO REYNOSO,L,V,V,L,L,L,L,E,V,L
5885,GL HUGO REYNOSO,L,V,V,L,L,L,V,L,V,L
5886,GL HUGO REYNOSO,L,V,V,L,L,L,V,E,V,L
5887,GL KARINA,V,L,E,E,V,L,L,E,V,E
5888,GL LED ZEPPELIN,E,E,L,E,L,L,V,L,V,V
5889,GL LED ZEPPELIN,L,V,V,E,E,L,E,V,L,V
5890,GL LED ZEPPELIN,L,V,E,E,L,V,L,E,L,E
5891,GL LIC GUST,L,L,E,L,L,E,V,L,L,L
5892,GL LIC GUST,L,V,E,L,E,E,V,V,L,E
5893,GL LIC GUST,L,E,V,L,L,E,E,L,E,L
5894,GL LIC GUST,E,V,E,E,L,L,E,L,L,E
5895,GL LIC GUST,L,L,V,L,L,V,V,E,E,L
5896,GL LIC GUST,V,L,E,L,L,E,E,L,L,L
5897,GL LIC GUST,L,V,V,L,L,V,E,E,E,L
5898,GL LIC GUST,E,E,L,L,V,E,L,L,L,L
5899,GL MANOLIN,L,E,V,L,L,L,E,L,L,L
5900,GL MANOLIN,L,V,V,L,L,L,V,L,V,V
5901,GL MICHEL CERVANTES,L,V,V,V,L,E,E,E,E,V
5902,GL MILAN SANTIAGO,V,V,L,E,E,L,V,L,E,L
5903,GL MILAN SANTIAGO,L,E,E,V,E,L,E,L,V,V
5904,GL MILAN SANTIAGO,V,L,E,L,L,V,E,E,V,E
5905,GL MILAN SANTIAGO,E,L,V,L,E,L,E,V,E,E
5906,GL MISIONERO,L,V,V,E,E,L,V,E,E,L
5907,GL OMAR VALDEZ,L,L,E,E,L,E,V,V,L,L
5908,GL PICACHU 889,L,V,V,E,E,L,E,L,E,V
5909,GL POKEMON 888,L,V,V,V,L,L,L,L,V,V
5910,GL SANDRA SANCHEZ,L,V,V,E,E,L,V,L,E,L
5911,GL SERGGIO VIP,L,E,V,V,L,L,V,L,E,V
5912,GL SERGIO VIP,L,L,V,L,L,L,V,L,E,V
5913,GL SERGIO VIP,L,V,V,L,L,L,V,L,E,V
5914,GL SERGIO VIP,L,E,V,V,L,L,V,L,E,V
5915,GL VALDEZ,L,V,V,L,L,L,L,L,L,L
5916,GL YOSHUA,E,E,E,V,L,E,E,L,V,E
5917,GL ZENIT,L,L,L,V,E,E,L,V,E,L
5918,GL ZIDANE,L,E,V,E,E,L,V,E,V,L
5919,Glad☘️,L,E,V,E,V,L,V,L,V,V
5920,Glad☘️ ,L,V,V,E,E,L,L,L,V,L
5921,Glad☘️ ,L,V,V,E,L,L,L,L,V,L
5922,Glad☘️ ,L,V,V,L,E,L,L,L,V,L
5923,Glad☘️ ,L,V,V,L,L,L,L,L,V,L
5924,Gmljerry21 ,L,V,V,E,L,L,E,E,L,L
5925,Gmljerry21 ,L,V,V,E,L,L,E,L,L,L
5926,Gmljerry21 ,L,V,V,E,L,L,V,E,L,L
5927,Gmljerry21 ,L,V,V,E,L,L,V,L,L,L
5928,GN MÁSTER ,L,L,V,L,L,L,L,L,L,V
5929,GN MÁSTER ,L,L,V,L,L,L,L,L,E,V
5930,GN MÁSTER ,L,L,V,L,L,L,L,V,L,V
5931,GN MÁSTER ,L,L,V,L,L,L,L,V,E,V
5932,GN MÁSTER ,L,L,V,L,L,E,L,L,L,V
5933,GN MÁSTER ,L,L,V,L,L,E,L,L,E,V
5934,GN MÁSTER ,L,L,V,L,L,E,L,V,L,V
5935,GN MÁSTER ,L,L,V,L,L,E,L,V,E,V
5936,GN MÁSTER ,L,L,V,E,L,L,L,L,L,V
5937,GN MÁSTER ,L,L,V,E,L,L,L,L,E,V
5938,GN MÁSTER ,L,L,V,E,L,L,L,V,L,V
5939,GN MÁSTER ,L,L,V,E,L,L,L,V,E,V
5940,GN MÁSTER ,L,L,V,E,L,E,L,L,L,V
5941,GN MÁSTER ,L,L,V,E,L,E,L,L,E,V
5942,GN MÁSTER ,L,L,V,E,L,E,L,V,L,V
5943,GN MÁSTER ,L,L,V,E,L,E,L,V,E,V
5944,GN MÁSTER ,L,E,V,L,L,L,L,L,L,V
5945,GN MÁSTER ,L,E,V,L,L,L,L,L,E,V
5946,GN MÁSTER ,L,E,V,L,L,L,L,V,L,V
5947,GN MÁSTER ,L,E,V,L,L,L,L,V,E,V
5948,GN MÁSTER ,L,E,V,L,L,E,L,L,L,V
5949,GN MÁSTER ,L,E,V,L,L,E,L,L,E,V
5950,GN MÁSTER ,L,E,V,L,L,E,L,V,L,V
5951,GN MÁSTER ,L,E,V,L,L,E,L,V,E,V
5952,GN MÁSTER ,L,E,V,E,L,L,L,L,L,V
5953,GN MÁSTER ,L,E,V,E,L,L,L,L,E,V
5954,GN MÁSTER ,L,E,V,E,L,L,L,V,L,V
5955,GN MÁSTER ,L,E,V,E,L,L,L,V,E,V
5956,GN MÁSTER ,L,E,V,E,L,E,L,L,L,V
5957,GN MÁSTER ,L,E,V,E,L,E,L,L,E,V
5958,GN MÁSTER ,L,E,V,E,L,E,L,V,L,V
5959,GN MÁSTER ,L,E,V,E,L,E,L,V,E,V
5960,Gonzalo 85 lsm sordo,L,E,V,E,L,V,V,L,E,E
5961,Gonzalo 85 lsm sordo,L,V,V,V,L,E,E,L,V,L
5962,Gonzalo Islas ,L,V,V,L,L,L,L,L,L,L
5963,Gonzalo Islas ,L,V,V,L,L,L,L,L,V,L
5964,Gonzalo Islas ,L,L,V,L,L,L,L,L,L,L
5965,Gonzalo Islas ,L,L,V,L,L,L,L,L,V,L
5966,Gonzalo Rey,L,L,E,E,E,L,V,V,V,E
5967,Gonzalo Rey,E,E,V,E,V,L,L,L,L,V
5968,Gonzalo Rey,L,V,E,L,L,L,V,E,L,E
5969,Gonzalo Rey,L,L,V,V,L,E,V,L,L,E
5970,Gonzalo Rey,L,L,V,E,L,V,V,E,L,L
5971,Gonzalo Rey,L,V,V,E,L,V,V,V,L,L
5972,Gonzalo Rey,L,V,V,V,L,L,E,L,V,L
5973,Gonzalo Rey,L,V,V,L,V,E,E,V,L,L
5974,Gonzalo Rey,E,E,V,L,E,V,E,L,L,L
5975,Gonzalo Rey,L,E,E,L,L,L,E,L,V,L
5976,Gonzalo Rey,L,L,V,E,E,V,L,L,E,L
5977,Gonzalo Rey,L,E,V,E,L,E,V,L,L,L
5978,Gonzalo Rey,V,V,V,L,L,L,E,E,L,L
5979,Gonzalo Rey,L,E,V,E,E,L,L,L,E,L
5980,Gonzalo Rey,L,L,E,L,E,L,E,L,V,V
5981,Gonzalo Rey,L,V,V,E,E,L,L,E,E,V
5982,Gonzalo Rey,L,V,V,L,V,E,L,L,E,V
5983,Gonzalo Rey,E,V,V,E,V,L,L,L,L,E
5984,Gonzalo Rey,E,L,V,E,V,E,V,E,L,V
5985,Gonzalo Rey,L,E,V,E,L,E,V,L,E,V
5986,Gorreon,L,V,V,V,V,L,L,L,E,V
5987,Gorreon,L,V,V,E,E,L,E,L,L,L
5988,Gorreon,L,E,V,L,L,L,L,L,V,E
5989,GOTICO,L,E,V,L,V,L,V,E,E,V
5990,Green48 ,L,E,V,L,L,L,E,L,L,E
5991,Green48 ,L,E,V,L,L,L,V,L,L,E
5992,Green48 ,L,L,V,L,L,L,E,L,L,E
5993,Green48 ,L,L,V,L,L,L,V,L,L,E
5994,Gregorio Aguilar,L,L,E,L,L,L,L,L,L,L
5995,Gregorio Aguilar,L,E,E,V,L,L,E,L,L,E
5996,Grettel,L,V,V,L,E,L,L,L,V,E
5997,Grettelsoria,L,V,L,E,V,L,V,L,E,L
5998,Grettelsoria,L,E,V,E,L,L,E,L,E,L
5999,Grettelsoria,L,L,V,L,E,L,E,E,L,E
6000,Guadalupe García,L,L,V,V,E,L,V,E,E,V
6001,Guadalupe guerra s.,L,V,V,V,L,E,V,L,V,L
6002,Guadalupe guerra s.,L,L,V,E,L,L,V,L,V,L
6003,Guadalupe guerra s.,L,V,V,L,V,L,V,V,L,V
6004,Guadalupe guerra s.,L,V,V,L,L,L,E,V,L,L
6005,Guadalupe guerra s.,L,V,V,V,L,V,L,L,E,L
6006,Guayupi Ortega,L,L,V,L,L,L,V,L,L,L
6007,Guayupi Ortega,L,E,V,L,L,E,L,L,E,E
6008,Guayupi Ortega,L,V,V,E,V,L,E,L,L,E
6009,Güero Bibiano,L,V,V,V,L,L,L,L,L,L
6010,Güero Bibiano,L,L,V,E,L,L,L,L,L,L
6011,Güero Bibiano,L,V,V,V,E,L,E,L,L,L
6012,Guero dogos 1,L,L,V,V,E,L,L,L,E,L
6013,Guero dogos 10,L,V,V,E,V,V,V,L,E,L
6014,Guero dogos 2,L,E,V,E,V,L,L,L,L,L
6015,Guero dogos 3,V,E,V,E,L,L,V,L,V,L
6016,Guero dogos 4,E,L,V,V,E,L,E,L,E,V
6017,Guero dogos 5,L,L,V,L,L,L,V,L,E,L
6018,Guero dogos 6,L,E,V,V,E,L,V,L,V,L
6019,Guero dogos 7,L,E,V,E,L,E,V,L,E,L
6020,Guero dogos 8,L,L,V,V,L,L,V,L,V,L
6021,Guero dogos 9,L,E,V,E,E,L,V,E,E,L
6022,Guicho padilla,L,E,V,V,L,E,V,L,L,L
6023,Guicho padilla,L,V,V,E,L,V,V,L,L,L
6024,Guille2⚽⚽⚽,L,E,V,L,E,L,E,L,L,L
6025,Guille2⚽⚽⚽,L,V,V,L,L,L,L,L,L,V
6026,Guille2⚽⚽⚽,L,V,V,L,E,L,E,E,E,V
6027,Guille2⚽⚽⚽,L,L,V,L,L,L,V,L,L,L
6028,Guille2⚽⚽⚽,L,E,V,L,L,L,E,L,E,L
6029,Guille2⚽⚽⚽,L,E,E,L,E,L,V,L,E,L
6030,Guille2⚽⚽⚽,E,L,L,V,E,L,L,L,V,V
6031,Guille2⚽⚽⚽,L,L,E,L,V,L,L,V,E,L
6032,Guille2⚽⚽⚽,L,V,L,E,L,E,E,L,L,V
6033,Guille2⚽⚽⚽,V,L,V,L,E,L,V,L,E,L
6034,Guille2⚽⚽⚽,V,L,V,E,L,L,E,L,E,V
6035,Guille2⚽⚽⚽ ,L,V,V,L,L,L,L,L,L,L
6036,Guille2⚽⚽⚽ ,L,V,V,L,V,L,L,L,L,L
6037,Guille2⚽⚽⚽ ,L,V,V,L,L,L,L,L,L,L
6038,Guille2⚽⚽⚽ ,L,V,V,L,L,L,V,L,L,L
6039,Guillermo Silva Flor,L,E,E,E,L,L,L,E,E,E
6040,Guillermo Silva Flor,L,V,V,L,E,E,L,E,L,L
6041,Gumaro sanchez cortes,L,E,V,L,L,E,V,L,E,L
6042,Gumaro sanchez cortes,L,V,V,E,L,L,E,L,E,L
6043,Gustavo Acosta,L,E,V,L,L,E,E,L,E,L
6044,Gustavo Coria,L,E,V,E,L,E,L,L,V,L
6045,Gustavo Coria,L,V,V,L,L,L,V,L,V,V
6046,Gustavo Coria,L,E,V,E,L,L,L,E,E,L
6047,Guti jr,L,E,V,E,L,L,V,L,V,E
6048,Guti jr,L,V,V,L,L,L,V,E,V,L
6049,Guti jr,L,E,V,E,L,L,E,L,V,V
6050,Guzmán 97,L,E,V,V,L,L,V,E,V,L
6051,Guzmán 97,L,V,V,V,V,E,E,E,V,E
6052,Guzmán 97,L,L,V,V,E,E,V,L,V,E
6053,Guzmán 97,E,L,E,E,L,E,V,E,L,L
6054,Guzmán 97,E,V,V,E,E,L,V,L,L,E
6055,Hanasofia 1988 ,E,L,V,V,L,L,E,L,E,L
6056,Hanasofia 1988 ,E,V,V,V,L,L,E,L,E,L
6057,Hanasofia 1988 ,L,L,V,V,L,L,E,L,E,L
6058,Hanasofia 1988 ,L,V,V,V,L,L,E,L,E,L
6059,Hanasofia 1988 ,L,E,V,L,L,L,V,L,V,E
6060,Hanasofia 1988 ,L,E,V,V,L,L,V,L,V,E
6061,Hanasofia 1988 ,L,V,V,L,L,L,V,L,V,E
6062,Hanasofia 1988 ,L,V,V,V,L,L,V,L,V,E
6063,Hanasofia 1988 ,L,E,E,V,E,L,V,L,L,L
6064,Hanasofia 1988 ,L,E,E,V,L,L,V,L,L,L
6065,Hanasofia 1988 ,L,E,E,L,E,L,V,L,L,L
6066,Hanasofia 1988 ,L,E,E,L,L,L,V,L,L,L
6067,Hanasofia 1988 ,L,L,L,V,L,V,V,L,L,L
6068,Hanasofia 1988 ,L,L,L,V,L,V,V,V,L,L
6069,Hanasofia 1988 ,L,L,L,V,L,L,V,L,L,L
6070,Hanasofia 1988 ,L,L,L,V,L,L,V,V,L,L
6071,Hanny,L,V,V,L,L,L,V,L,V,L
6072,Hanny,V,L,L,V,V,L,L,L,V,V
6073,Hanny,E,E,V,L,E,V,V,V,L,E
6074,Hanny,L,V,V,V,L,L,E,E,L,L
6075,Hanny,L,E,L,E,L,E,V,E,V,L
6076,HASBULLA🧒🏼🥊 ,L,L,V,L,L,L,V,L,L,L
6077,HASBULLA🧒🏼🥊 ,L,L,V,L,L,L,V,L,E,L
6078,HASBULLA🧒🏼🥊 ,L,L,V,L,L,L,E,L,L,L
6079,HASBULLA🧒🏼🥊 ,L,L,V,L,L,L,E,L,E,L
6080,HASBULLA🧒🏼🥊 ,L,L,V,E,L,L,V,L,L,L
6081,HASBULLA🧒🏼🥊 ,L,L,V,E,L,L,V,L,E,L
6082,HASBULLA🧒🏼🥊 ,L,L,V,E,L,L,E,L,L,L
6083,HASBULLA🧒🏼🥊 ,L,L,V,E,L,L,E,L,E,L
6084,HASBULLA🧒🏼🥊 ,L,L,V,V,L,L,V,L,L,L
6085,HASBULLA🧒🏼🥊 ,L,L,V,V,L,L,V,L,E,L
6086,HASBULLA🧒🏼🥊 ,L,L,V,V,L,L,E,L,L,L
6087,HASBULLA🧒🏼🥊 ,L,L,V,V,L,L,E,L,E,L
6088,HASBULLA🧒🏼🥊 ,L,E,V,L,L,L,V,L,L,L
6089,HASBULLA🧒🏼🥊 ,L,E,V,L,L,L,V,L,E,L
6090,HASBULLA🧒🏼🥊 ,L,E,V,L,L,L,E,L,L,L
6091,HASBULLA🧒🏼🥊 ,L,E,V,L,L,L,E,L,E,L
6092,HASBULLA🧒🏼🥊 ,L,E,V,E,L,L,V,L,L,L
6093,HASBULLA🧒🏼🥊 ,L,E,V,E,L,L,V,L,E,L
6094,HASBULLA🧒🏼🥊 ,L,E,V,E,L,L,E,L,L,L
6095,HASBULLA🧒🏼🥊 ,L,E,V,E,L,L,E,L,E,L
6096,HASBULLA🧒🏼🥊 ,L,E,V,V,L,L,V,L,L,L
6097,HASBULLA🧒🏼🥊 ,L,E,V,V,L,L,V,L,E,L
6098,HASBULLA🧒🏼🥊 ,L,E,V,V,L,L,E,L,L,L
6099,HASBULLA🧒🏼🥊 ,L,E,V,V,L,L,E,L,E,L
6100,HASBULLA🧒🏼🥊 ,L,V,V,L,L,L,V,L,L,L
6101,HASBULLA🧒🏼🥊 ,L,V,V,L,L,L,V,L,E,L
6102,HASBULLA🧒🏼🥊 ,L,V,V,L,L,L,E,L,L,L
6103,HASBULLA🧒🏼🥊 ,L,V,V,L,L,L,E,L,E,L
6104,HASBULLA🧒🏼🥊 ,L,V,V,E,L,L,V,L,L,L
6105,HASBULLA🧒🏼🥊 ,L,V,V,E,L,L,V,L,E,L
6106,HASBULLA🧒🏼🥊 ,L,V,V,E,L,L,E,L,L,L
6107,HASBULLA🧒🏼🥊 ,L,V,V,E,L,L,E,L,E,L
6108,HASBULLA🧒🏼🥊 ,L,V,V,V,L,L,V,L,L,L
6109,HASBULLA🧒🏼🥊 ,L,V,V,V,L,L,V,L,E,L
6110,HASBULLA🧒🏼🥊 ,L,V,V,V,L,L,E,L,L,L
6111,HASBULLA🧒🏼🥊 ,L,V,V,V,L,L,E,L,E,L
6112,Hazel 2016,L,L,V,V,L,V,L,L,V,L
6113,HAZS,L,V,V,V,L,L,V,L,V,E
6114,HAZS,L,V,V,E,L,E,E,L,E,E
6115,HAZS,L,V,V,L,L,V,L,V,L,E
6116,HAZS,L,V,V,E,L,E,L,V,E,E
6117,HAZS,L,L,V,E,L,L,V,L,E,E
6118,Héctor Camberos ,L,L,V,V,E,E,V,L,L,V
6119,Héctor Camberos ,L,L,V,V,E,E,V,L,V,V
6120,Héctor Camberos ,L,L,V,L,E,E,V,L,L,V
6121,Héctor Camberos ,L,L,V,L,E,E,V,L,V,V
6122,Héctor Camberos ,E,L,V,V,E,E,V,L,L,V
6123,Héctor Camberos ,E,L,V,V,E,E,V,L,V,V
6124,Héctor Camberos ,E,L,V,L,E,E,V,L,L,V
6125,Héctor Camberos ,E,L,V,L,E,E,V,L,V,V
6126,Héctor Chávez,L,V,V,E,L,L,L,L,L,L
6127,Héctor Chávez,L,V,V,L,L,L,E,L,E,L
6128,Hector Lopez 1,L,V,V,V,L,L,E,L,E,L
6129,Hector Lopez 2,L,E,V,V,L,L,L,L,V,L
6130,Hector Lopez 3,L,L,V,E,L,L,V,L,L,L
6131,Hector Lopez 4,L,V,V,L,L,E,L,L,V,L
6132,Hector Lopez 5,L,E,V,E,L,L,L,L,V,E
6133,Hector Martin g,L,E,V,V,E,L,V,L,E,V
6134,Hector Martin g,L,E,V,E,V,E,E,L,E,E
6135,Hector Martin g,V,L,L,V,L,V,E,L,V,V
6136,Héctor Martínez 97,L,V,V,L,L,L,V,L,L,V
6137,Héctor Martínez 97,L,V,V,V,L,L,V,L,V,V
6138,Héctor Martínez 97,L,L,V,V,L,L,V,L,V,V
6139,Héctor Martínez 97,E,E,L,L,V,V,E,E,E,V
6140,Héctor Martínez 97,E,E,V,E,L,L,V,L,V,V
6141,Héctor Martínez 97,L,E,V,V,L,L,V,E,V,V
6142,Héctor Martínez 97,L,V,V,L,L,L,L,V,L,V
6143,Héctor Martínez 97,V,E,V,V,L,L,V,E,V,V
6144,Héctor Martínez 97,L,V,V,L,V,V,L,L,L,V
6145,Héctor Martínez 97,L,V,V,V,V,V,L,L,V,V
6146,Héctor Martínez 97,L,V,V,L,L,E,V,E,V,V
6147,Héctor Martínez 97,L,V,V,V,L,E,V,E,L,V
6148,Héctor Martínez 97,L,V,V,V,L,E,V,E,V,V
6149,Héctor Martínez 97,L,V,V,L,L,L,V,V,V,V
6150,Héctor Martínez 97,L,V,V,V,L,L,V,V,V,V
6151,Héctor Martínez 97,L,E,V,L,L,L,V,E,E,V
6152,Héctor Martínez 97,L,E,V,V,L,L,V,E,E,V
6153,Héctor Martínez 97,L,L,V,V,L,L,V,E,V,V
6154,Héctor Martínez 97,V,L,L,V,V,V,L,V,L,V
6155,Héctor Martínez 97,L,E,V,E,L,L,E,E,V,V
6156,Héctor Martínez A,L,E,E,L,L,L,E,E,L,L
6157,Héctor Martínez A,L,L,V,E,E,L,L,L,E,E
6158,Héctor Olivares,L,V,V,L,L,L,E,E,E,L
6159,Héctor Olivares,L,E,V,L,L,V,E,L,L,L
6160,Héctor Olivares,L,L,V,E,L,E,E,E,L,L
6161,Héctor Olivares,L,L,V,V,E,E,E,L,E,V
6162,HECTOR RDZ,L,V,V,L,L,L,L,L,V,L
6163,HECTOR RDZ,L,E,V,E,V,L,E,L,E,L
6164,HECTOR RDZ,L,L,V,L,V,L,L,L,L,V
6165,HECTOR RDZ,L,L,V,L,L,V,L,L,L,L
6166,Horacio Ornelas ,L,V,V,V,L,L,L,L,L,E
6167,Horacio Ornelas ,L,V,V,V,L,L,L,L,V,E
6168,Horacio Ornelas ,L,V,V,V,L,L,L,E,L,E
6169,Horacio Ornelas ,L,V,V,V,L,L,L,E,V,E
6170,Horacio Ornelas ,L,V,V,L,L,L,L,L,L,E
6171,Horacio Ornelas ,L,V,V,L,L,L,L,L,V,E
6172,Horacio Ornelas ,L,V,V,L,L,L,L,E,L,E
6173,Horacio Ornelas ,L,V,V,L,L,L,L,E,V,E
6174,Horacio Ornelas ,L,L,V,V,L,L,L,L,L,E
6175,Horacio Ornelas ,L,L,V,V,L,L,L,L,V,E
6176,Horacio Ornelas ,L,L,V,V,L,L,L,E,L,E
6177,Horacio Ornelas ,L,L,V,V,L,L,L,E,V,E
6178,Horacio Ornelas ,L,L,V,L,L,L,L,L,L,E
6179,Horacio Ornelas ,L,L,V,L,L,L,L,L,V,E
6180,Horacio Ornelas ,L,L,V,L,L,L,L,E,L,E
6181,Horacio Ornelas ,L,L,V,L,L,L,L,E,V,E
6182,Horlando Espinoza ,L,V,V,L,L,L,L,L,L,L
6183,Horlando Espinoza ,L,V,V,L,L,L,L,E,L,L
6184,Horlando Espinoza ,L,V,V,L,L,L,E,L,L,L
6185,Horlando Espinoza ,L,V,V,L,L,L,E,E,L,L
6186,Horlando Espinoza ,L,V,V,E,L,L,L,L,L,L
6187,Horlando Espinoza ,L,V,V,E,L,L,L,E,L,L
6188,Horlando Espinoza ,L,V,V,E,L,L,E,L,L,L
6189,Horlando Espinoza ,L,V,V,E,L,L,E,E,L,L
6190,Horlando Espinoza ,L,V,V,V,L,L,L,L,L,L
6191,Horlando Espinoza ,L,V,V,V,L,L,L,E,L,L
6192,Horlando Espinoza ,L,V,V,V,L,L,E,L,L,L
6193,Horlando Espinoza ,L,V,V,V,L,L,E,E,L,L
6194,Hosmar 💳,E,V,E,V,E,E,V,V,V,V
6195,Hosmar 💳,E,L,E,E,V,E,E,E,E,E
6196,Hosmar 💳,E,V,E,E,V,L,E,E,E,V
6197,Hosmar 💳,V,V,L,V,E,E,E,V,L,V
6198,Hosmar 💳,L,V,E,L,E,E,L,V,V,V
6199,Hosmar 💳,L,L,L,L,V,V,L,E,E,E
6200,HUGO AVILA,L,V,L,L,L,L,L,L,L,L
6201,HUGO AVILA,L,V,E,L,L,L,L,L,L,L
6202,HUGO AVILA,L,V,E,E,L,L,L,L,L,L
6203,HUGO AVILA,L,V,E,E,L,E,L,L,L,L
6204,HUGO AVILA,L,V,E,E,L,E,L,L,V,L
6205,HUGO AVILA,L,V,E,E,L,L,L,E,L,L
6206,HUGO AVILA,L,V,E,E,L,L,L,E,V,L
6207,HUGO AVILA,L,V,E,E,L,L,L,L,E,L
6208,HUGO AVILA,L,V,E,E,L,L,L,L,V,L
6209,HUGO AVILA,L,V,E,V,L,L,L,L,L,L
6210,HUGO AVILA,L,V,E,V,L,E,L,L,L,L
6211,HUGO AVILA,L,V,E,V,L,E,L,E,L,L
6212,HUGO AVILA,L,V,E,V,L,E,L,E,V,L
6213,HUGO AVILA,L,V,E,V,L,E,L,L,E,L
6214,HUGO AVILA,L,V,E,V,L,E,L,L,V,L
6215,HUGO AVILA,L,V,E,V,L,L,L,E,L,L
6216,HUGO AVILA,L,V,E,V,L,L,L,E,E,L
6217,HUGO AVILA,L,V,E,V,L,L,L,E,V,L
6218,HUGO AVILA,L,V,E,V,L,L,L,L,E,L
6219,HUGO AVILA,L,V,E,V,L,L,L,L,V,L
6220,HUGO AVILA,L,V,E,L,L,E,L,L,L,L
6221,HUGO AVILA,L,V,E,L,L,E,L,E,L,L
6222,HUGO AVILA,L,V,E,L,L,E,L,E,V,L
6223,HUGO AVILA,L,V,E,L,L,E,L,L,E,L
6224,HUGO AVILA,L,V,E,L,L,E,L,L,V,L
6225,HUGO AVILA,L,V,E,L,L,L,L,E,L,L
6226,HUGO AVILA,L,V,E,L,L,L,L,E,E,L
6227,HUGO AVILA,L,V,E,L,L,L,L,E,V,L
6228,HUGO AVILA,L,V,E,L,L,L,L,L,E,L
6229,HUGO AVILA,L,V,E,L,L,L,L,L,V,L
6230,HUGO AVILA,L,V,V,L,L,L,L,L,L,L
6231,HUGO AVILA,L,V,V,E,L,L,L,L,L,L
6232,HUGO AVILA,L,V,V,E,L,E,L,L,L,L
6233,HUGO AVILA,L,V,V,E,L,E,L,E,L,L
6234,HUGO AVILA,L,V,V,E,L,E,L,E,V,L
6235,HUGO AVILA,L,V,V,E,L,E,L,L,E,L
6236,HUGO AVILA,L,V,V,E,L,E,L,L,V,L
6237,HUGO AVILA,L,V,V,E,L,L,L,E,L,L
6238,HUGO AVILA,L,V,V,E,L,L,L,E,E,L
6239,HUGO AVILA,L,V,V,E,L,L,L,E,V,L
6240,HUGO AVILA,L,V,V,E,L,L,L,L,E,L
6241,HUGO AVILA,L,V,V,E,L,L,L,L,V,L
6242,HUGO AVILA,L,V,V,V,L,L,L,L,L,L
6243,HUGO AVILA,L,V,V,V,L,E,L,L,L,L
6244,HUGO AVILA,L,V,V,V,L,E,L,E,L,L
6245,HUGO AVILA,L,V,V,V,L,E,L,E,E,L
6246,HUGO AVILA,L,V,V,V,L,E,L,E,V,L
6247,HUGO AVILA,L,V,V,V,L,E,L,L,E,L
6248,HUGO AVILA,L,V,V,V,L,E,L,L,V,L
6249,HUGO AVILA,L,V,V,V,L,L,L,E,L,L
6250,HUGO AVILA,L,V,V,V,L,L,L,E,E,L
6251,HUGO AVILA,L,V,V,V,L,L,L,E,V,L
6252,HUGO AVILA,L,V,V,V,L,L,L,L,E,L
6253,HUGO AVILA,L,V,V,V,L,L,L,L,V,L
6254,HUGO AVILA,L,V,V,L,L,E,L,L,L,L
6255,HUGO AVILA,L,V,V,L,L,E,L,E,L,L
6256,HUGO AVILA,L,V,V,L,L,E,L,E,E,L
6257,HUGO AVILA,L,V,V,L,L,E,L,E,V,L
6258,HUGO AVILA,L,V,V,L,L,E,L,L,E,L
6259,HUGO AVILA,L,V,V,L,L,E,L,L,V,L
6260,HUGO AVILA,L,V,V,L,L,L,L,E,L,L
6261,HUGO AVILA,L,V,V,L,L,L,L,E,E,L
6262,HUGO AVILA,L,V,V,L,L,L,L,E,V,L
6263,HUGO AVILA,L,V,V,L,L,L,L,L,E,L
6264,HUGO AVILA,L,V,V,L,L,L,L,L,V,L
6265,HUGO AVILA,L,V,L,E,L,L,L,L,L,L
6266,HUGO AVILA,L,V,L,E,L,L,L,E,L,L
6267,HUGO AVILA,L,V,L,E,L,L,L,E,E,L
6268,HUGO AVILA,L,V,L,E,L,L,L,E,V,L
6269,HUGO AVILA,L,V,L,E,L,L,L,L,E,L
6270,HUGO AVILA,L,V,L,E,L,L,L,L,V,L
6271,HUGO AVILA,L,V,L,V,L,L,L,L,L,L
6272,HUGO AVILA,L,V,L,V,L,L,L,E,L,L
6273,HUGO AVILA,L,V,L,V,L,L,L,E,E,L
6274,HUGO AVILA,L,V,L,V,L,L,L,E,V,L
6275,HUGO AVILA,L,V,L,V,L,L,L,L,E,L
6276,HUGO AVILA,L,V,L,V,L,L,L,L,V,L
6277,HUGO AVILA,L,V,L,L,L,L,L,E,L,L
6278,HUGO AVILA,L,V,L,L,L,L,L,E,E,L
6279,HUGO AVILA,L,V,L,L,L,L,L,E,V,L
6280,HUGO AVILA,L,V,L,L,L,L,L,L,E,L
6281,HUGO AVILA,L,V,L,L,L,L,L,L,V,L
6282,HUGO AVILA,L,V,E,E,L,E,V,L,L,L
6283,HUGO AVILA,L,V,E,E,L,E,V,L,V,L
6284,HUGO AVILA,L,V,E,E,L,L,V,L,L,L
6285,HUGO AVILA,L,V,E,E,L,L,V,E,L,L
6286,HUGO AVILA,L,V,E,E,L,L,V,E,V,L
6287,HUGO AVILA,L,V,E,E,L,L,V,L,E,L
6288,HUGO AVILA,L,V,E,E,L,L,V,L,V,L
6289,HUGO AVILA,L,V,E,V,L,E,V,L,L,L
6290,HUGO AVILA,L,V,E,V,L,E,V,E,L,L
6291,HUGO AVILA,L,V,E,V,L,E,V,E,V,L
6292,HUGO AVILA,L,V,E,V,L,E,V,L,E,L
6293,HUGO AVILA,L,V,E,V,L,E,V,L,V,L
6294,HUGO AVILA,L,V,E,V,L,L,V,L,L,L
6295,HUGO AVILA,L,V,E,V,L,L,V,E,L,L
6296,HUGO AVILA,L,V,E,V,L,L,V,E,E,L
6297,HUGO AVILA,L,V,E,V,L,L,V,E,V,L
6298,HUGO AVILA,L,V,E,V,L,L,V,L,E,L
6299,HUGO AVILA,L,V,E,V,L,L,V,L,V,L
6300,HUGO AVILA,L,V,E,L,L,E,V,L,L,L
6301,HUGO AVILA,L,V,E,L,L,E,V,E,L,L
6302,HUGO AVILA,L,V,E,L,L,E,V,E,V,L
6303,HUGO AVILA,L,V,E,L,L,E,V,L,E,L
6304,HUGO AVILA,L,V,E,L,L,E,V,L,V,L
6305,HUGO AVILA,L,V,E,L,L,L,V,L,L,L
6306,HUGO AVILA,L,V,E,L,L,L,V,E,L,L
6307,HUGO AVILA,L,V,E,L,L,L,V,E,E,L
6308,HUGO AVILA,L,V,E,L,L,L,V,E,V,L
6309,HUGO AVILA,L,V,E,L,L,L,V,L,E,L
6310,HUGO AVILA,L,V,E,L,L,L,V,L,V,L
6311,HUGO AVILA,L,V,V,E,L,E,V,L,L,L
6312,HUGO AVILA,L,V,V,E,L,E,V,E,L,L
6313,HUGO AVILA,L,V,V,E,L,E,V,E,V,L
6314,HUGO AVILA,L,V,V,E,L,E,V,L,E,L
6315,HUGO AVILA,L,V,V,E,L,E,V,L,V,L
6316,HUGO AVILA,L,V,V,E,L,L,V,L,L,L
6317,HUGO AVILA,L,V,V,E,L,L,V,E,L,L
6318,HUGO AVILA,L,V,V,E,L,L,V,E,E,L
6319,HUGO AVILA,L,V,V,E,L,L,V,E,V,L
6320,HUGO AVILA,L,V,V,E,L,L,V,L,E,L
6321,HUGO AVILA,L,V,V,E,L,L,V,L,V,L
6322,HUGO AVILA,L,V,V,V,L,E,V,L,L,L
6323,HUGO AVILA,L,V,V,V,L,E,V,E,L,L
6324,HUGO AVILA,L,V,V,V,L,E,V,E,E,L
6325,HUGO AVILA,L,V,V,V,L,E,V,E,V,L
6326,HUGO AVILA,L,V,V,V,L,E,V,L,E,L
6327,HUGO AVILA,L,V,V,V,L,E,V,L,V,L
6328,HUGO AVILA,L,V,V,V,L,L,V,L,L,L
6329,HUGO AVILA,L,V,V,V,L,L,V,E,L,L
6330,HUGO AVILA,L,V,V,V,L,L,V,E,E,L
6331,HUGO AVILA,L,V,V,V,L,L,V,E,V,L
6332,HUGO AVILA,L,V,V,V,L,L,V,L,E,L
6333,HUGO AVILA,L,V,V,V,L,L,V,L,V,L
6334,HUGO AVILA,L,V,V,L,L,E,V,L,L,L
6335,HUGO AVILA,L,V,V,L,L,E,V,E,L,L
6336,HUGO AVILA,L,V,V,L,L,E,V,E,E,L
6337,HUGO AVILA,L,V,V,L,L,E,V,E,V,L
6338,HUGO AVILA,L,V,V,L,L,E,V,L,E,L
6339,HUGO AVILA,L,V,V,L,L,E,V,L,V,L
6340,HUGO AVILA,L,V,V,L,L,L,V,L,L,L
6341,HUGO AVILA,L,V,V,L,L,L,V,E,L,L
6342,HUGO AVILA,L,V,V,L,L,L,V,E,E,L
6343,HUGO AVILA,L,V,V,L,L,L,V,E,V,L
6344,HUGO AVILA,L,V,V,L,L,L,V,L,E,L
6345,HUGO AVILA,L,V,V,L,L,L,V,L,V,L
6346,HUGO AVILA,L,V,L,E,L,L,V,L,L,L
6347,HUGO AVILA,L,V,L,E,L,L,V,E,L,L
6348,HUGO AVILA,L,V,L,E,L,L,V,E,E,L
6349,HUGO AVILA,L,V,L,E,L,L,V,E,V,L
6350,HUGO AVILA,L,V,L,E,L,L,V,L,E,L
6351,HUGO AVILA,L,V,L,E,L,L,V,L,V,L
6352,HUGO AVILA,L,V,L,V,L,L,V,L,L,L
6353,HUGO AVILA,L,V,L,V,L,L,V,E,L,L
6354,HUGO AVILA,L,V,L,V,L,L,V,E,E,L
6355,HUGO AVILA,L,V,L,V,L,L,V,E,V,L
6356,HUGO AVILA,L,V,L,V,L,L,V,L,E,L
6357,HUGO AVILA,L,V,L,V,L,L,V,L,V,L
6358,HUGO AVILA,L,V,L,L,L,L,V,L,L,L
6359,HUGO AVILA,L,V,L,L,L,L,V,E,L,L
6360,HUGO AVILA,L,V,L,L,L,L,V,E,E,L
6361,HUGO AVILA,L,V,L,L,L,L,V,E,V,L
6362,HUGO AVILA,L,V,L,L,L,L,V,L,E,L
6363,HUGO AVILA,L,V,L,L,L,L,V,L,V,L
6364,Hugo Jaramillo 🙏,L,V,V,L,L,L,L,L,E,L
6365,Hugo Medina,L,V,V,V,L,L,L,V,V,L
6366,Hugo Medina,L,E,V,L,V,E,E,L,E,V
6367,Hugobar24,L,V,V,L,L,L,L,L,L,L
6368,Hugobar24,L,V,V,V,L,L,L,L,L,V
6369,Hugobar24,L,E,V,E,L,L,L,E,L,V
6370,Hugobar24,L,V,E,V,L,L,E,E,E,E
6371,Hugobar24,L,V,V,V,L,L,L,L,L,E
6372,Hugo👺💯💯,L,E,V,L,L,L,E,L,E,L
6373,Hugo👺💯💯,L,E,V,E,L,L,E,L,E,L
6374,Hugo👺💯💯,L,E,V,E,L,L,V,L,V,L
6375,Hugo👺💯💯,L,L,V,E,L,L,E,L,E,L
6376,Hugo👺💯💯,L,E,V,E,L,L,L,L,E,L
6377,Huicho 85 🍀🍀🍀,L,V,V,E,L,L,L,V,L,L
6378,Huicho 85 🍀🍀🍀,L,E,V,V,L,L,E,V,L,L
6379,Huicho 85 🍀🍀🍀,L,E,V,V,L,L,L,E,L,L
6380,Huicho 85 🍀🍀🍀,L,V,V,E,L,L,E,E,L,L
6381,Huixtepecano,L,V,V,L,E,L,E,L,E,E
6382,Huixtepecano,L,E,E,E,L,V,V,L,L,L
6383,Huixtepecano,L,L,V,V,E,L,E,L,E,V
6384,Huixtepecano,L,L,V,V,L,E,E,L,V,E
6385,Huixtepecano,L,E,V,E,E,L,E,L,E,L
6386,Huixtepecano,L,L,E,E,L,L,V,E,E,L
6387,Huixtepecano,L,V,L,L,V,E,E,L,L,L
6388,HULES GARCIA,L,E,V,L,L,L,E,L,E,V
6389,HULES GARCIA,L,L,E,V,L,L,L,L,V,V
6390,HULES GARCIA,L,L,V,V,E,E,L,L,L,V
6391,Icc carlos C1,L,L,V,E,L,L,L,L,E,L
6392,Icc carlos C2,L,V,V,V,L,E,L,E,L,L
6393,Icc carlos C3,L,L,V,E,L,E,L,V,L,E
6394,Icc carlos L1,L,V,V,L,L,L,L,V,V,E
6395,Icc carlos L2,L,L,V,E,V,V,L,L,V,L
6396,Icc carlos L3,V,V,L,V,L,L,L,V,E,V
6397,Igna chh,L,L,V,L,V,L,L,L,L,L
6398,Igna chh,E,E,V,V,L,E,V,E,E,L
6399,Ignacio magdaleno,L,V,V,L,L,L,V,L,V,L
6400,Ignacio magdaleno,E,V,V,L,L,L,E,V,L,E
6401,Ignacio magdaleno,L,L,L,L,L,E,V,L,V,L
6402,Ignacio magdaleno,V,V,V,E,V,E,V,E,V,E
6403,Ignacio magdaleno,E,L,V,E,L,L,V,E,V,V
6404,Ignacio magdaleno,V,V,V,L,L,L,L,E,V,L
6405,Ignacio magdaleno,E,E,L,E,L,L,E,V,V,L
6406,Ignacio magdaleno,L,E,V,L,L,L,E,L,V,V
6407,Ignacio magdaleno,V,V,V,L,V,E,L,L,V,E
6408,Ignacio Magdaleno,E,E,V,L,L,L,V,E,V,L
6409,Iker David,L,E,V,V,L,L,L,L,V,E
6410,Iker David,L,L,V,V,L,L,L,L,V,L
6411,Ilse daniela,E,V,L,V,E,L,V,L,E,E
6412,Ilse daniela,E,L,V,E,L,E,V,E,V,E
6413,Ilse daniela ,L,E,L,L,L,L,V,L,V,L
6414,Ilse daniela ,L,E,V,L,L,L,V,L,V,L
6415,Ilse daniela ,L,V,L,L,L,L,V,L,V,L
6416,Ilse daniela ,L,V,V,L,L,L,V,L,V,L
6417,Ilse daniela ,L,V,L,L,L,E,V,E,V,L
6418,Ilse daniela ,L,V,L,L,L,E,V,L,V,L
6419,Ilse daniela ,L,V,E,L,L,E,V,E,V,L
6420,Ilse daniela ,L,V,E,L,L,E,V,L,V,L
6421,Imzc7,L,V,V,L,L,L,L,L,V,V
6422,Imzc7 ,L,E,V,L,L,L,E,L,L,E
6423,Imzc7 ,L,E,V,L,L,L,E,E,L,E
6424,Imzc7 ,L,E,V,L,L,L,V,L,L,E
6425,Imzc7 ,L,E,V,L,L,L,V,E,L,E
6426,Imzc7 ,L,E,V,E,L,L,E,L,L,E
6427,Imzc7 ,L,E,V,E,L,L,E,E,L,E
6428,Imzc7 ,L,E,V,E,L,L,V,L,L,E
6429,Imzc7 ,L,E,V,E,L,L,V,E,L,E
6430,Imzc7 ,L,V,V,L,L,L,E,L,L,E
6431,Imzc7 ,L,V,V,L,L,L,E,E,L,E
6432,Imzc7 ,L,V,V,L,L,L,V,L,L,E
6433,Imzc7 ,L,V,V,L,L,L,V,E,L,E
6434,Imzc7 ,L,V,V,E,L,L,E,L,L,E
6435,Imzc7 ,L,V,V,E,L,L,E,E,L,E
6436,Imzc7 ,L,V,V,E,L,L,V,L,L,E
6437,Imzc7 ,L,V,V,E,L,L,V,E,L,E
6438,Imzc7 ,L,E,V,L,E,L,V,L,L,E
6439,Imzc7 ,L,E,V,L,E,L,V,L,V,E
6440,ingus29,L,L,V,L,V,E,E,L,E,L
6441,ingus29,E,V,V,L,L,V,V,L,E,E
6442,ingus29,V,L,L,V,E,V,E,E,V,V
6443,ingus29,L,L,E,V,E,V,L,V,V,V
6444,ingus29,E,V,E,V,V,V,E,E,E,L
6445,Irving cadena ,L,V,V,L,L,L,L,L,L,L
6446,Irving cadena ,L,V,V,L,L,L,E,L,L,L
6447,Irving cadena ,L,V,V,E,L,L,L,L,L,L
6448,Irving cadena ,L,V,V,E,L,L,E,L,L,L
6449,Irving cadena ,L,E,V,L,L,L,L,L,L,L
6450,Irving cadena ,L,E,V,L,L,L,E,L,L,L
6451,Irving cadena ,L,E,V,E,L,L,L,L,L,L
6452,Irving cadena ,L,E,V,E,L,L,E,L,L,L
6453,Isaias 117,L,V,E,E,L,E,L,E,V,V
6454,Isaias 117,L,V,L,V,L,V,V,V,L,V
6455,Isamar,L,E,V,E,L,L,E,V,V,L
6456,ISAMAR LLUVIA VALERIA,L,L,V,L,L,L,L,L,L,L
6457,ISAMAR LLUVIA VALERIA,E,E,V,E,V,E,V,V,L,V
6458,ISAMAR LLUVIA VALERIA,L,V,V,L,V,V,L,L,V,E
6459,ISMAEL HM,L,L,V,L,L,L,E,E,L,L
6460,ISMAEL HM,L,L,L,L,L,L,V,L,L,L
6461,ISMAEL HM,L,L,E,E,E,L,E,L,E,L
6462,Ismael Meza,L,V,V,V,L,L,L,L,E,L
6463,Ismael Meza,L,L,L,E,V,V,V,E,E,L
6464,Ismael Meza,L,L,L,L,L,L,L,L,L,L
6465,Ismael Meza,L,L,V,V,L,V,V,V,V,L
6466,Ismael Meza,V,L,V,E,L,V,V,L,L,V
6467,ISRAEL 217,L,V,V,V,L,L,E,E,V,L
6468,ISRAEL 217,L,L,V,L,L,L,E,L,L,L
6469,ISRAEL 217,V,V,V,E,L,E,E,V,V,V
6470,ISRAEL 217,E,L,E,L,E,L,L,E,E,V
6471,ISRAEL 217,V,L,V,L,L,L,V,L,V,V
6472,ISRAEL 217,L,L,L,L,V,L,L,V,V,L
6473,Israel Hernández,L,V,V,L,L,E,V,L,E,L
6474,Israel Hernández,L,L,V,L,L,L,V,L,L,L
6475,Israel ipejal,L,L,V,E,L,L,V,E,L,V
6476,Israel Mujica,L,V,V,L,L,L,V,L,V,L
6477,Israel Mujica,L,L,L,L,E,L,E,E,L,V
6478,Israel Mujica,L,V,V,L,V,L,V,L,L,L
6479,Israel Mujica,L,V,L,L,L,L,V,L,L,V
6480,Israel Mujica,L,V,V,L,L,L,L,L,L,L
6481,Israel30,L,E,V,L,L,L,E,L,E,L
6482,Israel30,L,V,V,E,L,L,L,L,L,E
6483,Israel30,L,L,V,L,L,L,L,L,V,V
6484,Israel30,E,L,L,E,L,L,V,L,V,E
6485,Israel30,L,V,V,L,L,L,E,E,L,L
6486,Israelm06,L,V,E,E,L,L,E,L,L,L
6487,Israelm06,L,V,E,E,L,L,E,L,V,L
6488,Israelm06,L,V,E,V,L,E,E,L,L,L
6489,Israelm06,L,V,E,V,L,E,E,L,V,L
6490,Israelm06,L,V,E,V,L,L,E,L,L,L
6491,Israelm06,L,V,E,V,L,L,E,E,L,L
6492,Israelm06,L,V,E,V,L,L,E,E,V,L
6493,Israelm06,L,V,E,V,L,L,E,L,E,L
6494,Israelm06,L,V,E,V,L,L,E,L,V,L
6495,Israelm06,L,V,E,L,L,E,E,L,L,L
6496,Israelm06,L,V,E,L,L,E,E,L,V,L
6497,Israelm06,L,V,E,L,L,L,E,L,L,L
6498,Israelm06,L,V,E,L,L,L,E,E,L,L
6499,Israelm06,L,V,E,L,L,L,E,E,V,L
6500,Israelm06,L,V,E,L,L,L,E,L,E,L
6501,Israelm06,L,V,E,L,L,L,E,L,V,L
6502,Israelm06,L,V,V,E,L,E,E,L,L,L
6503,Israelm06,L,V,V,E,L,E,E,L,V,L
6504,Israelm06,L,V,V,E,L,L,E,L,L,L
6505,Israelm06,L,V,V,E,L,L,E,E,L,L
6506,Israelm06,L,V,V,E,L,L,E,E,V,L
6507,Israelm06,L,V,V,E,L,L,E,L,E,L
6508,Israelm06,L,V,V,E,L,L,E,L,V,L
6509,Israelm06,L,V,V,V,L,E,E,L,L,L
6510,Israelm06,L,V,V,V,L,E,E,E,L,L
6511,Israelm06,L,V,V,V,L,E,E,E,V,L
6512,Israelm06,L,V,V,V,L,E,E,L,E,L
6513,Israelm06,L,V,V,V,L,E,E,L,V,L
6514,Israelm06,L,V,V,V,L,L,E,L,L,L
6515,Israelm06,L,V,V,V,L,L,E,E,L,L
6516,Israelm06,L,V,V,V,L,L,E,E,E,L
6517,Israelm06,L,V,V,V,L,L,E,E,V,L
6518,Israelm06,L,V,V,V,L,L,E,L,E,L
6519,Israelm06,L,V,V,V,L,L,E,L,V,L
6520,Israelm06,L,V,V,L,L,E,E,L,L,L
6521,Israelm06,L,V,V,L,L,E,E,E,L,L
6522,Israelm06,L,V,V,L,L,E,E,E,V,L
6523,Israelm06,L,V,V,L,L,E,E,L,E,L
6524,Israelm06,L,V,V,L,L,E,E,L,V,L
6525,Israelm06,L,V,V,L,L,L,E,L,L,L
6526,Israelm06,L,V,V,L,L,L,E,E,L,L
6527,Israelm06,L,V,V,L,L,L,E,E,E,L
6528,Israelm06,L,V,V,L,L,L,E,E,V,L
6529,Israelm06,L,V,V,L,L,L,E,L,E,L
6530,Israelm06,L,V,V,L,L,L,E,L,V,L
6531,Israelm06,L,V,L,E,L,L,E,L,L,L
6532,Israelm06,L,V,L,E,L,L,E,E,L,L
6533,Israelm06,L,V,L,E,L,L,E,E,V,L
6534,Israelm06,L,V,L,E,L,L,E,L,E,L
6535,Israelm06,L,V,L,E,L,L,E,L,V,L
6536,Israelm06,L,V,L,V,L,L,E,L,L,L
6537,Israelm06,L,V,L,V,L,L,E,E,L,L
6538,Israelm06,L,V,L,V,L,L,E,E,E,L
6539,Israelm06,L,V,L,V,L,L,E,E,V,L
6540,Israelm06,L,V,L,V,L,L,E,L,E,L
6541,Israelm06,L,V,L,V,L,L,E,L,V,L
6542,Israelm06,L,V,L,L,L,L,E,L,L,L
6543,Israelm06,L,V,L,L,L,L,E,E,L,L
6544,Israelm06,L,V,L,L,L,L,E,E,E,L
6545,Israelm06,L,V,L,L,L,L,E,E,V,L
6546,Israelm06,L,V,L,L,L,L,E,L,E,L
6547,Israelm06,L,V,L,L,L,L,E,L,V,L
6548,ISSTE,L,V,V,E,L,L,E,V,V,E
6549,ISSTE,E,E,V,L,L,L,L,E,E,L
6550,ISSTE,V,L,L,V,V,L,E,L,E,L
6551,ISSTE,L,L,E,L,E,L,L,E,V,L
6552,ISSTE,L,V,V,L,L,E,E,V,V,E
6553,IVAN BUCERIAS,L,L,V,L,L,L,E,L,L,L
6554,IVAN BUCERIAS,L,E,L,V,E,L,V,V,E,L
6555,Ivan Monroy,L,L,V,E,L,L,V,E,V,L
6556,Ivan Monroy,L,E,V,V,L,L,V,L,V,L
6557,IVAN ORTEGA,E,V,V,E,L,L,V,L,L,V
6558,IVAN PO QRO,L,V,V,L,L,L,L,L,V,V
6559,IVAN PO QRO,L,L,L,V,L,L,L,V,V,V
6560,Iván Rodríguez ❤️⚽️,L,V,V,E,V,L,E,L,E,L
6561,Iván Rodríguez ❤️⚽️,L,E,V,L,L,L,E,L,L,L
6562,Iván Rodríguez ❤️⚽️,L,E,L,V,L,V,V,V,V,V
6563,Ivanovich,L,L,V,E,E,L,L,L,V,L
6564,Ivanovich,L,V,V,L,L,L,E,L,L,E
6565,Ivanovich,L,E,V,V,V,L,E,L,L,L
6566,IVEMILEO2,L,L,L,L,L,L,V,L,L,E
6567,IVEMILEO2,L,E,V,L,L,E,V,L,L,E
6568,IVEMILEO2,L,V,L,L,L,E,V,E,E,L
6569,IVEMILEO2,L,V,V,E,L,L,E,L,V,L
6570,IVEMILEO2,L,E,L,V,L,L,E,V,E,E
6571,IVEMILEO2,L,V,E,L,E,V,L,E,L,V
6572,IVEMILEO2,L,E,E,L,E,L,V,V,E,L
6573,IVEMILEO2,L,L,V,E,L,L,L,E,L,V
6574,Iveth Hernández,L,E,V,E,L,L,V,E,V,E
6575,ixtlahuac,L,E,E,L,V,E,V,V,V,L
6576,ixtlahuac,E,L,E,L,V,L,L,E,V,L
6577,ixtlahuac,E,E,E,V,V,L,L,L,L,E
6578,ixtlahuac,E,V,V,L,V,E,E,L,L,E
6579,ixtlahuac,L,V,V,L,L,L,V,L,V,V
6580,IXTLAN ANGEL,L,E,V,L,E,L,L,E,V,L
6581,IXTLAN ANGEL,V,V,E,L,L,E,L,L,E,L
6582,IXTLAN FEGO,L,L,V,L,L,L,L,L,E,L
6583,IXTLAN FEGO,L,E,L,L,L,E,L,L,E,L
6584,IXTLAN FEGO,L,V,E,L,L,L,E,V,L,L
6585,IXTLAN FEGO,E,L,L,E,L,V,L,E,V,V
6586,IXTLAN FEGO,L,E,V,E,L,E,V,L,V,E
6587,IXTLAN J. LUIS,L,L,V,L,L,L,V,E,L,E
6588,IXTLAN J. LUIS,E,V,E,V,L,L,L,L,L,L
6589,IXTLAN JORGE CERVANTES,L,L,E,L,V,E,V,L,V,L
6590,IXTLAN JORGE CERVANTES,L,E,V,E,L,E,L,L,E,L
6591,IXTLAN R C P.,L,L,V,L,L,V,V,L,V,L
6592,IXTLAN SOMBRA,L,L,V,L,L,L,L,L,L,L
6593,IXTLAN SOMBRA,L,E,V,E,L,L,E,L,E,E
6594,IXTLAN TORA,L,L,V,E,L,L,L,L,L,L
6595,IXTLAN TORA,L,V,V,V,L,L,L,V,L,L
6596,IXTLAN TOTO,L,E,V,E,L,E,E,L,L,L
6597,IXTLAN TOTO,E,L,E,L,E,L,V,E,E,E
6598,IzaGio,L,E,V,V,L,E,V,L,L,E
6599,IzaGio,L,V,V,E,L,L,V,L,L,L
6600,IzaGio,L,V,V,L,L,L,V,L,L,E
6601,IZAN GAEL,L,E,L,V,L,E,V,L,V,E
6602,IZAN GAEL,L,V,V,E,L,L,E,L,L,V
6603,IZAN GAEL,L,V,V,L,L,L,L,L,L,E
6604,IZAN GAEL,E,E,V,E,L,V,L,L,E,E
6605,IZAN GAEL,L,E,L,V,L,L,E,E,V,V
6606,J. ALVARADO,L,E,E,E,V,L,V,L,L,L
6607,J. ALVARADO,L,E,E,E,V,L,V,L,V,L
6608,J. ALVARADO,L,E,E,V,V,E,V,L,L,L
6609,J. ALVARADO,L,E,E,V,V,E,V,L,V,L
6610,J. ALVARADO,L,E,E,V,V,L,V,L,L,L
6611,J. ALVARADO,L,E,E,V,V,L,V,E,L,L
6612,J. ALVARADO,L,E,E,V,V,L,V,E,V,L
6613,J. ALVARADO,L,E,E,V,V,L,V,L,E,L
6614,J. ALVARADO,L,E,E,V,V,L,V,L,V,L
6615,J. ALVARADO,L,E,E,L,V,E,V,L,L,L
6616,J. ALVARADO,L,E,E,L,V,E,V,L,V,L
6617,J. ALVARADO,L,E,E,L,V,L,V,L,L,L
6618,J. ALVARADO,L,E,E,L,V,L,V,E,L,L
6619,J. ALVARADO,L,E,E,L,V,L,V,E,V,L
6620,J. ALVARADO,L,E,E,L,V,L,V,L,E,L
6621,J. ALVARADO,L,E,E,L,V,L,V,L,V,L
6622,J. ALVARADO,L,E,V,E,V,E,V,L,L,L
6623,J. ALVARADO,L,E,V,E,V,E,V,L,V,L
6624,J. ALVARADO,L,E,V,E,V,L,V,L,L,L
6625,J. ALVARADO,L,E,V,E,V,L,V,E,L,L
6626,J. ALVARADO,L,E,V,E,V,L,V,E,V,L
6627,J. ALVARADO,L,E,V,E,V,L,V,L,E,L
6628,J. ALVARADO,L,E,V,E,V,L,V,L,V,L
6629,J. ALVARADO,L,E,V,V,V,E,V,L,L,L
6630,J. ALVARADO,L,E,V,V,V,E,V,E,L,L
6631,J. ALVARADO,L,E,V,V,V,E,V,E,V,L
6632,J. ALVARADO,L,E,V,V,V,E,V,L,E,L
6633,J. ALVARADO,L,E,V,V,V,E,V,L,V,L
6634,J. ALVARADO,L,E,V,V,V,L,V,L,L,L
6635,J. ALVARADO,L,E,V,V,V,L,V,E,L,L
6636,J. ALVARADO,L,E,V,V,V,L,V,E,E,L
6637,J. ALVARADO,L,E,V,V,V,L,V,E,V,L
6638,J. ALVARADO,L,E,V,V,V,L,V,L,E,L
6639,J. ALVARADO,L,E,V,V,V,L,V,L,V,L
6640,J. ALVARADO,L,E,V,L,V,E,V,L,L,L
6641,J. ALVARADO,L,E,V,L,V,E,V,E,L,L
6642,J. ALVARADO,L,E,V,L,V,E,V,E,V,L
6643,J. ALVARADO,L,E,V,L,V,E,V,L,E,L
6644,J. ALVARADO,L,E,V,L,V,E,V,L,V,L
6645,J. ALVARADO,L,E,V,L,V,L,V,L,L,L
6646,J. ALVARADO,L,E,V,L,V,L,V,E,L,L
6647,J. ALVARADO,L,E,V,L,V,L,V,E,E,L
6648,J. ALVARADO,L,E,V,L,V,L,V,E,V,L
6649,J. ALVARADO,L,E,V,L,V,L,V,L,E,L
6650,J. ALVARADO,L,E,V,L,V,L,V,L,V,L
6651,Jack Sparrow,L,V,L,L,E,E,E,E,E,L
6652,Jagr ,L,V,V,L,L,L,V,L,L,E
6653,Jagr ,L,V,V,L,L,L,E,L,L,E
6654,Jagr ,L,V,V,L,V,L,V,L,L,E
6655,Jagr ,L,V,V,L,V,L,E,L,L,E
6656,Jagr ,L,V,V,V,L,L,V,L,L,E
6657,Jagr ,L,V,V,V,L,L,E,L,L,E
6658,Jagr ,L,V,V,V,V,L,V,L,L,E
6659,Jagr ,L,V,V,V,V,L,E,L,L,E
6660,Jagr ,L,E,V,L,L,L,V,L,L,E
6661,Jagr ,L,E,V,L,L,L,E,L,L,E
6662,Jagr ,L,E,V,L,V,L,V,L,L,E
6663,Jagr ,L,E,V,L,V,L,E,L,L,E
6664,Jagr ,L,E,V,V,L,L,V,L,L,E
6665,Jagr ,L,E,V,V,L,L,E,L,L,E
6666,Jagr ,L,E,V,V,V,L,V,L,L,E
6667,Jagr ,L,E,V,V,V,L,E,L,L,E
6668,Jaime gomez,L,V,V,L,V,L,E,E,E,L
6669,Jaime gomez,L,L,L,V,V,L,V,V,V,V
6670,Jaime gomez,L,V,V,E,E,L,L,E,V,V
6671,Jaime gomez,V,V,V,V,L,L,L,V,V,V
6672,Jaime gomez,L,L,L,L,L,L,L,L,L,L
6673,Jaime gomez,L,V,V,V,L,L,L,L,L,V
6674,Jaime y Rosario,V,L,L,L,L,V,V,L,V,L
6675,Jaime y Rosario,L,V,V,L,L,L,V,L,V,L
6676,Jair ⚽️⚽️,L,L,E,L,E,L,L,L,V,V
6677,Jair ⚽️⚽️,L,V,E,V,L,L,L,L,L,E
6678,Jair ⚽️⚽️,L,E,V,L,L,L,L,E,L,L
6679,Jair ⚽️⚽️,L,E,E,E,L,L,L,L,L,E
6680,Jair ⚽️⚽️,L,L,E,L,V,L,V,L,E,E
6681,Jair Chávez ,L,V,V,L,L,L,L,L,V,L
6682,Jair Chávez ,L,V,V,L,L,L,L,L,L,L
6683,Jair Chávez ,L,V,V,L,V,L,L,L,V,L
6684,Jair Chávez ,L,V,V,L,V,L,L,L,L,L
6685,Jairo Reyes Merlin ,L,E,V,E,L,L,E,L,L,L
6686,Jairo Reyes Merlin ,L,E,V,L,L,L,E,L,L,L
6687,Jalpa15,L,E,V,E,L,L,L,V,L,L
6688,Jalpa15,V,L,V,L,L,E,E,E,L,L
6689,Jalpa15,L,L,V,V,L,L,E,L,E,E
6690,Jalpa15,L,E,V,E,L,L,V,L,E,L
6691,JANLEO,L,E,E,L,L,V,L,V,V,V
6692,Jaquie333,L,V,V,E,L,L,L,L,V,L
6693,Jaquie333,L,L,V,L,E,L,E,L,E,L
6694,Jass80,L,L,V,L,L,E,L,E,V,L
6695,Jass80,L,V,V,L,L,L,L,L,L,L
6696,Javiao,L,E,V,E,V,L,V,L,L,L
6697,JAVIER B 1,L,V,V,L,L,L,V,L,L,L
6698,JAVIER B 2,L,L,V,L,L,V,V,L,V,V
6699,Javier ixcatan,L,V,V,E,L,L,V,L,E,V
6700,Javier ixcatan,V,E,V,L,V,E,V,L,V,V
6701,Javier ixcatan,L,E,V,L,V,E,E,E,E,L
6702,Javier ixcatan,L,V,V,E,V,L,E,L,V,E
6703,Javier ixcatan,V,L,V,V,E,L,L,E,L,E
6704,Javier Ledesma R ,L,E,V,L,L,L,E,V,E,L
6705,Javier Ledesma R ,L,E,V,L,L,E,E,V,E,L
6706,Javier Ledesma R ,L,L,V,L,L,L,E,V,E,L
6707,Javier Ledesma R ,L,L,V,L,L,E,E,V,E,L
6708,Javier Medina Rosas,L,L,V,L,L,V,V,L,L,L
6709,Javier Medina Rosas,L,E,V,V,V,L,L,L,L,L
6710,Javier Medina Rosas,L,V,V,L,E,L,V,L,L,L
6711,Javier Medina Rosas,V,V,L,L,E,L,V,E,V,L
6712,Javier Medina Rosas,E,V,V,V,L,L,V,L,L,L
6713,JAVIER MEJIA ,L,L,V,L,L,L,L,L,L,E
6714,JAVIER MEJIA ,L,L,V,L,L,L,L,L,E,E
6715,JAVIER MEJIA ,L,L,V,L,L,L,E,L,L,E
6716,JAVIER MEJIA ,L,L,V,L,L,L,E,L,E,E
6717,JAVIER MEJIA ,L,L,V,L,L,L,V,L,L,E
6718,JAVIER MEJIA ,L,L,V,L,L,L,V,L,E,E
6719,JAVIER MEJIA ,L,L,V,E,L,L,L,L,L,E
6720,JAVIER MEJIA ,L,L,V,E,L,L,L,L,E,E
6721,JAVIER MEJIA ,L,L,V,E,L,L,E,L,L,E
6722,JAVIER MEJIA ,L,L,V,E,L,L,E,L,E,E
6723,JAVIER MEJIA ,L,L,V,E,L,L,V,L,L,E
6724,JAVIER MEJIA ,L,L,V,E,L,L,V,L,E,E
6725,JAVIER MEJIA ,L,E,V,L,L,L,L,L,L,E
6726,JAVIER MEJIA ,L,E,V,L,L,L,L,L,E,E
6727,JAVIER MEJIA ,L,E,V,L,L,L,E,L,L,E
6728,JAVIER MEJIA ,L,E,V,L,L,L,E,L,E,E
6729,JAVIER MEJIA ,L,E,V,L,L,L,V,L,L,E
6730,JAVIER MEJIA ,L,E,V,L,L,L,V,L,E,E
6731,JAVIER MEJIA ,L,E,V,E,L,L,L,L,L,E
6732,JAVIER MEJIA ,L,E,V,E,L,L,L,L,E,E
6733,JAVIER MEJIA ,L,E,V,E,L,L,E,L,L,E
6734,JAVIER MEJIA ,L,E,V,E,L,L,E,L,E,E
6735,JAVIER MEJIA ,L,E,V,E,L,L,V,L,L,E
6736,JAVIER MEJIA ,L,E,V,E,L,L,V,L,E,E
6737,JAVIER MEJIA ,L,V,V,L,L,L,L,L,L,E
6738,JAVIER MEJIA ,L,V,V,L,L,L,L,L,E,E
6739,JAVIER MEJIA ,L,V,V,L,L,L,E,L,L,E
6740,JAVIER MEJIA ,L,V,V,L,L,L,E,L,E,E
6741,JAVIER MEJIA ,L,V,V,L,L,L,V,L,L,E
6742,JAVIER MEJIA ,L,V,V,L,L,L,V,L,E,E
6743,JAVIER MEJIA ,L,V,V,E,L,L,L,L,L,E
6744,JAVIER MEJIA ,L,V,V,E,L,L,L,L,E,E
6745,JAVIER MEJIA ,L,V,V,E,L,L,E,L,L,E
6746,JAVIER MEJIA ,L,V,V,E,L,L,E,L,E,E
6747,JAVIER MEJIA ,L,V,V,E,L,L,V,L,L,E
6748,JAVIER MEJIA ,L,V,V,E,L,L,V,L,E,E
6749,Javier Nazario,L,L,V,E,L,L,E,L,L,L
6750,Javier Nazario,E,V,V,E,V,E,L,L,V,E
6751,Javier ornelas,L,V,V,L,L,L,E,L,L,V
6752,Javier ornelas,E,E,V,L,V,L,E,L,V,E
6753,Javier ornelas,L,E,V,E,L,L,E,V,L,L
6754,Javier ornelas,L,V,E,V,E,L,L,E,L,E
6755,Javier ornelas,L,L,V,E,V,L,V,L,V,L
6756,Javier ornelas,L,L,V,E,L,V,E,V,L,E
6757,Javier ornelas,V,V,L,L,V,L,E,V,L,L
6758,Javier ornelas,L,E,V,E,L,L,E,V,V,E
6759,Javier ornelas ,L,E,L,E,E,L,V,L,V,E
6760,Javier ornelas ,L,E,L,E,E,L,V,L,L,E
6761,Javier ornelas ,L,E,L,E,E,L,L,L,V,E
6762,Javier ornelas ,L,E,L,E,E,L,L,L,L,E
6763,Javier ornelas ,L,E,L,E,V,L,V,L,V,E
6764,Javier ornelas ,L,E,L,E,V,L,V,L,L,E
6765,Javier ornelas ,L,E,L,E,V,L,L,L,V,E
6766,Javier ornelas ,L,E,L,E,V,L,L,L,L,E
6767,Javier Ramírez,L,L,L,L,L,L,L,L,L,L
6768,Javier Ramírez,V,V,L,L,L,V,E,L,V,V
6769,Javier Ramírez,L,L,V,V,L,E,L,V,E,L
6770,Javier Ramírez,L,V,V,V,V,V,L,L,L,L
6771,Javier Ramírez,E,V,E,L,V,E,L,L,V,E
6772,JAVIRO,L,E,V,V,L,L,L,L,E,E
6773,JAVIRO,L,L,V,L,L,L,E,L,E,L
6774,JAVIRO,L,E,L,L,E,L,L,E,L,E
6775,JAVIRO,L,L,L,L,E,V,E,L,L,L
6776,JAVIRO ,L,E,L,L,L,L,L,L,L,L
6777,JAVIRO ,L,E,L,L,L,L,L,L,V,L
6778,JAVIRO ,L,E,L,L,L,L,V,L,L,L
6779,JAVIRO ,L,E,L,L,L,L,V,L,V,L
6780,JAVIRO ,L,E,L,V,L,L,L,L,L,L
6781,JAVIRO ,L,E,L,V,L,L,L,L,V,L
6782,JAVIRO ,L,E,L,V,L,L,V,L,L,L
6783,JAVIRO ,L,E,L,V,L,L,V,L,V,L
6784,JAVIRO ,L,E,V,L,L,L,L,L,L,L
6785,JAVIRO ,L,E,V,L,L,L,L,L,V,L
6786,JAVIRO ,L,E,V,L,L,L,V,L,L,L
6787,JAVIRO ,L,E,V,L,L,L,V,L,V,L
6788,JAVIRO ,L,E,V,V,L,L,L,L,L,L
6789,JAVIRO ,L,E,V,V,L,L,L,L,V,L
6790,JAVIRO ,L,E,V,V,L,L,V,L,L,L
6791,JAVIRO ,L,E,V,V,L,L,V,L,V,L
6792,Javito11,L,V,V,V,V,L,E,L,E,E
6793,JAVOVAL,E,E,V,L,L,V,V,V,V,L
6794,JAVYER,L,V,V,L,E,E,V,E,V,L
6795,Jaycob,L,V,V,L,L,L,V,L,V,L
6796,Jaycob,L,L,V,L,L,L,V,V,V,V
6797,Jc González,L,V,V,V,L,E,E,L,V,E
6798,Jc González,L,V,E,E,E,E,E,L,V,V
6799,Jc González,L,L,V,V,L,L,V,L,E,V
6800,Jc González,E,E,V,L,L,L,V,V,L,V
6801,JC ZAMA,L,L,V,L,V,L,V,E,V,L
6802,JC ZAMA,L,L,V,L,L,L,L,V,V,L
6803,JC ZAMA,L,V,V,L,L,V,V,L,L,L
6804,JC ZAMA,L,L,E,E,E,L,L,V,E,E
6805,JC ZAMA,L,E,E,L,E,V,L,V,V,L
6806,JCARGONZV160390,L,E,V,L,L,L,E,L,L,L
6807,JCMG,L,E,V,E,L,L,L,E,E,L
6808,JCMG,L,V,V,L,L,L,E,L,E,E
6809,JCMG,L,V,V,E,E,L,V,L,L,E
6810,JCMG,E,V,V,L,L,L,V,L,L,L
6811,JCMG,L,L,V,L,L,L,V,L,E,E
6812,jCR,L,V,V,L,L,L,L,L,V,L
6813,jCR,L,V,V,L,V,L,E,V,E,L
6814,jCR,E,V,V,V,E,L,V,E,L,L
6815,jCR,E,L,V,L,L,E,L,L,E,L
6816,jCR,L,E,V,E,V,V,V,L,L,L
6817,JDV,L,V,V,E,E,L,L,L,E,L
6818,JDV,L,V,V,L,L,L,L,L,L,L
6819,JDV,E,L,V,L,L,V,V,E,L,L
6820,JDV,V,L,E,V,L,L,L,L,L,L
6821,JDV,E,E,V,E,L,V,V,E,L,L
6822,Jenny 2481,L,E,V,L,L,E,L,V,L,L
6823,JERRY SIGALA,V,V,V,L,E,L,E,E,V,V
6824,JERRY SIGALA,V,V,V,V,V,L,E,L,V,V
6825,JERRY SIGALA,L,L,V,L,E,L,E,L,L,V
6826,JERRY SIGALA,L,L,V,L,E,L,V,L,L,V
6827,JERRY SIGALA,E,E,L,V,V,L,L,L,E,V
6828,JERRY SIGALA,E,E,V,L,V,L,E,E,V,V
6829,Jesús 1967,L,V,V,E,E,L,L,L,V,L
6830,JESÚS ALBIZO CAMPOS,L,E,V,E,L,L,L,E,V,V
6831,JESÚS ALBIZO CAMPOS ,L,E,V,L,L,L,E,L,L,L
6832,JESÚS ALBIZO CAMPOS ,L,E,V,L,L,L,E,L,E,L
6833,JESÚS ALBIZO CAMPOS ,L,E,V,L,L,L,V,L,L,L
6834,JESÚS ALBIZO CAMPOS ,L,E,V,L,L,L,V,L,E,L
6835,JESÚS ALBIZO CAMPOS ,L,V,V,L,L,L,E,L,L,L
6836,JESÚS ALBIZO CAMPOS ,L,V,V,L,L,L,E,L,E,L
6837,JESÚS ALBIZO CAMPOS ,L,V,V,L,L,L,V,L,L,L
6838,JESÚS ALBIZO CAMPOS ,L,V,V,L,L,L,V,L,E,L
6839,JESÚS ALBIZO CAMPOS ,L,L,V,L,L,L,E,L,L,L
6840,JESÚS ALBIZO CAMPOS ,L,L,V,L,L,L,E,L,E,L
6841,JESÚS ALBIZO CAMPOS ,L,L,V,L,L,L,V,L,L,L
6842,JESÚS ALBIZO CAMPOS ,L,L,V,L,L,L,V,L,E,L
6843,JESUS CARREON 12,L,E,V,L,V,E,L,L,L,L
6844,JESUS CARREON 12,V,L,V,L,V,E,V,E,V,E
6845,JESUS CARREON 12,E,V,E,V,E,L,E,V,L,V
6846,JESUS CARREON 12,L,V,L,V,L,L,V,L,V,L
6847,JESUS CARREON 12,L,V,V,L,L,E,E,V,V,V
6848,Jesus David Arriaga ,L,V,V,L,L,L,L,L,L,L
6849,Jesus David Arriaga ,L,V,V,V,L,L,L,L,L,L
6850,Jesus David Arriaga ,L,L,V,L,L,L,L,L,L,L
6851,Jesus David Arriaga ,L,L,V,V,L,L,L,L,L,L
6852,Jesus Enriquez,L,V,E,V,L,L,E,V,L,L
6853,Jesus Enriquez,L,L,V,E,L,L,L,E,E,L
6854,Jesus Enriquez,E,E,L,L,E,E,L,L,L,E
6855,Jesús Israel Garcia,L,L,V,V,L,E,L,L,E,L
6856,Jesús Israel Garcia,L,V,V,V,L,L,L,E,L,L
6857,Jesús Israel Garcia,L,E,V,L,L,L,L,V,L,L
6858,Jesús Israel Garcia,L,E,V,E,E,L,E,L,V,L
6859,Jesús Israel Garcia,L,L,V,V,L,L,L,V,L,L
6860,Jesús lugo Gutierrez,L,E,V,L,L,L,E,L,L,L
6861,Jesús lugo Gutiérrez,L,L,L,L,L,L,L,L,L,L
6862,Jesús lugo Gutiérrez,L,L,V,V,E,L,V,L,L,E
6863,Jesús lugo Gutiérrez,L,L,V,E,V,L,L,L,V,L
6864,Jesús lugo Gutiérrez,L,L,V,L,L,L,V,L,L,L
6865,Jesus moreno,L,E,V,L,L,V,E,L,E,L
6866,Jesus moreno,L,V,V,E,E,V,V,L,E,E
6867,Jesus moreno,E,V,V,V,L,L,V,L,V,V
6868,Jesus moreno,L,V,V,V,L,L,V,L,V,L
6869,Jesus moreno,V,E,L,E,V,L,E,L,V,L
6870,Jesus Peralta,L,E,V,E,L,L,E,L,V,L
6871,Jesus Peralta,E,L,V,L,L,L,V,E,E,L
6872,Jesus Peralta,L,V,V,V,L,L,L,L,L,V
6873,Jesus rdz 5,L,E,V,L,E,L,L,L,L,L
6874,Jesus rdz 5,L,L,V,E,L,E,L,E,L,L
6875,Jesus Rosales,L,V,V,L,E,V,V,L,L,V
6876,Jesus Rosales,E,E,V,L,V,E,L,L,E,V
6877,Jesús Rubio,L,L,V,V,L,L,L,L,L,L
6878,Jesús Rubio,L,V,V,L,L,L,V,L,V,L
6879,Jesús Rubio,L,L,V,V,L,V,L,L,L,L
6880,Jesús Rubio,L,E,V,E,V,L,L,L,V,L
6881,Jesús Rubio,L,L,V,V,E,E,V,L,V,L
6882,jets Sánchez,L,E,V,E,L,L,L,L,E,L
6883,jets Sánchez,L,L,V,E,E,L,L,L,V,L
6884,jets Sánchez,L,V,V,E,L,L,L,L,V,L
6885,JHON DE LA RO 1308,V,E,V,V,L,L,V,V,E,L
6886,JHON DE LA RO 1308,L,L,V,L,L,L,L,L,E,V
6887,Jhonatan eg19,L,V,L,E,V,L,E,L,V,L
6888,Jhonatan eg19,L,E,V,L,V,L,V,L,E,L
6889,Jhonatan eg19,L,L,E,L,V,L,V,L,L,L
6890,Jhonatan eg19,L,V,V,L,L,L,E,L,V,V
6891,Jhovanny Reyes,L,V,V,V,L,L,V,L,V,L
6892,Jhovanny Reyes,L,V,V,V,L,L,E,L,E,L
6893,Jhovanny Reyes ,L,V,V,V,L,L,V,L,V,L
6894,Jhovanny Reyes ,L,V,V,V,L,L,V,L,E,L
6895,Jhovanny Reyes ,L,V,V,L,L,L,V,L,V,L
6896,Jhovanny Reyes ,L,V,V,L,L,L,V,L,E,L
6897,Jhovanny Reyes ,L,V,E,V,L,L,V,L,V,L
6898,Jhovanny Reyes ,L,V,E,V,L,L,V,L,E,L
6899,Jhovanny Reyes ,L,V,E,L,L,L,V,L,V,L
6900,Jhovanny Reyes ,L,V,E,L,L,L,V,L,E,L
6901,Jimena Gómez Gs,E,L,L,V,E,L,L,E,V,V
6902,Jimena Gómez Gs,L,E,E,E,L,L,E,L,E,E
6903,Jimena Gómez Gs ,L,L,V,L,L,L,V,L,L,E
6904,Jimena Gómez Gs ,L,E,V,L,L,L,V,L,L,E
6905,Jimena Gómez Gs ,L,V,V,L,L,L,V,L,L,E
6906,Jimena Gómez Gs ,L,E,E,V,E,L,E,V,V,V
6907,Jimena Gómez Gs ,L,L,E,V,E,L,E,V,V,V
6908,Jimena Gómez Gs ,L,V,E,V,E,L,E,V,V,V
6909,Jimena Gómez Gs ,L,E,V,L,L,L,V,V,L,L
6910,Jimena Gómez Gs ,L,E,V,E,L,L,V,V,L,L
6911,Jimena Gómez Gs ,L,E,V,V,L,L,V,V,L,L
6912,Jio🐻,L,E,V,L,L,L,L,L,E,V
6913,Jio🐻,L,V,V,V,L,L,L,L,L,L
6914,Jio🐻,L,L,V,L,L,L,E,L,L,L
6915,Jio🐻,L,E,V,E,L,L,E,L,E,L
6916,Jio🐻,L,L,V,E,L,L,E,L,E,L
6917,Jio🐻,L,L,V,E,L,L,L,L,L,V
6918,Jio🐻,L,L,V,L,L,L,L,L,L,V
6919,Jio🐻,L,L,V,L,L,L,L,L,E,L
6920,Jio🐻,L,L,V,L,L,L,L,E,L,L
6921,Jio🐻,L,V,V,V,L,L,V,L,L,V
6922,Jio🐻,L,V,V,V,L,L,V,L,E,L
6923,Jio🐻,L,V,V,L,L,L,E,L,E,V
6924,Jio🐻,L,L,V,V,L,L,L,L,L,L
6925,Jio🐻,L,E,V,E,V,E,V,L,E,L
6926,Jio🐻,L,V,V,E,L,L,L,L,E,L
6927,Jio🐻,L,V,V,L,L,L,L,L,V,L
6928,jjj cruz ,L,V,V,V,L,L,V,L,V,L
6929,jjj cruz ,L,V,V,V,L,L,L,L,V,L
6930,jjj cruz ,L,V,V,V,L,L,E,L,V,L
6931,jjj cruz ,L,V,V,E,L,L,V,L,V,L
6932,jjj cruz ,L,V,V,E,L,L,L,L,V,L
6933,jjj cruz ,L,V,V,E,L,L,E,L,V,L
6934,jjj cruz ,L,V,V,L,L,L,V,L,V,L
6935,jjj cruz ,L,V,V,L,L,L,L,L,V,L
6936,jjj cruz ,L,V,V,L,L,L,E,L,V,L
6937,jjj cruz ,L,E,V,V,L,L,V,L,V,L
6938,jjj cruz ,L,E,V,V,L,L,L,L,V,L
6939,jjj cruz ,L,E,V,V,L,L,E,L,V,L
6940,jjj cruz ,L,E,V,E,L,L,V,L,V,L
6941,jjj cruz ,L,E,V,E,L,L,L,L,V,L
6942,jjj cruz ,L,E,V,E,L,L,E,L,V,L
6943,jjj cruz ,L,E,V,L,L,L,V,L,V,L
6944,jjj cruz ,L,E,V,L,L,L,L,L,V,L
6945,jjj cruz ,L,E,V,L,L,L,E,L,V,L
6946,jjj cruz ,L,L,V,V,L,L,V,L,V,L
6947,jjj cruz ,L,L,V,V,L,L,L,L,V,L
6948,jjj cruz ,L,L,V,V,L,L,E,L,V,L
6949,jjj cruz ,L,L,V,E,L,L,V,L,V,L
6950,jjj cruz ,L,L,V,E,L,L,L,L,V,L
6951,jjj cruz ,L,L,V,E,L,L,E,L,V,L
6952,jjj cruz ,L,L,V,L,L,L,V,L,V,L
6953,jjj cruz ,L,L,V,L,L,L,L,L,V,L
6954,jjj cruz ,L,L,V,L,L,L,E,L,V,L
6955,JL Lizaola,L,V,V,E,L,E,V,L,E,L
6956,Jluistorres70,E,L,E,E,L,E,V,L,L,L
6957,Jluistorres70,L,V,V,E,L,L,E,E,V,L
6958,Jluistorres70,E,E,L,L,V,L,E,V,L,E
6959,Jluistorres70,L,E,L,V,V,E,E,V,L,V
6960,Jluistorres70,V,E,V,E,L,V,V,L,E,L
6961,JMK,L,L,E,L,L,L,E,L,E,L
6962,JMK,E,V,V,L,L,E,L,V,V,V
6963,JMLO,L,V,V,L,L,E,L,V,V,L
6964,JOAQUIN CORONA,L,L,V,V,L,L,E,E,E,E
6965,Job Martinez,V,V,V,L,E,L,V,E,E,V
6966,Job Martinez,E,V,V,V,E,V,E,L,L,V
6967,Job Martinez,L,V,V,E,L,E,E,V,V,E
6968,Job Martinez,L,L,E,L,V,L,L,E,L,V
6969,Joel Martín ,L,L,V,V,L,L,V,L,L,V
6970,Joel Martín ,L,L,V,V,L,L,V,V,L,V
6971,Joel Martín ,L,L,V,L,L,L,V,L,L,V
6972,Joel Martín ,L,L,V,L,L,L,V,V,L,V
6973,Joel Martín ,L,V,V,V,L,L,V,L,L,V
6974,Joel Martín ,L,V,V,V,L,L,V,V,L,V
6975,Joel Martín ,L,V,V,L,L,L,V,L,L,V
6976,Joel Martín ,L,V,V,L,L,L,V,V,L,V
6977,JOJUPESI-2026,L,E,V,V,E,L,E,V,E,L
6978,JOJUPESI-2026,L,L,V,E,L,L,E,V,E,L
6979,Jonathan Castro,L,V,E,V,E,L,E,L,L,L
6980,Jonathan Castro,L,V,E,V,E,L,E,L,V,L
6981,Jonathan Castro,L,V,E,L,E,L,E,L,L,L
6982,Jonathan Castro,L,V,E,L,E,L,E,L,V,L
6983,Jonathan Castro,L,V,V,E,E,L,E,L,L,L
6984,Jonathan Castro,L,V,V,E,E,L,E,L,V,L
6985,Jonathan Castro,L,V,V,V,E,E,E,L,L,L
6986,Jonathan Castro,L,V,V,V,E,E,E,L,V,L
6987,Jonathan Castro,L,V,V,V,E,L,E,L,L,L
6988,Jonathan Castro,L,V,V,V,E,L,E,E,L,L
6989,Jonathan Castro,L,V,V,V,E,L,E,E,V,L
6990,Jonathan Castro,L,V,V,V,E,L,E,L,E,L
6991,Jonathan Castro,L,V,V,V,E,L,E,L,V,L
6992,Jonathan Castro,L,V,V,L,E,E,E,L,L,L
6993,Jonathan Castro,L,V,V,L,E,E,E,L,V,L
6994,Jonathan Castro,L,V,V,L,E,L,E,L,L,L
6995,Jonathan Castro,L,V,V,L,E,L,E,E,L,L
6996,Jonathan Castro,L,V,V,L,E,L,E,E,V,L
6997,Jonathan Castro,L,V,V,L,E,L,E,L,E,L
6998,Jonathan Castro,L,V,V,L,E,L,E,L,V,L
6999,Jonathan Castro,L,V,L,E,E,L,E,L,L,L
7000,Jonathan Castro,L,V,L,E,E,L,E,L,V,L
7001,Jonathan Castro,L,V,L,V,E,L,E,L,L,L
7002,Jonathan Castro,L,V,L,V,E,L,E,E,L,L
7003,Jonathan Castro,L,V,L,V,E,L,E,E,V,L
7004,Jonathan Castro,L,V,L,V,E,L,E,L,E,L
7005,Jonathan Castro,L,V,L,V,E,L,E,L,V,L
7006,Jonathan Castro,L,V,L,L,E,L,E,L,L,L
7007,Jonathan Castro,L,V,L,L,E,L,E,E,L,L
7008,Jonathan Castro,L,V,L,L,E,L,E,E,V,L
7009,Jonathan Castro,L,V,L,L,E,L,E,L,E,L
7010,Jonathan Castro,L,V,L,L,E,L,E,L,V,L
7011,JONATHAN LUNA,L,E,V,L,L,E,V,L,L,L
7012,JONATHAN LUNA,E,V,L,L,E,V,E,L,V,V
7013,JONATHAN LUNA,L,L,V,L,L,L,E,L,E,L
7014,JONATHAN LUNA,L,V,V,L,L,L,E,L,V,V
7015,JONATHAN LUNA,L,V,V,L,V,E,V,E,L,V
7016,JONATHAN LUNA,L,V,V,L,V,V,V,V,L,V
7017,JONATHAN LUNA,L,V,V,L,E,L,V,L,L,L
7018,JONATHAN LUNA,L,V,V,V,L,L,V,L,L,L
7019,JONATHAN LUNA,L,E,V,L,L,L,E,L,L,L
7020,Jonathan Marquez,V,L,V,L,L,L,L,L,L,V
7021,Jonathan Marquez,L,V,L,V,V,V,V,V,V,V
7022,Jonathan Marquez,L,V,V,V,L,V,L,V,V,L
7023,Jonathan Marquez,V,L,V,L,L,V,V,L,V,L
7024,Jonathan Marquez,V,V,V,V,L,V,V,L,V,L
7025,Jonathan Marquez,V,L,V,V,L,E,E,L,E,E
7026,Jonathan Marquez,E,E,V,E,E,V,V,L,L,L
7027,Jonhatan Sánchez ,L,E,V,L,L,L,L,L,L,L
7028,Jonhatan Sánchez ,L,E,V,L,L,E,L,L,L,L
7029,Jonhatan Sánchez ,L,V,V,L,L,L,L,L,L,L
7030,Jonhatan Sánchez ,L,V,V,L,L,E,L,L,L,L
7031,Jorge bello,L,V,V,L,E,L,L,L,E,L
7032,Jorge bello,L,L,V,L,V,L,E,L,E,E
7033,Jorge ciego,L,E,V,L,L,L,L,L,L,L
7034,Jorge ciego,L,E,V,L,V,L,L,L,L,L
7035,Jorge ciego,L,E,V,E,L,L,L,L,L,L
7036,Jorge ciego,L,E,V,E,V,L,L,L,L,L
7037,Jorge ciego,L,E,V,L,L,L,E,L,L,L
7038,Jorge ciego,L,E,V,L,V,L,E,L,L,L
7039,Jorge F R,V,V,L,E,E,V,V,E,E,L
7040,Jorge F R,L,E,L,L,L,V,E,E,E,E
7041,Jorge F R,V,L,E,V,V,V,L,E,V,E
7042,Jorge gonzalez,E,E,E,E,L,L,V,L,L,V
7043,Jorge gonzalez,L,E,V,L,L,L,E,L,L,E
7044,Jorge gonzalez,L,V,V,L,L,L,E,L,L,L
7045,Jorge gonzalez ,L,L,V,L,L,L,L,L,L,L
7046,Jorge gonzalez ,L,L,V,L,L,L,V,L,L,L
7047,Jorge gonzalez ,L,L,V,E,L,L,L,L,L,L
7048,Jorge gonzalez ,L,L,V,E,L,L,V,L,L,L
7049,Jorge gonzalez ,L,E,V,L,L,L,L,L,L,L
7050,Jorge gonzalez ,L,E,V,L,L,L,V,L,L,L
7051,Jorge gonzalez ,L,E,V,E,L,L,L,L,L,L
7052,Jorge gonzalez ,L,E,V,E,L,L,V,L,L,L
7053,Jorge gonzalez ,L,V,V,L,L,L,L,L,L,L
7054,Jorge gonzalez ,L,V,V,L,L,L,V,L,L,L
7055,Jorge gonzalez ,L,V,V,E,L,L,L,L,L,L
7056,Jorge gonzalez ,L,V,V,E,L,L,V,L,L,L
7057,Jorge jaramillo1,L,L,V,L,L,L,V,L,L,L
7058,Jorge jaramillo2,L,V,V,V,L,L,V,L,V,L
7059,Jorge jaramillo3,E,V,V,L,L,V,V,L,E,L
7060,JORGE LBL🐴 ,L,L,V,V,L,L,E,L,L,L
7061,JORGE LBL🐴 ,L,L,V,V,L,L,E,L,E,L
7062,JORGE LBL🐴 ,L,L,V,V,L,L,L,L,L,L
7063,JORGE LBL🐴 ,L,L,V,V,L,L,L,L,E,L
7064,JORGE LBL🐴 ,L,L,V,V,L,L,V,L,L,L
7065,JORGE LBL🐴 ,L,L,V,V,L,L,V,L,E,L
7066,JORGE LBL🐴 ,L,L,V,L,L,L,E,L,L,L
7067,JORGE LBL🐴 ,L,L,V,L,L,L,E,L,E,L
7068,JORGE LBL🐴 ,L,L,V,L,L,L,L,L,L,L
7069,JORGE LBL🐴 ,L,L,V,L,L,L,L,L,E,L
7070,JORGE LBL🐴 ,L,L,V,L,L,L,V,L,L,L
7071,JORGE LBL🐴 ,L,L,V,L,L,L,V,L,E,L
7072,JORGE LBL🐴 ,L,L,V,E,L,L,E,L,L,L
7073,JORGE LBL🐴 ,L,L,V,E,L,L,E,L,E,L
7074,JORGE LBL🐴 ,L,L,V,E,L,L,L,L,L,L
7075,JORGE LBL🐴 ,L,L,V,E,L,L,L,L,E,L
7076,JORGE LBL🐴 ,L,L,V,E,L,L,V,L,L,L
7077,JORGE LBL🐴 ,L,L,V,E,L,L,V,L,E,L
7078,JORGE LBL🐴 ,L,V,V,V,L,L,E,L,L,L
7079,JORGE LBL🐴 ,L,V,V,V,L,L,E,L,E,L
7080,JORGE LBL🐴 ,L,V,V,V,L,L,L,L,L,L
7081,JORGE LBL🐴 ,L,V,V,V,L,L,L,L,E,L
7082,JORGE LBL🐴 ,L,V,V,V,L,L,V,L,L,L
7083,JORGE LBL🐴 ,L,V,V,V,L,L,V,L,E,L
7084,JORGE LBL🐴 ,L,V,V,L,L,L,E,L,L,L
7085,JORGE LBL🐴 ,L,V,V,L,L,L,E,L,E,L
7086,JORGE LBL🐴 ,L,V,V,L,L,L,L,L,L,L
7087,JORGE LBL🐴 ,L,V,V,L,L,L,L,L,E,L
7088,JORGE LBL🐴 ,L,V,V,L,L,L,V,L,L,L
7089,JORGE LBL🐴 ,L,V,V,L,L,L,V,L,E,L
7090,JORGE LBL🐴 ,L,V,V,E,L,L,E,L,L,L
7091,JORGE LBL🐴 ,L,V,V,E,L,L,E,L,E,L
7092,JORGE LBL🐴 ,L,V,V,E,L,L,L,L,L,L
7093,JORGE LBL🐴 ,L,V,V,E,L,L,L,L,E,L
7094,JORGE LBL🐴 ,L,V,V,E,L,L,V,L,L,L
7095,JORGE LBL🐴 ,L,V,V,E,L,L,V,L,E,L
7096,JORGE LBL🐴 ,L,E,V,V,L,L,E,L,L,L
7097,JORGE LBL🐴 ,L,E,V,V,L,L,E,L,E,L
7098,JORGE LBL🐴 ,L,E,V,V,L,L,L,L,L,L
7099,JORGE LBL🐴 ,L,E,V,V,L,L,L,L,E,L
7100,JORGE LBL🐴 ,L,E,V,V,L,L,V,L,L,L
7101,JORGE LBL🐴 ,L,E,V,V,L,L,V,L,E,L
7102,JORGE LBL🐴 ,L,E,V,L,L,L,E,L,L,L
7103,JORGE LBL🐴 ,L,E,V,L,L,L,E,L,E,L
7104,JORGE LBL🐴 ,L,E,V,L,L,L,L,L,L,L
7105,JORGE LBL🐴 ,L,E,V,L,L,L,L,L,E,L
7106,JORGE LBL🐴 ,L,E,V,L,L,L,V,L,L,L
7107,JORGE LBL🐴 ,L,E,V,L,L,L,V,L,E,L
7108,JORGE LBL🐴 ,L,E,V,E,L,L,E,L,L,L
7109,JORGE LBL🐴 ,L,E,V,E,L,L,E,L,E,L
7110,JORGE LBL🐴 ,L,E,V,E,L,L,L,L,L,L
7111,JORGE LBL🐴 ,L,E,V,E,L,L,L,L,E,L
7112,JORGE LBL🐴 ,L,E,V,E,L,L,V,L,L,L
7113,JORGE LBL🐴 ,L,E,V,E,L,L,V,L,E,L
7114,Jorge Patiño Reos,L,E,V,E,L,L,E,V,V,L
7115,Jorge Patiño Reos,E,V,V,V,L,E,V,E,V,E
7116,Jorge perez,L,V,V,L,L,L,L,L,V,V
7117,Jorge perez,L,L,V,V,L,V,E,L,V,V
7118,Jorge perez,L,V,V,L,E,L,V,L,V,V
7119,Jorge perez,L,V,V,L,L,L,L,V,E,L
7120,Jorge perez,L,L,V,E,V,L,E,L,L,E
7121,Jorgeluisriveraflore,L,V,V,V,L,L,V,L,L,L
7122,Jorgeluisriveraflore,L,L,V,E,L,E,V,L,L,L
7123,Jorgeluisriveraflore,L,E,V,V,V,L,L,E,V,V
7124,Jorgerv,L,L,V,L,L,L,L,L,V,L
7125,Jorgerv,E,V,V,V,E,E,E,V,V,E
7126,Jose Alejandro,L,V,L,L,L,L,L,L,V,L
7127,Jose Alejandro,L,E,V,E,E,L,E,L,E,V
7128,Jose angel JR,L,L,V,E,L,L,E,L,L,L
7129,Jose angel JR,L,E,V,L,L,L,V,V,E,L
7130,Jose angel JR,L,E,V,V,E,L,L,L,L,L
7131,Jose angel JR,L,V,V,V,L,L,L,L,L,L
7132,Jose angel JR,L,L,V,V,L,L,V,L,L,L
7133,Jose angel JR,L,L,V,V,V,L,L,V,V,L
7134,Jose Antonio Ayala,L,L,L,L,L,L,E,L,V,L
7135,Jose Antonio Ayala,L,L,L,L,V,E,L,E,L,L
7136,Jose Antonio Ayala,L,L,E,L,L,E,L,L,V,L
7137,Jose Antonio Ayala,L,L,E,L,V,L,E,E,L,L
7138,Jose Antonio Ayala,L,L,V,L,L,E,L,E,L,L
7139,Jose Antonio Ayala,L,L,V,L,V,L,E,L,V,L
7140,Jose armando hernand,L,V,V,V,L,L,V,L,V,V
7141,Jose armando hernand,L,L,V,L,L,L,L,L,E,E
7142,Jose armando hernand,L,E,V,V,V,L,E,L,E,V
7143,Jose armando hernand,L,V,V,E,L,V,V,L,V,L
7144,Jose armando hernand,L,V,V,E,V,L,E,V,V,V
7145,Jose Cancino,L,V,V,E,L,L,E,E,V,L
7146,Jose Cancino,L,E,V,L,E,L,V,L,E,E
7147,José Cruz Gf,L,V,V,L,V,L,L,L,V,V
7148,José de Jesús ,L,V,V,L,L,L,L,L,V,L
7149,José de Jesús ,L,V,V,L,L,L,L,L,L,L
7150,José de Jesús ,L,E,V,L,L,L,L,L,V,L
7151,José de Jesús ,L,E,V,L,L,L,L,L,L,L
7152,José frank😎😎,L,E,L,L,L,L,E,L,V,L
7153,JOSE INES,L,E,V,E,E,L,L,L,E,L
7154,JOSE INES,L,V,V,L,V,L,E,L,L,E
7155,JOSE INES,L,L,V,E,L,L,E,L,E,L
7156,JOSE INES,E,E,V,L,E,L,L,E,V,V
7157,JOSE INES,L,V,V,L,V,L,L,L,L,L
7158,JOSE INES,L,E,V,E,L,E,L,E,L,L
7159,JOSE INES,E,L,E,V,E,L,V,L,E,V
7160,JOSE INES ,L,L,V,V,L,L,L,L,V,L
7161,JOSE INES ,L,L,V,E,L,L,L,L,V,L
7162,JOSE INES ,L,V,V,V,L,L,L,L,V,L
7163,JOSE INES ,L,V,V,E,L,L,L,L,V,L
7164,Jose Javier juarez,L,E,V,L,L,E,E,L,E,L
7165,Jose Javier juarez,L,L,V,E,L,L,L,E,L,E
7166,Jose Javier juarez,L,V,V,L,L,L,E,E,V,L
7167,Jose Luis Gonzalez J,L,V,V,L,L,V,E,L,E,L
7168,Jose Luis Gonzalez J,L,E,V,E,L,V,V,L,L,L
7169,José Mz 22,L,L,V,L,L,L,V,L,L,L
7170,José Mz 22,L,E,V,E,L,L,E,L,L,L
7171,José Mz 22,L,V,V,L,L,L,E,E,L,L
7172,José Mz 22,L,V,V,V,L,L,L,E,E,L
7173,José Orozco ,L,V,V,L,E,L,L,L,E,L
7174,José Orozco ,L,V,V,L,E,L,L,L,L,L
7175,José Orozco ,L,V,V,L,E,L,V,L,E,L
7176,José Orozco ,L,V,V,L,E,L,V,L,L,L
7177,José Orozco ,L,V,V,L,V,L,L,L,E,L
7178,José Orozco ,L,V,V,L,V,L,L,L,L,L
7179,José Orozco ,L,V,V,L,V,L,V,L,E,L
7180,José Orozco ,L,V,V,L,V,L,V,L,L,L
7181,José Orozco ,L,V,V,E,E,L,L,L,E,L
7182,José Orozco ,L,V,V,E,E,L,L,L,L,L
7183,José Orozco ,L,V,V,E,E,L,V,L,E,L
7184,José Orozco ,L,V,V,E,E,L,V,L,L,L
7185,José Orozco ,L,V,V,E,V,L,L,L,E,L
7186,José Orozco ,L,V,V,E,V,L,L,L,L,L
7187,José Orozco ,L,V,V,E,V,L,V,L,E,L
7188,José Orozco ,L,V,V,E,V,L,V,L,L,L
7189,JOSE QUINTERO,L,E,V,L,L,L,E,L,L,L
7190,JOSE QUINTERO,L,V,V,L,L,E,E,L,L,E
7191,JOSE QUINTERO,L,L,V,L,V,L,E,L,L,L
7192,JOSE QUINTERO,E,L,V,E,E,L,V,L,L,E
7193,JOSE QUINTERO,E,E,E,V,L,L,E,E,L,E
7194,Jose Rangel Aguilar,L,E,V,E,L,E,E,L,V,L
7195,Jose Rangel Aguilar,L,V,V,L,L,L,L,L,V,E
7196,Jose Rangel Aguilar,L,L,V,V,L,E,V,L,V,V
7197,Jose Rangel Aguilar,L,E,V,V,E,L,E,E,E,L
7198,Jose Rangel Aguilar,E,L,E,L,L,E,L,L,L,E
7199,Jose Santos jimenez,E,E,E,L,E,L,L,E,L,L
7200,Jose Santos jimenez,L,L,V,E,L,E,E,L,E,L
7201,Jose Tovar 1,L,E,V,V,E,L,V,L,V,E
7202,JOSEFA JESUS 56,L,V,V,V,V,E,E,L,E,V
7203,Josehernandez,L,V,V,L,L,E,V,L,E,L
7204,Josehernandez,L,L,V,E,E,V,V,L,L,V
7205,Josehernandez,L,V,E,E,L,L,L,E,V,E
7206,Josehernandez,L,V,V,V,L,E,L,E,V,V
7207,Josevillota,L,E,V,L,E,L,V,L,V,L
7208,Josevillota,L,E,V,E,L,L,E,L,L,L
7209,Josevillota,L,L,V,E,L,L,V,L,E,L
7210,Josevillota,L,E,V,L,L,L,E,E,L,L
7211,Josevillota,L,V,V,L,L,L,E,L,L,L
7212,Josevillota,L,L,V,V,L,L,E,L,L,L
7213,Josevillota,L,E,V,L,V,L,E,L,L,L
7214,Josevillota,L,E,L,E,L,L,V,L,L,L
7215,Josevillota ,L,L,V,L,E,L,V,V,E,L
7216,Josevillota ,L,V,V,L,E,L,V,V,E,L
7217,JOSUE HDZ,L,L,V,V,L,L,L,L,V,L
7218,JOSUE HDZ,L,V,V,V,E,L,V,L,L,L
7219,Josue luevano,L,V,V,E,L,L,L,E,L,L
7220,Josue luevano,E,L,V,V,L,V,V,L,E,L
7221,Jovita,L,V,V,V,V,L,V,L,L,L
7222,Jovita,L,L,L,L,V,L,L,E,V,L
7223,Jovita,L,L,E,V,L,V,L,V,E,L
7224,Jprij,L,E,V,L,L,E,L,E,V,L
7225,Jprij,L,E,V,L,E,L,E,L,V,L
7226,Jprij,L,V,V,E,L,E,L,L,E,L
7227,Jprij,L,L,V,L,L,E,V,E,V,E
7228,Jprij,E,L,V,L,L,E,V,L,E,L
7229,Jprij,E,V,V,E,L,L,E,L,L,E
7230,Jprij,L,V,V,L,L,E,E,L,E,L
7231,Jprij,L,V,E,L,V,E,E,L,V,E
7232,Jprij,E,E,V,L,L,L,V,L,E,E
7233,Jprij,L,E,V,L,L,L,E,L,V,L
7234,JR 1920,L,V,V,L,L,E,L,L,L,E
7235,JR 1920,V,V,V,L,L,L,V,L,L,V
7236,Jr antonio,L,V,V,V,L,L,L,L,V,L
7237,Jr antonio ,L,L,V,L,L,L,L,L,V,L
7238,Jr antonio ,L,L,V,E,L,L,L,L,V,L
7239,Jr antonio ,L,E,V,L,L,L,L,L,V,L
7240,Jr antonio ,L,E,V,E,L,L,L,L,V,L
7241,JRM,L,V,V,L,L,L,V,L,L,L
7242,JRM,E,V,V,E,E,L,E,L,L,E
7243,JRM,E,V,L,E,V,E,L,L,E,L
7244,JRM,L,V,V,V,L,L,E,L,L,V
7245,Juan,L,V,V,E,L,L,E,L,L,L
7246,Juan,L,L,E,E,L,V,V,L,E,E
7247,Juan,L,E,E,V,L,V,V,E,L,V
7248,Juan Angel 27,L,E,V,E,L,L,L,E,L,L
7249,Juan Angel 27,E,V,E,V,L,E,V,L,E,L
7250,Juan Antonio valle v,L,V,V,L,L,E,L,L,L,L
7251,Juan Antonio valle v,L,L,E,V,V,L,V,V,E,L
7252,Juan Arenas ,L,V,V,E,E,L,V,L,E,L
7253,Juan Arenas ,L,V,V,E,E,L,V,L,L,L
7254,Juan Arenas ,L,V,V,E,V,L,V,L,E,L
7255,Juan Arenas ,L,V,V,E,V,L,V,L,L,L
7256,Juan Arenas ,L,V,V,L,E,L,V,L,E,L
7257,Juan Arenas ,L,V,V,L,E,L,V,L,L,L
7258,Juan Arenas ,L,V,V,L,V,L,V,L,E,L
7259,Juan Arenas ,L,V,V,L,V,L,V,L,L,L
7260,Juan Arenas ,L,E,V,E,E,L,V,L,E,L
7261,Juan Arenas ,L,E,V,E,E,L,V,L,L,L
7262,Juan Arenas ,L,E,V,E,V,L,V,L,E,L
7263,Juan Arenas ,L,E,V,E,V,L,V,L,L,L
7264,Juan Arenas ,L,E,V,L,E,L,V,L,E,L
7265,Juan Arenas ,L,E,V,L,E,L,V,L,L,L
7266,Juan Arenas ,L,E,V,L,V,L,V,L,E,L
7267,Juan Arenas ,L,E,V,L,V,L,V,L,L,L
7268,Juan camaney,L,L,V,L,V,L,L,L,V,L
7269,Juan camaney,L,E,V,E,L,L,L,L,E,L
7270,Juan camaney,L,V,V,L,L,L,L,L,L,L
7271,Juan camaney,L,V,V,V,V,V,E,E,V,E
7272,Juan camaney,L,E,V,L,E,L,L,E,V,V
7273,Juan camaney,E,L,E,V,L,L,E,L,E,L
7274,Juan camaney,V,L,L,V,L,L,E,E,V,L
7275,juan Carlos duarte,E,E,V,E,V,L,L,L,V,L
7276,juan Carlos duarte,L,L,V,L,L,V,L,E,V,E
7277,juan Carlos duarte,L,L,V,E,E,L,V,V,L,V
7278,juan Carlos duarte,E,E,L,E,L,L,L,L,L,E
7279,juan Carlos duarte,L,V,E,L,V,E,L,V,E,L
7280,Juan G.G💯,L,L,E,L,L,L,L,L,V,L
7281,Juan G.G💯,L,E,V,V,L,L,E,E,V,E
7282,Juan González,L,L,L,V,V,L,V,L,L,L
7283,Juan González,L,L,V,L,V,L,V,L,L,V
7284,Juan González,V,V,L,L,V,L,L,V,V,L
7285,Juan González,V,V,V,L,V,L,V,E,L,V
7286,Juan González,E,E,L,V,L,L,V,L,L,L
7287,Juan González,L,L,L,V,L,V,E,L,L,V
7288,JUAN JESUS,L,L,V,L,L,L,E,L,V,L
7289,JUAN JESUS,L,L,V,V,L,L,L,L,L,L
7290,Juan lozano ,L,L,V,L,L,L,L,L,L,L
7291,Juan lozano ,L,L,V,L,L,L,V,L,L,L
7292,Juan lozano ,L,V,V,L,L,L,L,L,L,L
7293,Juan lozano ,L,V,V,L,L,L,V,L,L,L
7294,Juan mendoza1,L,V,V,L,L,E,L,L,L,V
7295,Juan mendoza1,V,L,E,V,L,E,L,V,L,L
7296,Juan p,L,E,V,L,E,L,V,L,V,E
7297,Juan p,L,V,V,L,E,L,V,L,V,L
7298,Juan pablo garcia,L,V,V,E,L,L,L,L,V,L
7299,Juan pablo garcia,L,E,E,L,V,E,L,V,L,L
7300,Juan pablo garcia,L,L,L,V,E,V,V,E,V,E
7301,Juan pablo garcia,V,L,V,E,L,V,L,L,V,L
7302,Juan pablo garcia,V,V,E,L,V,V,L,E,E,V
7303,Juan pablo garcia,V,E,L,V,L,E,V,V,L,E
7304,Juan pablo garcia,E,V,V,L,V,V,L,L,V,L
7305,Juan pablo garcia,E,L,E,V,L,L,L,V,L,V
7306,Juan pablo garcia,E,E,L,L,L,V,L,L,V,L
7307,Juan pablo garcia,L,V,L,L,L,V,L,L,V,L
7308,Juan pedos,L,E,V,V,L,E,V,V,V,L
7309,Juan pedos,E,E,V,L,L,L,E,V,E,L
7310,Juan pedos,L,V,V,E,L,E,E,V,L,V
7311,Juan pedos,L,L,V,L,L,V,E,L,V,L
7312,Juan pedos,L,V,V,V,L,L,E,L,E,V
7313,Juan pelotas 1,L,V,V,L,L,L,V,L,V,L
7314,Juan pelotas 2,E,L,L,V,E,V,L,V,E,E
7315,Juan pelotas 3,E,L,L,E,E,V,V,E,L,L
7316,Juan pelotas 4,E,E,V,V,L,V,V,L,E,L
7317,Juan pelotas 5,V,E,L,E,E,E,L,E,V,V
7318,Juan Zúñiga ❤️⚽️,L,L,V,L,L,V,E,L,V,L
7319,Juana rivera flores,L,L,V,L,L,L,L,L,E,L
7320,Juana rivera flores,L,V,V,L,L,L,L,L,E,L
7321,Juana rivera flores,L,L,V,L,L,L,L,L,V,L
7322,Juana rivera flores,L,L,V,L,L,L,L,L,V,L
7323,Juana rivera flores,L,E,V,L,L,L,L,L,L,L
7324,Juanajonasnalany,V,E,L,E,L,L,V,E,E,V
7325,Juanajonasnalany,L,E,L,E,V,L,V,L,L,E
7326,Juanajonasnalany,E,L,E,L,L,V,V,V,E,E
7327,Juanajonasnalany,E,L,V,L,E,E,L,E,E,V
7328,Juanajonasnalany,L,V,L,V,E,E,V,L,E,L
7329,Juanajonasnalany,E,V,E,V,E,L,E,L,E,V
7330,Juanajonasnalany,V,E,L,V,V,E,V,E,V,L
7331,Juanajonasnalany,E,E,E,V,E,V,L,L,V,E
7332,Juanajonasnalany,V,L,V,V,L,E,L,V,L,L
7333,Juanajonasnalany,L,L,V,E,L,V,L,L,V,E
7334,JUANCARLOSGONZALEZ,L,E,V,E,L,L,L,E,L,L
7335,Juanma ,E,V,E,V,V,L,E,L,V,L
7336,Juanma ,E,V,E,V,E,L,E,L,V,L
7337,Juanma ,E,V,L,V,V,L,E,L,V,L
7338,Juanma ,E,V,L,V,E,L,E,L,V,L
7339,Juanma ,L,V,E,V,V,L,E,L,V,L
7340,Juanma ,L,V,E,V,E,L,E,L,V,L
7341,Juanma ,L,V,L,V,V,L,E,L,V,L
7342,Juanma ,L,V,L,V,E,L,E,L,V,L
7343,Juanma ,E,V,V,L,L,L,V,V,L,L
7344,Juanma ,E,V,V,L,E,L,V,V,L,L
7345,Juanma ,E,V,V,E,L,L,V,V,L,L
7346,Juanma ,E,V,V,E,E,L,V,V,L,L
7347,Juanma ,V,V,V,L,L,L,V,V,L,L
7348,Juanma ,V,V,V,L,E,L,V,V,L,L
7349,Juanma ,V,V,V,E,L,L,V,V,L,L
7350,Juanma ,V,V,V,E,E,L,V,V,L,L
7351,Juansa,L,V,V,L,L,L,L,L,V,L
7352,Juansa,L,L,V,L,L,L,L,L,V,E
7353,Juansa,L,V,V,V,L,L,L,L,V,L
7354,Juansa,L,E,V,E,L,L,L,L,V,L
7355,Juansa,L,V,V,V,L,L,L,L,V,L
7356,Juaritoz656 ,L,L,E,L,L,L,L,L,L,E
7357,Juaritoz656 ,L,L,E,L,L,L,L,L,E,E
7358,Juaritoz656 ,L,L,E,L,L,L,L,L,V,E
7359,Juaritoz656 ,L,L,E,L,E,L,L,L,L,E
7360,Juaritoz656 ,L,L,E,L,E,L,L,L,E,E
7361,Juaritoz656 ,L,L,E,L,E,L,L,L,V,E
7362,Juaritoz656 ,L,L,E,V,L,L,L,L,L,E
7363,Juaritoz656 ,L,L,E,V,L,L,L,L,E,E
7364,Juaritoz656 ,L,L,E,V,L,L,L,L,V,E
7365,Juaritoz656 ,L,L,E,V,E,L,L,L,L,E
7366,Juaritoz656 ,L,L,E,V,E,L,L,L,E,E
7367,Juaritoz656 ,L,L,E,V,E,L,L,L,V,E
7368,Juaritoz656 ,L,L,V,L,L,L,L,L,L,E
7369,Juaritoz656 ,L,L,V,L,L,L,L,L,E,E
7370,Juaritoz656 ,L,L,V,L,L,L,L,L,V,E
7371,Juaritoz656 ,L,L,V,L,E,L,L,L,L,E
7372,Juaritoz656 ,L,L,V,L,E,L,L,L,E,E
7373,Juaritoz656 ,L,L,V,L,E,L,L,L,V,E
7374,Juaritoz656 ,L,L,V,V,L,L,L,L,L,E
7375,Juaritoz656 ,L,L,V,V,L,L,L,L,E,E
7376,Juaritoz656 ,L,L,V,V,L,L,L,L,V,E
7377,Juaritoz656 ,L,L,V,V,E,L,L,L,L,E
7378,Juaritoz656 ,L,L,V,V,E,L,L,L,E,E
7379,Juaritoz656 ,L,L,V,V,E,L,L,L,V,E
7380,Juaritoz656 ,L,E,E,L,L,L,L,L,L,E
7381,Juaritoz656 ,L,E,E,L,L,L,L,L,E,E
7382,Juaritoz656 ,L,E,E,L,L,L,L,L,V,E
7383,Juaritoz656 ,L,E,E,L,E,L,L,L,L,E
7384,Juaritoz656 ,L,E,E,L,E,L,L,L,E,E
7385,Juaritoz656 ,L,E,E,L,E,L,L,L,V,E
7386,Juaritoz656 ,L,E,E,V,L,L,L,L,L,E
7387,Juaritoz656 ,L,E,E,V,L,L,L,L,E,E
7388,Juaritoz656 ,L,E,E,V,L,L,L,L,V,E
7389,Juaritoz656 ,L,E,E,V,E,L,L,L,L,E
7390,Juaritoz656 ,L,E,E,V,E,L,L,L,E,E
7391,Juaritoz656 ,L,E,E,V,E,L,L,L,V,E
7392,Juaritoz656 ,L,E,V,L,L,L,L,L,L,E
7393,Juaritoz656 ,L,E,V,L,L,L,L,L,E,E
7394,Juaritoz656 ,L,E,V,L,L,L,L,L,V,E
7395,Juaritoz656 ,L,E,V,L,E,L,L,L,L,E
7396,Juaritoz656 ,L,E,V,L,E,L,L,L,E,E
7397,Juaritoz656 ,L,E,V,L,E,L,L,L,V,E
7398,Juaritoz656 ,L,E,V,V,L,L,L,L,L,E
7399,Juaritoz656 ,L,E,V,V,L,L,L,L,E,E
7400,Juaritoz656 ,L,E,V,V,L,L,L,L,V,E
7401,Juaritoz656 ,L,E,V,V,E,L,L,L,L,E
7402,Juaritoz656 ,L,E,V,V,E,L,L,L,E,E
7403,Juaritoz656 ,L,E,V,V,E,L,L,L,V,E
7404,Juaritoz656 ,L,V,E,L,L,L,L,L,L,E
7405,Juaritoz656 ,L,V,E,L,L,L,L,L,E,E
7406,Juaritoz656 ,L,V,E,L,L,L,L,L,V,E
7407,Juaritoz656 ,L,V,E,L,E,L,L,L,L,E
7408,Juaritoz656 ,L,V,E,L,E,L,L,L,E,E
7409,Juaritoz656 ,L,V,E,L,E,L,L,L,V,E
7410,Juaritoz656 ,L,V,E,V,L,L,L,L,L,E
7411,Juaritoz656 ,L,V,E,V,L,L,L,L,E,E
7412,Juaritoz656 ,L,V,E,V,L,L,L,L,V,E
7413,Juaritoz656 ,L,V,E,V,E,L,L,L,L,E
7414,Juaritoz656 ,L,V,E,V,E,L,L,L,E,E
7415,Juaritoz656 ,L,V,E,V,E,L,L,L,V,E
7416,Juaritoz656 ,L,V,V,L,L,L,L,L,L,E
7417,Juaritoz656 ,L,V,V,L,L,L,L,L,E,E
7418,Juaritoz656 ,L,V,V,L,L,L,L,L,V,E
7419,Juaritoz656 ,L,V,V,L,E,L,L,L,L,E
7420,Juaritoz656 ,L,V,V,L,E,L,L,L,E,E
7421,Juaritoz656 ,L,V,V,L,E,L,L,L,V,E
7422,Juaritoz656 ,L,V,V,V,L,L,L,L,L,E
7423,Juaritoz656 ,L,V,V,V,L,L,L,L,E,E
7424,Juaritoz656 ,L,V,V,V,L,L,L,L,V,E
7425,Juaritoz656 ,L,V,V,V,E,L,L,L,L,E
7426,Juaritoz656 ,L,V,V,V,E,L,L,L,E,E
7427,Juaritoz656 ,L,V,V,V,E,L,L,L,V,E
7428,Juliancito,L,E,E,V,V,L,E,L,L,L
7429,Juliancito,L,E,E,V,V,L,E,L,V,L
7430,Juliancito,L,E,E,L,V,L,E,L,L,L
7431,Juliancito,L,E,E,L,V,L,E,L,V,L
7432,Juliancito,L,E,V,E,V,L,E,L,L,L
7433,Juliancito,L,E,V,E,V,L,E,L,V,L
7434,Juliancito,L,E,V,V,V,E,E,L,L,L
7435,Juliancito,L,E,V,V,V,E,E,L,V,L
7436,Juliancito,L,E,V,V,V,L,E,L,L,L
7437,Juliancito,L,E,V,V,V,L,E,E,L,L
7438,Juliancito,L,E,V,V,V,L,E,E,V,L
7439,Juliancito,L,E,V,V,V,L,E,L,E,L
7440,Juliancito,L,E,V,V,V,L,E,L,V,L
7441,Juliancito,L,E,V,L,V,E,E,L,L,L
7442,Juliancito,L,E,V,L,V,E,E,L,V,L
7443,Juliancito,L,E,V,L,V,L,E,L,L,L
7444,Juliancito,L,E,V,L,V,L,E,E,L,L
7445,Juliancito,L,E,V,L,V,L,E,E,V,L
7446,Juliancito,L,E,V,L,V,L,E,L,E,L
7447,Juliancito,L,E,V,L,V,L,E,L,V,L
7448,Juliancito,L,E,E,E,V,L,L,L,L,L
7449,Juliancito,L,E,E,E,V,L,L,L,V,L
7450,Juliancito,L,E,E,V,V,L,L,L,L,L
7451,Juliancito,L,E,E,V,V,E,L,L,L,L
7452,Juliancito,L,E,E,V,V,E,L,L,V,L
7453,Juliancito,L,E,E,V,V,L,L,E,L,L
7454,Juliancito,L,E,E,V,V,L,L,E,V,L
7455,Juliancito,L,E,E,V,V,L,L,L,E,L
7456,Juliancito,L,E,E,V,V,L,L,L,V,L
7457,Juliancito,L,E,E,L,V,L,L,L,L,L
7458,Juliancito,L,E,E,L,V,E,L,L,L,L
7459,Juliancito,L,E,E,L,V,E,L,L,V,L
7460,Juliancito,L,E,E,L,V,L,L,E,L,L
7461,Juliancito,L,E,E,L,V,L,L,E,V,L
7462,Juliancito,L,E,E,L,V,L,L,L,E,L
7463,Juliancito,L,E,E,L,V,L,L,L,V,L
7464,Juliancito,L,E,V,E,V,L,L,L,L,L
7465,Juliancito,L,E,V,E,V,E,L,L,L,L
7466,Juliancito,L,E,V,E,V,E,L,L,V,L
7467,Juliancito,L,E,V,E,V,L,L,E,L,L
7468,Juliancito,L,E,V,E,V,L,L,E,V,L
7469,Juliancito,L,E,V,E,V,L,L,L,E,L
7470,Juliancito,L,E,V,E,V,L,L,L,V,L
7471,Juliancito,L,E,V,V,V,L,L,L,L,L
7472,Juliancito,L,E,V,V,V,E,L,L,L,L
7473,Juliancito,L,E,V,V,V,E,L,E,L,L
7474,Juliancito,L,E,V,V,V,E,L,E,V,L
7475,Juliancito,L,E,V,V,V,E,L,L,E,L
7476,Juliancito,L,E,V,V,V,E,L,L,V,L
7477,Juliancito,L,E,V,V,V,L,L,E,L,L
7478,Juliancito,L,E,V,V,V,L,L,E,E,L
7479,Juliancito,L,E,V,V,V,L,L,E,V,L
7480,Juliancito,L,E,V,V,V,L,L,L,E,L
7481,Juliancito,L,E,V,V,V,L,L,L,V,L
7482,Juliancito,L,E,V,L,V,L,L,L,L,L
7483,Juliancito,L,E,V,L,V,E,L,L,L,L
7484,Juliancito,L,E,V,L,V,E,L,E,L,L
7485,Juliancito,L,E,V,L,V,E,L,E,V,L
7486,Juliancito,L,E,V,L,V,E,L,L,E,L
7487,Juliancito,L,E,V,L,V,E,L,L,V,L
7488,Juliancito,L,E,V,L,V,L,L,E,L,L
7489,Juliancito,L,E,V,L,V,L,L,E,E,L
7490,Juliancito,L,E,V,L,V,L,L,E,V,L
7491,Juliancito,L,E,V,L,V,L,L,L,E,L
7492,Juliancito,L,E,V,L,V,L,L,L,V,L
7493,Julio atlanta,L,E,V,L,L,L,L,L,L,L
7494,Julio atlanta,L,L,V,L,V,V,V,L,E,V
7495,Julio atlanta,L,V,L,E,L,E,E,V,V,L
7496,Julio atlanta,E,E,V,V,L,L,E,L,L,L
7497,Julio Cesar Castro,L,V,V,L,V,E,L,V,V,V
7498,Julio Cesar Castro,L,V,V,L,L,L,E,L,L,L
7499,Julio César Gonzalez ,L,L,L,L,L,L,L,L,L,V
7500,Julio César Gonzalez ,L,L,L,L,L,L,L,L,V,V
7501,Julio César Gonzalez ,L,L,L,L,L,L,E,L,L,V
7502,Julio César Gonzalez ,L,L,L,L,L,L,E,L,V,V
7503,Julio César Gonzalez ,L,L,L,L,E,L,L,L,L,V
7504,Julio César Gonzalez ,L,L,L,L,E,L,L,L,V,V
7505,Julio César Gonzalez ,L,L,L,L,E,L,E,L,L,V
7506,Julio César Gonzalez ,L,L,L,L,E,L,E,L,V,V
7507,Julio César Gonzalez ,L,L,E,L,L,L,L,L,L,V
7508,Julio César Gonzalez ,L,L,E,L,L,L,L,L,V,V
7509,Julio César Gonzalez ,L,L,E,L,L,L,E,L,L,V
7510,Julio César Gonzalez ,L,L,E,L,L,L,E,L,V,V
7511,Julio César Gonzalez ,L,L,E,L,E,L,L,L,L,V
7512,Julio César Gonzalez ,L,L,E,L,E,L,L,L,V,V
7513,Julio César Gonzalez ,L,L,E,L,E,L,E,L,L,V
7514,Julio César Gonzalez ,L,L,E,L,E,L,E,L,V,V
7515,Julio César Gonzalez ,L,L,V,L,L,L,L,L,L,V
7516,Julio César Gonzalez ,L,L,V,L,L,L,L,L,V,V
7517,Julio César Gonzalez ,L,L,V,L,L,L,E,L,L,V
7518,Julio César Gonzalez ,L,L,V,L,L,L,E,L,V,V
7519,Julio César Gonzalez ,L,L,V,L,E,L,L,L,L,V
7520,Julio César Gonzalez ,L,L,V,L,E,L,L,L,V,V
7521,Julio César Gonzalez ,L,L,V,L,E,L,E,L,L,V
7522,Julio César Gonzalez ,L,L,V,L,E,L,E,L,V,V
7523,Julio César Gonzalez ,L,E,L,L,L,L,L,L,L,V
7524,Julio César Gonzalez ,L,E,L,L,L,L,L,L,V,V
7525,Julio César Gonzalez ,L,E,L,L,L,L,E,L,L,V
7526,Julio César Gonzalez ,L,E,L,L,L,L,E,L,V,V
7527,Julio César Gonzalez ,L,E,L,L,E,L,L,L,L,V
7528,Julio César Gonzalez ,L,E,L,L,E,L,L,L,V,V
7529,Julio César Gonzalez ,L,E,L,L,E,L,E,L,L,V
7530,Julio César Gonzalez ,L,E,L,L,E,L,E,L,V,V
7531,Julio César Gonzalez ,L,E,E,L,L,L,L,L,L,V
7532,Julio César Gonzalez ,L,E,E,L,L,L,L,L,V,V
7533,Julio César Gonzalez ,L,E,E,L,L,L,E,L,L,V
7534,Julio César Gonzalez ,L,E,E,L,L,L,E,L,V,V
7535,Julio César Gonzalez ,L,E,E,L,E,L,L,L,L,V
7536,Julio César Gonzalez ,L,E,E,L,E,L,L,L,V,V
7537,Julio César Gonzalez ,L,E,E,L,E,L,E,L,L,V
7538,Julio César Gonzalez ,L,E,E,L,E,L,E,L,V,V
7539,Julio César Gonzalez ,L,E,V,L,L,L,L,L,L,V
7540,Julio César Gonzalez ,L,E,V,L,L,L,L,L,V,V
7541,Julio César Gonzalez ,L,E,V,L,L,L,E,L,L,V
7542,Julio César Gonzalez ,L,E,V,L,L,L,E,L,V,V
7543,Julio César Gonzalez ,L,E,V,L,E,L,L,L,L,V
7544,Julio César Gonzalez ,L,E,V,L,E,L,L,L,V,V
7545,Julio César Gonzalez ,L,E,V,L,E,L,E,L,L,V
7546,Julio César Gonzalez ,L,E,V,L,E,L,E,L,V,V
7547,Julio César Gonzalez ,L,V,L,L,L,L,L,L,L,V
7548,Julio César Gonzalez ,L,V,L,L,L,L,L,L,V,V
7549,Julio César Gonzalez ,L,V,L,L,L,L,E,L,L,V
7550,Julio César Gonzalez ,L,V,L,L,L,L,E,L,V,V
7551,Julio César Gonzalez ,L,V,L,L,E,L,L,L,L,V
7552,Julio César Gonzalez ,L,V,L,L,E,L,L,L,V,V
7553,Julio César Gonzalez ,L,V,L,L,E,L,E,L,L,V
7554,Julio César Gonzalez ,L,V,L,L,E,L,E,L,V,V
7555,Julio César Gonzalez ,L,V,E,L,L,L,L,L,L,V
7556,Julio César Gonzalez ,L,V,E,L,L,L,L,L,V,V
7557,Julio César Gonzalez ,L,V,E,L,L,L,E,L,L,V
7558,Julio César Gonzalez ,L,V,E,L,L,L,E,L,V,V
7559,Julio César Gonzalez ,L,V,E,L,E,L,L,L,L,V
7560,Julio César Gonzalez ,L,V,E,L,E,L,L,L,V,V
7561,Julio César Gonzalez ,L,V,E,L,E,L,E,L,L,V
7562,Julio César Gonzalez ,L,V,E,L,E,L,E,L,V,V
7563,Julio César Gonzalez ,L,V,V,L,L,L,L,L,L,V
7564,Julio César Gonzalez ,L,V,V,L,L,L,L,L,V,V
7565,Julio César Gonzalez ,L,V,V,L,L,L,E,L,L,V
7566,Julio César Gonzalez ,L,V,V,L,L,L,E,L,V,V
7567,Julio César Gonzalez ,L,V,V,L,E,L,L,L,L,V
7568,Julio César Gonzalez ,L,V,V,L,E,L,L,L,V,V
7569,Julio César Gonzalez ,L,V,V,L,E,L,E,L,L,V
7570,Julio César Gonzalez ,L,V,V,L,E,L,E,L,V,V
7571,Julio César Villa,L,V,V,E,E,L,E,V,E,L
7572,Julio Mariano,L,L,V,V,L,L,V,L,L,L
7573,Julio Mariano,L,E,V,E,L,E,V,L,L,L
7574,Julio mora,L,E,V,L,L,L,L,L,L,L
7575,Julio mora,L,V,V,L,L,L,L,L,E,L
7576,Julio rivera,E,E,E,E,L,L,V,E,L,V
7577,Julio rivera,L,E,E,E,V,E,V,L,L,L
7578,Julio rivera,L,E,L,V,V,V,V,L,V,E
7579,JULIO VALLE,L,E,V,L,L,E,E,V,V,L
7580,JULIO VALLE,L,E,E,E,L,E,L,V,V,V
7581,JULIO VALLE,L,E,V,L,L,V,V,L,V,V
7582,JULIO VALLE,L,L,V,L,L,L,E,E,V,V
7583,Juma3167acapulco,L,L,E,E,V,L,L,E,E,E
7584,Juma3167acapulco,L,L,V,V,L,L,V,E,E,V
7585,Juma3167acapulco,L,V,V,E,L,L,E,L,L,E
7586,Juma3167acapulco,L,V,V,L,L,L,V,L,L,L
7587,Juma3167acapulco,L,E,V,L,L,L,V,L,E,L
7588,Juma3167acapulco,L,V,V,L,V,L,V,L,L,L
7589,Juma3167acapulco,L,E,L,V,V,E,E,L,V,L
7590,Juma3167acapulco,E,L,E,E,L,E,L,E,V,L
7591,Juma3167acapulco,L,L,L,V,V,V,V,E,E,L
7592,Juma3167acapulco,L,V,V,V,V,L,V,L,E,L
7593,Junior,L,L,V,L,L,L,L,L,V,L
7594,Junior,L,V,V,L,L,L,E,E,E,L
7595,Junior,L,E,V,L,L,L,L,L,L,V
7596,Junior,L,L,V,L,L,L,L,V,V,L
7597,Junior,L,V,V,L,L,L,E,E,E,L
7598,Justino Reyes,L,E,V,V,L,E,L,L,E,E
7599,Justino Reyes,E,L,V,E,E,L,L,E,L,E
7600,Justino Reyes,L,V,V,V,L,E,E,V,L,E
7601,Justino Reyes,L,V,V,L,E,L,E,L,L,L
7602,Justino Reyes,L,E,V,E,L,L,E,L,E,L
7603,kalel008,L,V,V,V,L,L,V,L,L,V
7604,kalel008,L,L,V,V,L,L,L,L,L,V
7605,kalel008,L,V,V,L,L,V,L,L,V,V
7606,kalel008,E,L,V,V,V,V,L,E,V,V
7607,kalel008,L,V,V,L,L,V,E,V,V,V
7608,kalel008 ,L,E,V,V,E,L,L,V,E,V
7609,kalel008 ,L,E,V,V,V,L,L,V,E,V
7610,kalel008 ,L,E,V,V,L,L,L,V,E,V
7611,Kaluchita 23,E,E,V,E,L,L,E,L,E,L
7612,Kano Colima,L,V,V,V,E,L,E,E,L,L
7613,Kano Colima,E,L,E,L,L,E,L,L,E,E
7614,Kano Colima,V,E,L,E,L,E,L,V,V,V
7615,Karlita ,L,L,V,L,E,L,L,E,L,L
7616,Karlita ,L,L,V,L,E,L,L,E,E,L
7617,Karlita ,L,L,V,L,E,L,L,E,V,L
7618,Karlita ,L,L,E,L,E,L,L,E,L,L
7619,Karlita ,L,L,E,L,E,L,L,E,E,L
7620,Karlita ,L,L,E,L,E,L,L,E,V,L
7621,Karlita ,L,E,V,L,E,L,L,E,L,L
7622,Karlita ,L,E,V,L,E,L,L,E,E,L
7623,Karlita ,L,E,V,L,E,L,L,E,V,L
7624,Karlita ,L,E,E,L,E,L,L,E,L,L
7625,Karlita ,L,E,E,L,E,L,L,E,E,L
7626,Karlita ,L,E,E,L,E,L,L,E,V,L
7627,Karlita ,L,V,V,L,E,L,L,E,L,L
7628,Karlita ,L,V,V,L,E,L,L,E,E,L
7629,Karlita ,L,V,V,L,E,L,L,E,V,L
7630,Karlita ,L,V,E,L,E,L,L,E,L,L
7631,Karlita ,L,V,E,L,E,L,L,E,E,L
7632,Karlita ,L,V,E,L,E,L,L,E,V,L
7633,Kastorena 1,L,E,V,E,L,E,V,L,L,L
7634,Kastorena 2,L,L,V,L,L,L,L,L,V,L
7635,Kastorena 3,L,V,V,V,L,V,L,L,L,V
7636,Kastorena 4,E,V,L,L,E,L,V,V,L,E
7637,Kastorena 5,L,L,E,L,V,V,E,E,E,L
7638,KATICHE PERI ,L,V,V,L,L,L,L,L,L,L
7639,KATICHE PERI ,L,V,V,L,L,L,E,L,L,L
7640,KATICHE PERI ,L,V,L,L,L,L,L,L,L,L
7641,KATICHE PERI ,L,V,L,L,L,L,E,L,L,L
7642,KATICHE PERI ,L,E,V,L,L,L,L,L,L,L
7643,KATICHE PERI ,L,E,V,L,L,L,E,L,L,L
7644,KATICHE PERI ,L,E,L,L,L,L,L,L,L,L
7645,KATICHE PERI ,L,E,L,L,L,L,E,L,L,L
7646,KATICHE PERI ,L,L,V,L,L,L,L,L,L,L
7647,KATICHE PERI ,L,L,V,L,L,L,E,L,L,L
7648,KATICHE PERI ,L,L,L,L,L,L,L,L,L,L
7649,KATICHE PERI ,L,L,L,L,L,L,E,L,L,L
7650,Kenay,L,E,V,E,L,L,L,L,L,E
7651,Kenay,L,V,E,V,E,L,L,L,E,E
7652,Kenay,L,V,V,L,L,V,E,L,V,L
7653,Kenay,L,V,V,L,L,V,V,E,E,V
7654,Kenay,V,E,V,E,L,V,E,L,L,V
7655,Kevin García ❤️⚽️,L,E,V,E,L,L,L,L,E,E
7656,Kiara 211929,L,E,E,L,L,L,E,L,L,E
7657,Kiara 211929,E,V,V,E,E,E,V,E,E,L
7658,Kiara 211929,L,V,V,L,L,E,E,L,L,V
7659,Kiara 211929,V,L,E,L,L,L,L,V,E,L
7660,Kiara 211929,L,E,E,L,E,E,V,E,L,E
7661,Kike,L,E,V,L,L,L,E,L,E,L
7662,Kike,L,L,V,L,L,L,E,L,E,L
7663,Kike,L,L,V,L,L,L,L,E,L,L
7664,Kike,L,V,V,L,L,L,V,V,V,L
7665,Kike,L,E,V,E,L,E,V,E,L,L
7666,Kike,L,V,V,L,L,L,E,V,V,L
7667,Kike,L,E,V,L,L,L,L,E,V,L
7668,Kike1983,L,V,V,L,E,V,V,E,E,V
7669,Kike1983,E,L,E,V,L,E,V,L,L,V
7670,Kikee,L,L,V,L,L,L,V,L,E,L
7671,Kikee,V,E,V,E,L,E,L,E,L,E
7672,Kikis pachuca,L,E,V,E,L,L,V,E,E,L
7673,Kikis pachuca,L,L,V,L,E,V,E,V,L,E
7674,Kikis pachuca ,L,L,V,L,V,E,V,V,V,L
7675,Kikis pachuca ,L,L,V,L,V,L,V,V,V,L
7676,Kikis pachuca ,L,E,V,L,V,E,V,V,V,L
7677,Kikis pachuca ,L,E,V,L,V,L,V,V,V,L
7678,Kikis pachuca ,L,V,V,L,V,E,V,V,V,L
7679,Kikis pachuca ,L,V,V,L,V,L,V,V,V,L
7680,Kikis pachuca ,L,V,V,L,E,V,E,E,V,E
7681,Kikis pachuca ,L,V,L,L,E,V,E,E,V,E
7682,Km2 ,L,V,E,V,L,E,V,V,V,E
7683,Km2 ,L,V,E,V,L,E,V,L,V,E
7684,Km2 ,L,V,E,V,L,E,E,V,V,E
7685,Km2 ,L,V,E,V,L,E,E,L,V,E
7686,Km2 ,L,V,E,V,L,V,V,V,V,E
7687,Km2 ,L,V,E,V,L,V,V,L,V,E
7688,Km2 ,L,V,E,V,L,V,E,V,V,E
7689,Km2 ,L,V,E,V,L,V,E,L,V,E
7690,Km2 ,L,V,E,V,V,E,V,V,V,E
7691,Km2 ,L,V,E,V,V,E,V,L,V,E
7692,Km2 ,L,V,E,V,V,E,E,V,V,E
7693,Km2 ,L,V,E,V,V,E,E,L,V,E
7694,Km2 ,L,V,E,V,V,V,V,V,V,E
7695,Km2 ,L,V,E,V,V,V,V,L,V,E
7696,Km2 ,L,V,E,V,V,V,E,V,V,E
7697,Km2 ,L,V,E,V,V,V,E,L,V,E
7698,Km2 ,L,V,V,V,L,E,V,V,V,E
7699,Km2 ,L,V,V,V,L,E,V,L,V,E
7700,Km2 ,L,V,V,V,L,E,E,V,V,E
7701,Km2 ,L,V,V,V,L,E,E,L,V,E
7702,Km2 ,L,V,V,V,L,V,V,V,V,E
7703,Km2 ,L,V,V,V,L,V,V,L,V,E
7704,Km2 ,L,V,V,V,L,V,E,V,V,E
7705,Km2 ,L,V,V,V,L,V,E,L,V,E
7706,Km2 ,L,V,V,V,V,E,V,V,V,E
7707,Km2 ,L,V,V,V,V,E,V,L,V,E
7708,Km2 ,L,V,V,V,V,E,E,V,V,E
7709,Km2 ,L,V,V,V,V,E,E,L,V,E
7710,Km2 ,L,V,V,V,V,V,V,V,V,E
7711,Km2 ,L,V,V,V,V,V,V,L,V,E
7712,Km2 ,L,V,V,V,V,V,E,V,V,E
7713,Km2 ,L,V,V,V,V,V,E,L,V,E
7714,Km2 ,V,V,E,V,L,E,V,V,V,E
7715,Km2 ,V,V,E,V,L,E,V,L,V,E
7716,Km2 ,V,V,E,V,L,E,E,V,V,E
7717,Km2 ,V,V,E,V,L,E,E,L,V,E
7718,Km2 ,V,V,E,V,L,V,V,V,V,E
7719,Km2 ,V,V,E,V,L,V,V,L,V,E
7720,Km2 ,V,V,E,V,L,V,E,V,V,E
7721,Km2 ,V,V,E,V,L,V,E,L,V,E
7722,Km2 ,V,V,E,V,V,E,V,V,V,E
7723,Km2 ,V,V,E,V,V,E,V,L,V,E
7724,Km2 ,V,V,E,V,V,E,E,V,V,E
7725,Km2 ,V,V,E,V,V,E,E,L,V,E
7726,Km2 ,V,V,E,V,V,V,V,V,V,E
7727,Km2 ,V,V,E,V,V,V,V,L,V,E
7728,Km2 ,V,V,E,V,V,V,E,V,V,E
7729,Km2 ,V,V,E,V,V,V,E,L,V,E
7730,Km2 ,V,V,V,V,L,E,V,V,V,E
7731,Km2 ,V,V,V,V,L,E,V,L,V,E
7732,Km2 ,V,V,V,V,L,E,E,V,V,E
7733,Km2 ,V,V,V,V,L,E,E,L,V,E
7734,Km2 ,V,V,V,V,L,V,V,V,V,E
7735,Km2 ,V,V,V,V,L,V,V,L,V,E
7736,Km2 ,V,V,V,V,L,V,E,V,V,E
7737,Km2 ,V,V,V,V,L,V,E,L,V,E
7738,Km2 ,V,V,V,V,V,E,V,V,V,E
7739,Km2 ,V,V,V,V,V,E,V,L,V,E
7740,Km2 ,V,V,V,V,V,E,E,V,V,E
7741,Km2 ,V,V,V,V,V,E,E,L,V,E
7742,Km2 ,V,V,V,V,V,V,V,V,V,E
7743,Km2 ,V,V,V,V,V,V,V,L,V,E
7744,Km2 ,V,V,V,V,V,V,E,V,V,E
7745,Km2 ,V,V,V,V,V,V,E,L,V,E
7746,Kokis72,L,E,V,L,E,L,E,L,V,E
7747,KRATOS,L,L,E,E,V,E,V,L,L,L
7748,KRATOS,L,L,E,E,V,E,V,L,V,L
7749,KRATOS,L,L,E,E,V,L,V,L,L,L
7750,KRATOS,L,L,E,E,V,L,V,E,L,L
7751,KRATOS,L,L,E,E,V,L,V,E,V,L
7752,KRATOS,L,L,E,E,V,L,V,L,E,L
7753,KRATOS,L,L,E,E,V,L,V,L,V,L
7754,KRATOS,L,L,E,V,V,E,V,L,L,L
7755,KRATOS,L,L,E,V,V,E,V,E,L,L
7756,KRATOS,L,L,E,V,V,E,V,E,V,L
7757,KRATOS,L,L,E,V,V,E,V,L,E,L
7758,KRATOS,L,L,E,V,V,E,V,L,V,L
7759,KRATOS,L,L,E,V,V,L,V,L,L,L
7760,KRATOS,L,L,E,V,V,L,V,E,L,L
7761,KRATOS,L,L,E,V,V,L,V,E,E,L
7762,KRATOS,L,L,E,V,V,L,V,E,V,L
7763,KRATOS,L,L,E,V,V,L,V,L,E,L
7764,KRATOS,L,L,E,V,V,L,V,L,V,L
7765,KRATOS,L,L,E,L,V,E,V,L,L,L
7766,KRATOS,L,L,E,L,V,E,V,E,L,L
7767,KRATOS,L,L,E,L,V,E,V,E,V,L
7768,KRATOS,L,L,E,L,V,E,V,L,E,L
7769,KRATOS,L,L,E,L,V,E,V,L,V,L
7770,KRATOS,L,L,E,L,V,L,V,L,L,L
7771,KRATOS,L,L,E,L,V,L,V,E,L,L
7772,KRATOS,L,L,E,L,V,L,V,E,E,L
7773,KRATOS,L,L,E,L,V,L,V,E,V,L
7774,KRATOS,L,L,E,L,V,L,V,L,E,L
7775,KRATOS,L,L,E,L,V,L,V,L,V,L
7776,KRATOS,L,L,V,E,V,E,V,L,L,L
7777,KRATOS,L,L,V,E,V,E,V,E,L,L
7778,KRATOS,L,L,V,E,V,E,V,E,V,L
7779,KRATOS,L,L,V,E,V,E,V,L,E,L
7780,KRATOS,L,L,V,E,V,E,V,L,V,L
7781,KRATOS,L,L,V,E,V,L,V,L,L,L
7782,KRATOS,L,L,V,E,V,L,V,E,L,L
7783,KRATOS,L,L,V,E,V,L,V,E,E,L
7784,KRATOS,L,L,V,E,V,L,V,E,V,L
7785,KRATOS,L,L,V,E,V,L,V,L,E,L
7786,KRATOS,L,L,V,E,V,L,V,L,V,L
7787,KRATOS,L,L,V,V,V,E,V,L,L,L
7788,KRATOS,L,L,V,V,V,E,V,E,L,L
7789,KRATOS,L,L,V,V,V,E,V,E,E,L
7790,KRATOS,L,L,V,V,V,E,V,E,V,L
7791,KRATOS,L,L,V,V,V,E,V,L,E,L
7792,KRATOS,L,L,V,V,V,E,V,L,V,L
7793,KRATOS,L,L,V,V,V,L,V,L,L,L
7794,KRATOS,L,L,V,V,V,L,V,E,L,L
7795,KRATOS,L,L,V,V,V,L,V,E,E,L
7796,KRATOS,L,L,V,V,V,L,V,E,V,L
7797,KRATOS,L,L,V,V,V,L,V,L,E,L
7798,KRATOS,L,L,V,V,V,L,V,L,V,L
7799,KRATOS,L,L,V,L,V,E,V,L,L,L
7800,KRATOS,L,L,V,L,V,E,V,E,L,L
7801,KRATOS,L,L,V,L,V,E,V,E,E,L
7802,KRATOS,L,L,V,L,V,E,V,E,V,L
7803,KRATOS,L,L,V,L,V,E,V,L,E,L
7804,KRATOS,L,L,V,L,V,E,V,L,V,L
7805,KRATOS,L,L,V,L,V,L,V,L,L,L
7806,KRATOS,L,L,V,L,V,L,V,E,L,L
7807,KRATOS,L,L,V,L,V,L,V,E,E,L
7808,KRATOS,L,L,V,L,V,L,V,E,V,L
7809,KRATOS,L,L,V,L,V,L,V,L,E,L
7810,KRATOS,L,L,V,L,V,L,V,L,V,L
7811,Ktus ,L,E,V,L,L,L,E,L,V,E
7812,Ktus ,L,E,V,E,L,L,E,L,V,E
7813,KUKI 7,L,E,V,L,L,L,V,L,L,L
7814,KUKI 7,L,V,V,L,L,L,L,L,L,E
7815,Kuko,L,L,V,L,L,L,L,L,L,V
7816,Kuko,L,V,V,E,L,E,L,L,E,V
7817,kYo,L,L,V,E,V,L,L,V,L,L
7818,kYo,E,V,V,L,E,L,E,L,E,L
7819,kYo,V,E,V,V,L,L,L,V,L,L
7820,kYo,V,V,V,E,L,L,L,E,E,L
7821,kYo,L,E,V,L,E,E,L,V,L,E
7822,LA BARTOLA,L,V,V,L,L,V,E,L,V,L
7823,LA BARTOLA,E,L,V,V,E,E,V,L,E,V
7824,La bendición ,L,V,V,L,E,L,E,L,V,L
7825,La bendición ,L,V,V,L,E,L,E,L,E,L
7826,La bendición ,L,V,V,L,E,L,E,L,L,L
7827,La bendición ,L,V,V,L,E,L,L,L,V,L
7828,La bendición ,L,V,V,L,E,L,L,L,E,L
7829,La bendición ,L,V,V,L,E,L,L,L,L,L
7830,La bendición ,L,V,V,L,L,L,E,L,V,L
7831,La bendición ,L,V,V,L,L,L,E,L,E,L
7832,La bendición ,L,V,V,L,L,L,E,L,L,L
7833,La bendición ,L,V,V,L,L,L,L,L,V,L
7834,La bendición ,L,V,V,L,L,L,L,L,E,L
7835,La bendición ,L,V,V,L,L,L,L,L,L,L
7836,La bendición ,L,L,V,L,E,L,E,L,V,L
7837,La bendición ,L,L,V,L,E,L,E,L,E,L
7838,La bendición ,L,L,V,L,E,L,E,L,L,L
7839,La bendición ,L,L,V,L,E,L,L,L,V,L
7840,La bendición ,L,L,V,L,E,L,L,L,E,L
7841,La bendición ,L,L,V,L,E,L,L,L,L,L
7842,La bendición ,L,L,V,L,L,L,E,L,V,L
7843,La bendición ,L,L,V,L,L,L,E,L,E,L
7844,La bendición ,L,L,V,L,L,L,E,L,L,L
7845,La bendición ,L,L,V,L,L,L,L,L,V,L
7846,La bendición ,L,L,V,L,L,L,L,L,E,L
7847,La bendición ,L,L,V,L,L,L,L,L,L,L
7848,LA BENDICIÓN 1,L,E,V,L,L,L,L,L,E,L
7849,LA BENDICIÓN 1,L,L,V,E,V,V,E,E,V,V
7850,La cazuelas,L,L,V,E,L,E,L,E,V,L
7851,La cazuelas,L,L,V,V,L,V,L,V,L,L
7852,LA DETENCION DE QUET,L,E,V,L,L,L,E,L,L,L
7853,La esperanza🐂🔪🥩,V,V,L,V,V,L,V,L,L,E
7854,La esperanza🐂🔪🥩,V,L,E,E,L,E,L,L,E,E
7855,La esperanza🐂🔪🥩,L,L,V,L,L,L,V,L,V,E
7856,La esperanza🐂🔪🥩,V,V,L,V,V,V,L,L,V,L
7857,La esperanza🐂🔪🥩,V,L,L,V,V,L,V,V,V,L
7858,La esperanza🐂🔪🥩,V,V,V,V,V,L,L,L,V,L
7859,La esperanza🐂🔪🥩,E,V,L,V,V,E,V,E,L,L
7860,La esperanza🐂🔪🥩,V,E,L,L,V,V,E,V,V,V
7861,La esperanza🐂🔪🥩,E,L,E,V,E,V,E,E,V,E
7862,La esperanza🐂🔪🥩,V,L,E,V,E,L,L,E,L,V
7863,La esperanza🐂🔪🥩,V,L,V,L,V,L,V,L,V,E
7864,La esperanza🐂🔪🥩,L,V,L,L,V,L,V,V,L,E
7865,La esperanza🐂🔪🥩,V,V,V,L,V,L,V,V,L,E
7866,La esperanza🐂🔪🥩,V,L,L,L,V,L,V,V,V,E
7867,La esperanza🐂🔪🥩,L,V,V,V,L,V,V,L,L,E
7868,La esperanza🐂🔪🥩,V,L,L,L,L,V,L,V,V,E
7869,La esperanza🐂🔪🥩,V,L,L,V,V,V,V,L,L,L
7870,La esperanza🐂🔪🥩,V,L,V,L,V,L,L,V,L,E
7871,La esperanza🐂🔪🥩,L,V,V,L,V,L,V,V,L,V
7872,La esperanza🐂🔪🥩,L,E,V,E,L,L,V,E,L,L
7873,LA FE ALEXIS,L,L,V,V,L,L,L,E,V,V
7874,LA FE ALEXIS,L,E,V,E,L,L,L,V,V,V
7875,LA FE ALEXIS,L,V,V,V,L,L,E,E,V,V
7876,LA FE ALEXIS,L,V,V,E,L,L,E,L,V,V
7877,LA FE ALEXIS,L,V,V,L,L,E,V,E,L,V
7878,LA MAGNÍFICA,L,E,V,E,L,E,V,L,V,E
7879,La Maña,E,L,E,V,L,V,L,L,V,V
7880,La Maña,L,E,E,E,L,L,E,V,E,L
7881,La Naranja Mecánica 🍊🛠️,L,L,E,E,E,L,V,L,L,L
7882,La Naranja Mecánica 🍊🛠️,L,L,E,E,E,L,V,L,V,L
7883,La Naranja Mecánica 🍊🛠️,L,L,E,V,E,E,V,L,L,L
7884,La Naranja Mecánica 🍊🛠️,L,L,E,V,E,E,V,L,V,L
7885,La Naranja Mecánica 🍊🛠️,L,L,E,V,E,L,V,L,L,L
7886,La Naranja Mecánica 🍊🛠️,L,L,E,V,E,L,V,E,L,L
7887,La Naranja Mecánica 🍊🛠️,L,L,E,V,E,L,V,E,V,L
7888,La Naranja Mecánica 🍊🛠️,L,L,E,V,E,L,V,L,E,L
7889,La Naranja Mecánica 🍊🛠️,L,L,E,V,E,L,V,L,V,L
7890,La Naranja Mecánica 🍊🛠️,L,L,E,L,E,E,V,L,L,L
7891,La Naranja Mecánica 🍊🛠️,L,L,E,L,E,E,V,L,V,L
7892,La Naranja Mecánica 🍊🛠️,L,L,E,L,E,L,V,L,L,L
7893,La Naranja Mecánica 🍊🛠️,L,L,E,L,E,L,V,E,L,L
7894,La Naranja Mecánica 🍊🛠️,L,L,E,L,E,L,V,E,V,L
7895,La Naranja Mecánica 🍊🛠️,L,L,E,L,E,L,V,L,E,L
7896,La Naranja Mecánica 🍊🛠️,L,L,E,L,E,L,V,L,V,L
7897,La Naranja Mecánica 🍊🛠️,L,L,V,E,E,E,V,L,L,L
7898,La Naranja Mecánica 🍊🛠️,L,L,V,E,E,E,V,L,V,L
7899,La Naranja Mecánica 🍊🛠️,L,L,V,E,E,L,V,L,L,L
7900,La Naranja Mecánica 🍊🛠️,L,L,V,E,E,L,V,E,L,L
7901,La Naranja Mecánica 🍊🛠️,L,L,V,E,E,L,V,E,V,L
7902,La Naranja Mecánica 🍊🛠️,L,L,V,E,E,L,V,L,E,L
7903,La Naranja Mecánica 🍊🛠️,L,L,V,E,E,L,V,L,V,L
7904,La Naranja Mecánica 🍊🛠️,L,L,V,V,E,E,V,L,L,L
7905,La Naranja Mecánica 🍊🛠️,L,L,V,V,E,E,V,E,L,L
7906,La Naranja Mecánica 🍊🛠️,L,L,V,V,E,E,V,E,V,L
7907,La Naranja Mecánica 🍊🛠️,L,L,V,V,E,E,V,L,E,L
7908,La Naranja Mecánica 🍊🛠️,L,L,V,V,E,E,V,L,V,L
7909,La Naranja Mecánica 🍊🛠️,L,L,V,V,E,L,V,L,L,L
7910,La Naranja Mecánica 🍊🛠️,L,L,V,V,E,L,V,E,L,L
7911,La Naranja Mecánica 🍊🛠️,L,L,V,V,E,L,V,E,E,L
7912,La Naranja Mecánica 🍊🛠️,L,L,V,V,E,L,V,E,V,L
7913,La Naranja Mecánica 🍊🛠️,L,L,V,V,E,L,V,L,E,L
7914,La Naranja Mecánica 🍊🛠️,L,L,V,V,E,L,V,L,V,L
7915,La Naranja Mecánica 🍊🛠️,L,L,V,L,E,E,V,L,L,L
7916,La Naranja Mecánica 🍊🛠️,L,L,V,L,E,E,V,E,L,L
7917,La Naranja Mecánica 🍊🛠️,L,L,V,L,E,E,V,E,V,L
7918,La Naranja Mecánica 🍊🛠️,L,L,V,L,E,E,V,L,E,L
7919,La Naranja Mecánica 🍊🛠️,L,L,V,L,E,E,V,L,V,L
7920,La Naranja Mecánica 🍊🛠️,L,L,V,L,E,L,V,L,L,L
7921,La Naranja Mecánica 🍊🛠️,L,L,V,L,E,L,V,E,L,L
7922,La Naranja Mecánica 🍊🛠️,L,L,V,L,E,L,V,E,E,L
7923,La Naranja Mecánica 🍊🛠️,L,L,V,L,E,L,V,E,V,L
7924,La Naranja Mecánica 🍊🛠️,L,L,V,L,E,L,V,L,E,L
7925,La Naranja Mecánica 🍊🛠️,L,L,V,L,E,L,V,L,V,L
7926,La Naranja Mecánica 🍊🛠️,L,L,L,E,E,L,V,L,L,L
7927,La Naranja Mecánica 🍊🛠️,L,L,L,E,E,L,V,E,L,L
7928,La Naranja Mecánica 🍊🛠️,L,L,L,E,E,L,V,E,V,L
7929,La Naranja Mecánica 🍊🛠️,L,L,L,E,E,L,V,L,E,L
7930,La Naranja Mecánica 🍊🛠️,L,L,L,E,E,L,V,L,V,L
7931,La Naranja Mecánica 🍊🛠️,L,L,L,V,E,L,V,L,L,L
7932,La Naranja Mecánica 🍊🛠️,L,L,L,V,E,L,V,E,L,L
7933,La Naranja Mecánica 🍊🛠️,L,L,L,V,E,L,V,E,E,L
7934,La Naranja Mecánica 🍊🛠️,L,L,L,V,E,L,V,E,V,L
7935,La Naranja Mecánica 🍊🛠️,L,L,L,V,E,L,V,L,E,L
7936,La Naranja Mecánica 🍊🛠️,L,L,L,V,E,L,V,L,V,L
7937,La Naranja Mecánica 🍊🛠️,L,L,L,L,E,L,V,L,L,L
7938,La Naranja Mecánica 🍊🛠️,L,L,L,L,E,L,V,E,L,L
7939,La Naranja Mecánica 🍊🛠️,L,L,L,L,E,L,V,E,E,L
7940,La Naranja Mecánica 🍊🛠️,L,L,L,L,E,L,V,E,V,L
7941,La Naranja Mecánica 🍊🛠️,L,L,L,L,E,L,V,L,E,L
7942,La Naranja Mecánica 🍊🛠️,L,L,L,L,E,L,V,L,V,L
7943,La Naranja Mecánica 🍊🛠️,L,L,E,E,L,L,E,L,L,L
7944,La Naranja Mecánica 🍊🛠️,L,L,E,E,L,L,E,L,V,L
7945,La Naranja Mecánica 🍊🛠️,L,L,E,V,L,E,E,L,L,L
7946,La Naranja Mecánica 🍊🛠️,L,L,E,V,L,E,E,L,V,L
7947,La Naranja Mecánica 🍊🛠️,L,L,E,V,L,L,E,L,L,L
7948,La Naranja Mecánica 🍊🛠️,L,L,E,V,L,L,E,E,L,L
7949,La Naranja Mecánica 🍊🛠️,L,L,E,V,L,L,E,E,V,L
7950,La Naranja Mecánica 🍊🛠️,L,L,E,V,L,L,E,L,E,L
7951,La Naranja Mecánica 🍊🛠️,L,L,E,V,L,L,E,L,V,L
7952,La Naranja Mecánica 🍊🛠️,L,L,E,L,L,E,E,L,L,L
7953,La Naranja Mecánica 🍊🛠️,L,L,E,L,L,E,E,L,V,L
7954,La Naranja Mecánica 🍊🛠️,L,L,E,L,L,L,E,L,L,L
7955,La Naranja Mecánica 🍊🛠️,L,L,E,L,L,L,E,E,L,L
7956,La Naranja Mecánica 🍊🛠️,L,L,E,L,L,L,E,E,V,L
7957,La Naranja Mecánica 🍊🛠️,L,L,E,L,L,L,E,L,E,L
7958,La Naranja Mecánica 🍊🛠️,L,L,E,L,L,L,E,L,V,L
7959,La Naranja Mecánica 🍊🛠️,L,L,V,E,L,E,E,L,L,L
7960,La Naranja Mecánica 🍊🛠️,L,L,V,E,L,E,E,L,V,L
7961,La Naranja Mecánica 🍊🛠️,L,L,V,E,L,L,E,L,L,L
7962,La Naranja Mecánica 🍊🛠️,L,L,V,E,L,L,E,E,L,L
7963,La Naranja Mecánica 🍊🛠️,L,L,V,E,L,L,E,E,V,L
7964,La Naranja Mecánica 🍊🛠️,L,L,V,E,L,L,E,L,E,L
7965,La Naranja Mecánica 🍊🛠️,L,L,V,E,L,L,E,L,V,L
7966,La Naranja Mecánica 🍊🛠️,L,L,V,V,L,E,E,L,L,L
7967,La Naranja Mecánica 🍊🛠️,L,L,V,V,L,E,E,E,L,L
7968,La Naranja Mecánica 🍊🛠️,L,L,V,V,L,E,E,E,V,L
7969,La Naranja Mecánica 🍊🛠️,L,L,V,V,L,E,E,L,E,L
7970,La Naranja Mecánica 🍊🛠️,L,L,V,V,L,E,E,L,V,L
7971,La Naranja Mecánica 🍊🛠️,L,L,V,V,L,L,E,L,L,L
7972,La Naranja Mecánica 🍊🛠️,L,L,V,V,L,L,E,E,L,L
7973,La Naranja Mecánica 🍊🛠️,L,L,V,V,L,L,E,E,E,L
7974,La Naranja Mecánica 🍊🛠️,L,L,V,V,L,L,E,E,V,L
7975,La Naranja Mecánica 🍊🛠️,L,L,V,V,L,L,E,L,E,L
7976,La Naranja Mecánica 🍊🛠️,L,L,V,V,L,L,E,L,V,L
7977,La Naranja Mecánica 🍊🛠️,L,L,V,L,L,E,E,L,L,L
7978,La Naranja Mecánica 🍊🛠️,L,L,V,L,L,E,E,E,L,L
7979,La Naranja Mecánica 🍊🛠️,L,L,V,L,L,E,E,E,V,L
7980,La Naranja Mecánica 🍊🛠️,L,L,V,L,L,E,E,L,E,L
7981,La Naranja Mecánica 🍊🛠️,L,L,V,L,L,E,E,L,V,L
7982,La Naranja Mecánica 🍊🛠️,L,L,V,L,L,L,E,L,L,L
7983,La Naranja Mecánica 🍊🛠️,L,L,V,L,L,L,E,E,L,L
7984,La Naranja Mecánica 🍊🛠️,L,L,V,L,L,L,E,E,E,L
7985,La Naranja Mecánica 🍊🛠️,L,L,V,L,L,L,E,E,V,L
7986,La Naranja Mecánica 🍊🛠️,L,L,V,L,L,L,E,L,E,L
7987,La Naranja Mecánica 🍊🛠️,L,L,V,L,L,L,E,L,V,L
7988,La Naranja Mecánica 🍊🛠️,L,L,L,E,L,L,E,L,L,L
7989,La Naranja Mecánica 🍊🛠️,L,L,L,E,L,L,E,E,L,L
7990,La Naranja Mecánica 🍊🛠️,L,L,L,E,L,L,E,E,V,L
7991,La Naranja Mecánica 🍊🛠️,L,L,L,E,L,L,E,L,E,L
7992,La Naranja Mecánica 🍊🛠️,L,L,L,E,L,L,E,L,V,L
7993,La Naranja Mecánica 🍊🛠️,L,L,L,V,L,L,E,L,L,L
7994,La Naranja Mecánica 🍊🛠️,L,L,L,V,L,L,E,E,L,L
7995,La Naranja Mecánica 🍊🛠️,L,L,L,V,L,L,E,E,E,L
7996,La Naranja Mecánica 🍊🛠️,L,L,L,V,L,L,E,E,V,L
7997,La Naranja Mecánica 🍊🛠️,L,L,L,V,L,L,E,L,E,L
7998,La Naranja Mecánica 🍊🛠️,L,L,L,V,L,L,E,L,V,L
7999,La Naranja Mecánica 🍊🛠️,L,L,L,L,L,L,E,L,L,L
8000,La Naranja Mecánica 🍊🛠️,L,L,L,L,L,L,E,E,L,L
8001,La Naranja Mecánica 🍊🛠️,L,L,L,L,L,L,E,E,E,L
8002,La Naranja Mecánica 🍊🛠️,L,L,L,L,L,L,E,E,V,L
8003,La Naranja Mecánica 🍊🛠️,L,L,L,L,L,L,E,L,E,L
8004,La Naranja Mecánica 🍊🛠️,L,L,L,L,L,L,E,L,V,L
8005,La Naranja Mecánica 🍊🛠️,L,L,L,L,L,L,L,L,L,L
8006,La Naranja Mecánica 🍊🛠️,L,L,E,L,L,L,L,L,L,L
8007,La Naranja Mecánica 🍊🛠️,L,L,E,E,L,L,L,L,L,L
8008,La Naranja Mecánica 🍊🛠️,L,L,E,E,L,E,L,L,L,L
8009,La Naranja Mecánica 🍊🛠️,L,L,E,E,L,E,L,L,V,L
8010,La Naranja Mecánica 🍊🛠️,L,L,E,E,L,L,L,E,L,L
8011,La Naranja Mecánica 🍊🛠️,L,L,E,E,L,L,L,E,V,L
8012,La Naranja Mecánica 🍊🛠️,L,L,E,E,L,L,L,L,E,L
8013,La Naranja Mecánica 🍊🛠️,L,L,E,E,L,L,L,L,V,L
8014,La Naranja Mecánica 🍊🛠️,L,L,E,V,L,L,L,L,L,L
8015,La Naranja Mecánica 🍊🛠️,L,L,E,V,L,E,L,L,L,L
8016,La Naranja Mecánica 🍊🛠️,L,L,E,V,L,E,L,E,L,L
8017,La Naranja Mecánica 🍊🛠️,L,L,E,V,L,E,L,E,V,L
8018,La Naranja Mecánica 🍊🛠️,L,L,E,V,L,E,L,L,E,L
8019,La Naranja Mecánica 🍊🛠️,L,L,E,V,L,E,L,L,V,L
8020,La Naranja Mecánica 🍊🛠️,L,L,E,V,L,L,L,E,L,L
8021,La Naranja Mecánica 🍊🛠️,L,L,E,V,L,L,L,E,E,L
8022,La Naranja Mecánica 🍊🛠️,L,L,E,V,L,L,L,E,V,L
8023,La Naranja Mecánica 🍊🛠️,L,L,E,V,L,L,L,L,E,L
8024,La Naranja Mecánica 🍊🛠️,L,L,E,V,L,L,L,L,V,L
8025,La Naranja Mecánica 🍊🛠️,L,L,E,L,L,E,L,L,L,L
8026,La Naranja Mecánica 🍊🛠️,L,L,E,L,L,E,L,E,L,L
8027,La Naranja Mecánica 🍊🛠️,L,L,E,L,L,E,L,E,V,L
8028,La Naranja Mecánica 🍊🛠️,L,L,E,L,L,E,L,L,E,L
8029,La Naranja Mecánica 🍊🛠️,L,L,E,L,L,E,L,L,V,L
8030,La Naranja Mecánica 🍊🛠️,L,L,E,L,L,L,L,E,L,L
8031,La Naranja Mecánica 🍊🛠️,L,L,E,L,L,L,L,E,E,L
8032,La Naranja Mecánica 🍊🛠️,L,L,E,L,L,L,L,E,V,L
8033,La Naranja Mecánica 🍊🛠️,L,L,E,L,L,L,L,L,E,L
8034,La Naranja Mecánica 🍊🛠️,L,L,E,L,L,L,L,L,V,L
8035,La Naranja Mecánica 🍊🛠️,L,L,V,L,L,L,L,L,L,L
8036,La Naranja Mecánica 🍊🛠️,L,L,V,E,L,L,L,L,L,L
8037,La Naranja Mecánica 🍊🛠️,L,L,V,E,L,E,L,L,L,L
8038,La Naranja Mecánica 🍊🛠️,L,L,V,E,L,E,L,E,L,L
8039,La Naranja Mecánica 🍊🛠️,L,L,V,E,L,E,L,E,V,L
8040,La Naranja Mecánica 🍊🛠️,L,L,V,E,L,E,L,L,E,L
8041,La Naranja Mecánica 🍊🛠️,L,L,V,E,L,E,L,L,V,L
8042,La Naranja Mecánica 🍊🛠️,L,L,V,E,L,L,L,E,L,L
8043,La Naranja Mecánica 🍊🛠️,L,L,V,E,L,L,L,E,E,L
8044,La Naranja Mecánica 🍊🛠️,L,L,V,E,L,L,L,E,V,L
8045,La Naranja Mecánica 🍊🛠️,L,L,V,E,L,L,L,L,E,L
8046,La Naranja Mecánica 🍊🛠️,L,L,V,E,L,L,L,L,V,L
8047,La Naranja Mecánica 🍊🛠️,L,L,V,V,L,L,L,L,L,L
8048,La Naranja Mecánica 🍊🛠️,L,L,V,V,L,E,L,L,L,L
8049,La Naranja Mecánica 🍊🛠️,L,L,V,V,L,E,L,E,L,L
8050,La Naranja Mecánica 🍊🛠️,L,L,V,V,L,E,L,E,E,L
8051,La Naranja Mecánica 🍊🛠️,L,L,V,V,L,E,L,E,V,L
8052,La Naranja Mecánica 🍊🛠️,L,L,V,V,L,E,L,L,E,L
8053,La Naranja Mecánica 🍊🛠️,L,L,V,V,L,E,L,L,V,L
8054,La Naranja Mecánica 🍊🛠️,L,L,V,V,L,L,L,E,L,L
8055,La Naranja Mecánica 🍊🛠️,L,L,V,V,L,L,L,E,E,L
8056,La Naranja Mecánica 🍊🛠️,L,L,V,V,L,L,L,E,V,L
8057,La Naranja Mecánica 🍊🛠️,L,L,V,V,L,L,L,L,E,L
8058,La Naranja Mecánica 🍊🛠️,L,L,V,V,L,L,L,L,V,L
8059,La Naranja Mecánica 🍊🛠️,L,L,V,L,L,E,L,L,L,L
8060,La Naranja Mecánica 🍊🛠️,L,L,V,L,L,E,L,E,L,L
8061,La Naranja Mecánica 🍊🛠️,L,L,V,L,L,E,L,E,E,L
8062,La Naranja Mecánica 🍊🛠️,L,L,V,L,L,E,L,E,V,L
8063,La Naranja Mecánica 🍊🛠️,L,L,V,L,L,E,L,L,E,L
8064,La Naranja Mecánica 🍊🛠️,L,L,V,L,L,E,L,L,V,L
8065,La Naranja Mecánica 🍊🛠️,L,L,V,L,L,L,L,E,L,L
8066,La Naranja Mecánica 🍊🛠️,L,L,V,L,L,L,L,E,E,L
8067,La Naranja Mecánica 🍊🛠️,L,L,V,L,L,L,L,E,V,L
8068,La Naranja Mecánica 🍊🛠️,L,L,V,L,L,L,L,L,E,L
8069,La Naranja Mecánica 🍊🛠️,L,L,V,L,L,L,L,L,V,L
8070,La Naranja Mecánica 🍊🛠️,L,L,L,E,L,L,L,L,L,L
8071,La Naranja Mecánica 🍊🛠️,L,L,L,E,L,L,L,E,L,L
8072,La Naranja Mecánica 🍊🛠️,L,L,L,E,L,L,L,E,E,L
8073,La Naranja Mecánica 🍊🛠️,L,L,L,E,L,L,L,E,V,L
8074,La Naranja Mecánica 🍊🛠️,L,L,L,E,L,L,L,L,E,L
8075,La Naranja Mecánica 🍊🛠️,L,L,L,E,L,L,L,L,V,L
8076,La Naranja Mecánica 🍊🛠️,L,L,L,V,L,L,L,L,L,L
8077,La Naranja Mecánica 🍊🛠️,L,L,L,V,L,L,L,E,L,L
8078,La Naranja Mecánica 🍊🛠️,L,L,L,V,L,L,L,E,E,L
8079,La Naranja Mecánica 🍊🛠️,L,L,L,V,L,L,L,E,V,L
8080,La Naranja Mecánica 🍊🛠️,L,L,L,V,L,L,L,L,E,L
8081,La Naranja Mecánica 🍊🛠️,L,L,L,V,L,L,L,L,V,L
8082,La Naranja Mecánica 🍊🛠️,L,L,L,L,L,L,L,E,L,L
8083,La Naranja Mecánica 🍊🛠️,L,L,L,L,L,L,L,E,E,L
8084,La Naranja Mecánica 🍊🛠️,L,L,L,L,L,L,L,E,V,L
8085,La Naranja Mecánica 🍊🛠️,L,L,L,L,L,L,L,L,E,L
8086,La Naranja Mecánica 🍊🛠️,L,L,L,L,L,L,L,L,V,L
8087,La Naranja Mecánica 🍊🛠️,L,L,E,E,L,E,V,L,L,L
8088,La Naranja Mecánica 🍊🛠️,L,L,E,E,L,E,V,L,V,L
8089,La Naranja Mecánica 🍊🛠️,L,L,E,E,L,L,V,L,L,L
8090,La Naranja Mecánica 🍊🛠️,L,L,E,E,L,L,V,E,L,L
8091,La Naranja Mecánica 🍊🛠️,L,L,E,E,L,L,V,E,V,L
8092,La Naranja Mecánica 🍊🛠️,L,L,E,E,L,L,V,L,E,L
8093,La Naranja Mecánica 🍊🛠️,L,L,E,E,L,L,V,L,V,L
8094,La Naranja Mecánica 🍊🛠️,L,L,E,V,L,E,V,L,L,L
8095,La Naranja Mecánica 🍊🛠️,L,L,E,V,L,E,V,E,L,L
8096,La Naranja Mecánica 🍊🛠️,L,L,E,V,L,E,V,E,V,L
8097,La Naranja Mecánica 🍊🛠️,L,L,E,V,L,E,V,L,E,L
8098,La Naranja Mecánica 🍊🛠️,L,L,E,V,L,E,V,L,V,L
8099,La Naranja Mecánica 🍊🛠️,L,L,E,V,L,L,V,L,L,L
8100,La Naranja Mecánica 🍊🛠️,L,L,E,V,L,L,V,E,L,L
8101,La Naranja Mecánica 🍊🛠️,L,L,E,V,L,L,V,E,E,L
8102,La Naranja Mecánica 🍊🛠️,L,L,E,V,L,L,V,E,V,L
8103,La Naranja Mecánica 🍊🛠️,L,L,E,V,L,L,V,L,E,L
8104,La Naranja Mecánica 🍊🛠️,L,L,E,V,L,L,V,L,V,L
8105,La Naranja Mecánica 🍊🛠️,L,L,E,L,L,E,V,L,L,L
8106,La Naranja Mecánica 🍊🛠️,L,L,E,L,L,E,V,E,L,L
8107,La Naranja Mecánica 🍊🛠️,L,L,E,L,L,E,V,E,V,L
8108,La Naranja Mecánica 🍊🛠️,L,L,E,L,L,E,V,L,E,L
8109,La Naranja Mecánica 🍊🛠️,L,L,E,L,L,E,V,L,V,L
8110,La Naranja Mecánica 🍊🛠️,L,L,E,L,L,L,V,L,L,L
8111,La Naranja Mecánica 🍊🛠️,L,L,E,L,L,L,V,E,L,L
8112,La Naranja Mecánica 🍊🛠️,L,L,E,L,L,L,V,E,E,L
8113,La Naranja Mecánica 🍊🛠️,L,L,E,L,L,L,V,E,V,L
8114,La Naranja Mecánica 🍊🛠️,L,L,E,L,L,L,V,L,E,L
8115,La Naranja Mecánica 🍊🛠️,L,L,E,L,L,L,V,L,V,L
8116,La Naranja Mecánica 🍊🛠️,L,L,V,E,L,E,V,L,L,L
8117,La Naranja Mecánica 🍊🛠️,L,L,V,E,L,E,V,E,L,L
8118,La Naranja Mecánica 🍊🛠️,L,L,V,E,L,E,V,E,V,L
8119,La Naranja Mecánica 🍊🛠️,L,L,V,E,L,E,V,L,E,L
8120,La Naranja Mecánica 🍊🛠️,L,L,V,E,L,E,V,L,V,L
8121,La Naranja Mecánica 🍊🛠️,L,L,V,E,L,L,V,L,L,L
8122,La Naranja Mecánica 🍊🛠️,L,L,V,E,L,L,V,E,L,L
8123,La Naranja Mecánica 🍊🛠️,L,L,V,E,L,L,V,E,E,L
8124,La Naranja Mecánica 🍊🛠️,L,L,V,E,L,L,V,E,V,L
8125,La Naranja Mecánica 🍊🛠️,L,L,V,E,L,L,V,L,E,L
8126,La Naranja Mecánica 🍊🛠️,L,L,V,E,L,L,V,L,V,L
8127,La Naranja Mecánica 🍊🛠️,L,L,V,V,L,E,V,L,L,L
8128,La Naranja Mecánica 🍊🛠️,L,L,V,V,L,E,V,E,L,L
8129,La Naranja Mecánica 🍊🛠️,L,L,V,V,L,E,V,E,E,L
8130,La Naranja Mecánica 🍊🛠️,L,L,V,V,L,E,V,E,V,L
8131,La Naranja Mecánica 🍊🛠️,L,L,V,V,L,E,V,L,E,L
8132,La Naranja Mecánica 🍊🛠️,L,L,V,V,L,E,V,L,V,L
8133,La Naranja Mecánica 🍊🛠️,L,L,V,V,L,L,V,L,L,L
8134,La Naranja Mecánica 🍊🛠️,L,L,V,V,L,L,V,E,L,L
8135,La Naranja Mecánica 🍊🛠️,L,L,V,V,L,L,V,E,E,L
8136,La Naranja Mecánica 🍊🛠️,L,L,V,V,L,L,V,E,V,L
8137,La Naranja Mecánica 🍊🛠️,L,L,V,V,L,L,V,L,E,L
8138,La Naranja Mecánica 🍊🛠️,L,L,V,V,L,L,V,L,V,L
8139,La Naranja Mecánica 🍊🛠️,L,L,V,L,L,E,V,L,L,L
8140,La Naranja Mecánica 🍊🛠️,L,L,V,L,L,E,V,E,L,L
8141,La Naranja Mecánica 🍊🛠️,L,L,V,L,L,E,V,E,E,L
8142,La Naranja Mecánica 🍊🛠️,L,L,V,L,L,E,V,E,V,L
8143,La Naranja Mecánica 🍊🛠️,L,L,V,L,L,E,V,L,E,L
8144,La Naranja Mecánica 🍊🛠️,L,L,V,L,L,E,V,L,V,L
8145,La Naranja Mecánica 🍊🛠️,L,L,V,L,L,L,V,L,L,L
8146,La Naranja Mecánica 🍊🛠️,L,L,V,L,L,L,V,E,L,L
8147,La Naranja Mecánica 🍊🛠️,L,L,V,L,L,L,V,E,E,L
8148,La Naranja Mecánica 🍊🛠️,L,L,V,L,L,L,V,E,V,L
8149,La Naranja Mecánica 🍊🛠️,L,L,V,L,L,L,V,L,E,L
8150,La Naranja Mecánica 🍊🛠️,L,L,V,L,L,L,V,L,V,L
8151,La Naranja Mecánica 🍊🛠️,L,L,L,E,L,L,V,L,L,L
8152,La Naranja Mecánica 🍊🛠️,L,L,L,E,L,L,V,E,L,L
8153,La Naranja Mecánica 🍊🛠️,L,L,L,E,L,L,V,E,E,L
8154,La Naranja Mecánica 🍊🛠️,L,L,L,E,L,L,V,E,V,L
8155,La Naranja Mecánica 🍊🛠️,L,L,L,E,L,L,V,L,E,L
8156,La Naranja Mecánica 🍊🛠️,L,L,L,E,L,L,V,L,V,L
8157,La Naranja Mecánica 🍊🛠️,L,L,L,V,L,L,V,L,L,L
8158,La Naranja Mecánica 🍊🛠️,L,L,L,V,L,L,V,E,L,L
8159,La Naranja Mecánica 🍊🛠️,L,L,L,V,L,L,V,E,E,L
8160,La Naranja Mecánica 🍊🛠️,L,L,L,V,L,L,V,E,V,L
8161,La Naranja Mecánica 🍊🛠️,L,L,L,V,L,L,V,L,E,L
8162,La Naranja Mecánica 🍊🛠️,L,L,L,V,L,L,V,L,V,L
8163,La Naranja Mecánica 🍊🛠️,L,L,L,L,L,L,V,L,L,L
8164,La Naranja Mecánica 🍊🛠️,L,L,L,L,L,L,V,E,L,L
8165,La Naranja Mecánica 🍊🛠️,L,L,L,L,L,L,V,E,E,L
8166,La Naranja Mecánica 🍊🛠️,L,L,L,L,L,L,V,E,V,L
8167,La Naranja Mecánica 🍊🛠️,L,L,L,L,L,L,V,L,E,L
8168,La Naranja Mecánica 🍊🛠️,L,L,L,L,L,L,V,L,V,L
8169,La pantera 77,L,V,V,L,E,E,L,L,E,L
8170,La pantera 77,L,E,V,V,L,L,L,E,L,E
8171,La pantera 77,L,E,V,E,E,L,E,L,L,L
8172,La pantera 77,L,L,V,L,L,L,L,L,L,V
8173,La pantera 77,L,E,V,L,E,E,L,V,E,E
8174,La patrona,L,V,V,L,L,E,L,L,L,E
8175,La patrona,V,V,L,L,V,V,L,L,E,V
8176,La tocha,L,E,E,V,L,E,E,L,L,L
8177,La tocha,L,V,V,E,L,L,V,E,E,E
8178,La tocha,L,E,V,L,E,L,E,L,E,L
8179,La tocha,L,L,E,E,E,V,L,V,V,V
8180,La tocha,L,E,E,E,E,L,E,E,L,E
8181,La tocha,L,L,V,L,V,L,V,E,E,E
8182,LADETENCION DE QUETU,E,L,V,E,V,E,E,L,L,V
8183,Lalito López,L,E,L,L,L,L,E,E,E,E
8184,Lalito López,L,L,E,L,E,L,V,L,V,E
8185,Lalito López,L,L,E,V,L,E,L,V,E,L
8186,Lalito López,L,E,V,V,E,V,V,V,L,V
8187,Lalito López ,L,L,V,L,L,L,L,L,L,L
8188,Lalito López ,L,L,V,L,L,L,V,L,L,L
8189,Lalito López ,L,L,V,L,L,L,L,L,L,L
8190,Lalito López ,L,L,V,L,E,L,L,L,L,L
8191,Lalito López ,L,V,V,L,L,L,L,L,L,L
8192,Lalito López ,L,V,V,L,E,L,L,L,L,L
8193,Lalito López ,L,V,V,L,L,L,L,L,L,L
8194,Lalito López ,L,V,V,L,L,L,L,L,E,L
8195,Lalito López ,L,V,V,L,E,L,L,L,L,L
8196,Lalito López ,L,V,V,L,E,L,L,L,E,L
8197,Lalito López ,L,E,V,L,L,L,L,L,L,L
8198,Lalito López ,L,E,V,L,L,L,L,L,E,L
8199,Lalito López ,L,E,V,L,E,L,L,L,L,L
8200,Lalito López ,L,E,V,L,E,L,L,L,E,L
8201,Lalito López ,L,L,V,L,L,L,L,L,L,L
8202,Lalito López ,L,L,V,L,E,L,L,L,L,L
8203,Lalito López ,L,L,E,L,L,L,L,L,L,L
8204,Lalito López ,L,L,E,L,E,L,L,L,L,L
8205,Lalito López ,L,V,V,L,L,L,L,L,L,L
8206,Lalito López ,L,V,V,L,E,L,L,L,L,L
8207,Lalito López ,L,V,E,L,L,L,L,L,L,L
8208,Lalito López ,L,V,E,L,E,L,L,L,L,L
8209,Lalito López ,L,V,V,L,L,L,L,L,L,L
8210,Lalito López ,L,V,V,L,E,L,L,L,L,L
8211,Lalito López ,L,V,V,L,E,L,E,L,L,L
8212,Lalito López ,L,E,V,L,E,L,E,L,L,L
8213,LALO VILLA,L,L,E,E,L,L,E,L,L,L
8214,LALO VILLA,L,E,V,V,E,V,L,L,L,E
8215,LALO VILLA,L,L,V,V,L,L,L,L,L,L
8216,LALO VILLA,L,V,E,E,E,V,L,L,E,L
8217,LANGARICA,E,E,V,V,L,L,L,L,L,E
8218,LANGARICA,L,V,V,E,V,L,E,E,L,L
8219,LANGARICA,L,E,E,L,E,V,V,V,E,L
8220,Latg,L,L,L,V,E,V,L,E,E,V
8221,Latg,L,L,L,E,L,E,E,L,L,E
8222,Latg,L,V,L,E,V,L,E,E,V,V
8223,Latg,E,E,E,E,E,E,L,L,V,V
8224,Latg,L,V,V,E,L,L,E,L,E,V
8225,Lau Álvarez,L,E,E,V,L,E,E,E,E,L
8226,Lau Álvarez,L,V,V,V,L,L,L,V,E,L
8227,Lau Álvarez,L,E,E,E,E,V,V,E,L,E
8228,LAURA GARCÍA,L,V,V,L,V,L,E,L,E,L
8229,Le peje ,V,L,V,V,L,L,V,L,V,E
8230,Le peje ,V,L,V,V,L,L,E,L,V,E
8231,LEAH NAOMI🟰🟰🟰🟰,L,V,V,V,L,L,V,L,V,L
8232,LEAH NAOMI🟰🟰🟰🟰,L,V,V,V,L,L,L,E,E,L
8233,LEGUSA,L,L,V,L,L,L,E,E,L,L
8234,LEITO RAMOS ,L,L,V,L,L,L,L,L,E,L
8235,LEITO RAMOS ,L,L,V,L,L,L,L,L,V,L
8236,LEITO RAMOS ,L,L,V,L,L,L,V,L,E,L
8237,LEITO RAMOS ,L,L,V,L,L,L,V,L,V,L
8238,LEITO RAMOS ,L,V,V,L,L,L,L,L,E,L
8239,LEITO RAMOS ,L,V,V,L,L,L,L,L,V,L
8240,LEITO RAMOS ,L,V,V,L,L,L,V,L,E,L
8241,LEITO RAMOS ,L,V,V,L,L,L,V,L,V,L
8242,LEITO RAMOS ,L,E,V,L,L,L,E,L,L,E
8243,LEITO RAMOS ,L,E,V,L,L,L,V,L,L,E
8244,LEITO RAMOS ,L,V,V,L,L,L,E,L,L,E
8245,LEITO RAMOS ,L,V,V,L,L,L,V,L,L,E
8246,LEITO RAMOS ,L,E,V,V,L,L,E,L,V,V
8247,LEITO RAMOS ,L,L,V,V,L,L,E,L,V,V
8248,Lemus Zavala 👟⚽️ ,L,V,V,V,L,L,L,L,L,V
8249,Lemus Zavala 👟⚽️ ,L,V,V,E,L,L,L,L,L,V
8250,Lemus Zavala 👟⚽️ ,L,E,V,V,L,L,L,L,L,V
8251,Lemus Zavala 👟⚽️ ,L,E,V,E,L,L,L,L,L,V
8252,Leobardo y leonel ,L,E,L,L,L,L,E,L,E,L
8253,Leobardo y leonel ,L,E,L,L,L,L,E,L,V,L
8254,Leobardo y leonel ,L,E,L,E,L,L,E,L,E,L
8255,Leobardo y leonel ,L,E,L,E,L,L,E,L,V,L
8256,Leobardo y leonel ,L,E,L,V,L,L,E,L,E,L
8257,Leobardo y leonel ,L,E,L,V,L,L,E,L,V,L
8258,Leobardo y leonel ,L,E,V,L,L,L,E,L,E,L
8259,Leobardo y leonel ,L,E,V,L,L,L,E,L,V,L
8260,Leobardo y leonel ,L,E,V,E,L,L,E,L,E,L
8261,Leobardo y leonel ,L,E,V,E,L,L,E,L,V,L
8262,Leobardo y leonel ,L,E,V,V,L,L,E,L,E,L
8263,Leobardo y leonel ,L,E,V,V,L,L,E,L,V,L
8264,Leobardo y leonel ,L,V,L,L,L,L,E,L,E,L
8265,Leobardo y leonel ,L,V,L,L,L,L,E,L,V,L
8266,Leobardo y leonel ,L,V,L,E,L,L,E,L,E,L
8267,Leobardo y leonel ,L,V,L,E,L,L,E,L,V,L
8268,Leobardo y leonel ,L,V,L,V,L,L,E,L,E,L
8269,Leobardo y leonel ,L,V,L,V,L,L,E,L,V,L
8270,Leobardo y leonel ,L,V,V,L,L,L,E,L,E,L
8271,Leobardo y leonel ,L,V,V,L,L,L,E,L,V,L
8272,Leobardo y leonel ,L,V,V,E,L,L,E,L,E,L
8273,Leobardo y leonel ,L,V,V,E,L,L,E,L,V,L
8274,Leobardo y leonel ,L,V,V,V,L,L,E,L,E,L
8275,Leobardo y leonel ,L,V,V,V,L,L,E,L,V,L
8276,Leobardo y leonel ,L,E,V,E,L,L,V,L,V,L
8277,Leobardo y leonel ,L,V,V,E,L,L,V,L,V,L
8278,Leobardo y leonel ,L,L,V,E,L,L,L,V,L,E
8279,Leobardo y leonel ,L,L,V,E,L,L,E,V,L,E
8280,Leobardo y leonel ,L,E,V,E,L,L,L,V,L,E
8281,Leobardo y leonel ,L,E,V,E,L,L,E,V,L,E
8282,Leobas ,L,V,V,L,L,L,L,L,L,E
8283,Leobas ,L,V,V,L,L,L,L,L,E,E
8284,Leobas ,L,V,V,L,V,L,L,L,L,E
8285,Leobas ,L,V,V,L,V,L,L,L,E,E
8286,Leon87,L,E,V,E,L,L,L,L,L,E
8287,Leon87,E,L,E,E,E,L,V,E,E,V
8288,Leon87,L,V,V,V,L,E,E,L,E,L
8289,Leon87,L,L,V,L,E,V,E,L,E,E
8290,Leon87,L,E,V,E,L,L,L,L,E,E
8291,LEONARDO AGUA 1,L,L,V,L,L,L,V,L,L,L
8292,LEONARDO AGUA 2,L,L,V,E,L,L,E,E,L,L
8293,Leonardo Hernández,V,E,E,L,L,E,L,V,L,V
8294,Leonardo Hernández,L,E,E,L,L,E,V,V,V,L
8295,Leonardo Hernández,L,E,V,L,V,E,L,E,E,V
8296,Leonardo Hernández,L,L,V,L,L,V,L,L,V,V
8297,Leonardo Hernández,V,V,L,L,L,L,V,V,V,L
8298,Leonardo Hernández,L,V,V,L,V,V,L,V,V,V
8299,Leonardo Hernández,L,V,L,L,L,V,L,L,L,L
8300,Leonardo Hernández,V,V,E,L,L,V,V,V,E,E
8301,Leonardo Ruelas,L,V,V,L,L,L,V,V,E,L
8302,Leonardo Ruelas,L,V,V,V,L,L,L,L,V,L
8303,Leonardonnevarez,L,E,V,E,L,L,E,L,V,V
8304,Leonardonnevarez,E,V,V,L,E,L,V,L,E,V
8305,Leonardonnevarez,L,V,E,V,V,E,L,L,L,V
8306,Leonardonnevarez,E,L,E,L,E,L,L,E,V,L
8307,Leonardonnevarez,L,E,V,E,L,V,E,L,E,V
8308,Leonel 03,L,V,V,V,L,L,V,L,V,L
8309,Leonel 03,L,L,V,V,L,L,L,V,L,L
8310,Leonel 03,V,L,V,L,V,E,L,L,E,E
8311,LGS,L,V,E,E,L,E,L,L,V,L
8312,Lic.Pollote,L,V,V,V,L,L,L,L,V,L
8313,Lic.Pollote,L,L,L,L,V,E,E,L,V,E
8314,Lila b r,L,V,V,V,L,L,L,L,L,L
8315,Lila b r,L,V,V,V,L,L,V,L,L,L
8316,Lila b r,L,E,V,L,L,L,V,L,L,L
8317,Línder 1,L,L,V,L,E,L,V,E,L,V
8318,Línder 2,E,V,L,E,V,V,E,V,L,V
8319,Lío Gio,L,V,V,L,L,V,V,L,V,V
8320,Lío Gio,L,E,V,E,L,L,E,L,L,L
8321,Lío Gio,L,L,V,L,L,L,V,V,V,E
8322,Lío Gio,L,V,V,L,L,L,V,E,V,L
8323,Lío Gio,L,V,V,L,L,L,V,L,L,L
8324,Lío Gio,L,V,V,V,L,L,E,E,V,L
8325,LocoNorc,L,E,V,V,L,L,L,L,E,E
8326,LocoNorc,L,V,V,E,L,L,E,L,V,L
8327,LocoNorc,L,E,V,V,L,L,V,L,V,L
8328,Looney ,L,L,V,L,L,L,L,L,L,L
8329,Looney ,L,L,V,L,L,L,L,L,E,L
8330,Looney ,L,L,V,L,L,L,L,L,V,L
8331,Looney ,L,L,V,L,L,L,L,E,L,L
8332,Looney ,L,L,V,L,L,L,L,E,E,L
8333,Looney ,L,L,V,L,L,L,L,E,V,L
8334,Looney ,L,L,V,L,L,L,L,V,L,L
8335,Looney ,L,L,V,L,L,L,L,V,E,L
8336,Looney ,L,L,V,L,L,L,L,V,V,L
8337,Looney ,L,L,V,L,L,L,E,L,L,L
8338,Looney ,L,L,V,L,L,L,E,L,E,L
8339,Looney ,L,L,V,L,L,L,E,L,V,L
8340,Looney ,L,L,V,L,L,L,E,E,L,L
8341,Looney ,L,L,V,L,L,L,E,E,E,L
8342,Looney ,L,L,V,L,L,L,E,E,V,L
8343,Looney ,L,L,V,L,L,L,E,V,L,L
8344,Looney ,L,L,V,L,L,L,E,V,E,L
8345,Looney ,L,L,V,L,L,L,E,V,V,L
8346,Looney ,L,L,V,L,L,L,V,L,L,L
8347,Looney ,L,L,V,L,L,L,V,L,E,L
8348,Looney ,L,L,V,L,L,L,V,L,V,L
8349,Looney ,L,L,V,L,L,L,V,E,L,L
8350,Looney ,L,L,V,L,L,L,V,E,E,L
8351,Looney ,L,L,V,L,L,L,V,E,V,L
8352,Looney ,L,L,V,L,L,L,V,V,L,L
8353,Looney ,L,L,V,L,L,L,V,V,E,L
8354,Looney ,L,L,V,L,L,L,V,V,V,L
8355,Looney ,L,L,V,L,L,E,L,L,L,L
8356,Looney ,L,L,V,L,L,E,L,L,E,L
8357,Looney ,L,L,V,L,L,E,L,L,V,L
8358,Looney ,L,L,V,L,L,E,L,E,L,L
8359,Looney ,L,L,V,L,L,E,L,E,E,L
8360,Looney ,L,L,V,L,L,E,L,E,V,L
8361,Looney ,L,L,V,L,L,E,L,V,L,L
8362,Looney ,L,L,V,L,L,E,L,V,E,L
8363,Looney ,L,L,V,L,L,E,L,V,V,L
8364,Looney ,L,L,V,L,L,E,E,L,L,L
8365,Looney ,L,L,V,L,L,E,E,L,E,L
8366,Looney ,L,L,V,L,L,E,E,L,V,L
8367,Looney ,L,L,V,L,L,E,E,E,L,L
8368,Looney ,L,L,V,L,L,E,E,E,E,L
8369,Looney ,L,L,V,L,L,E,E,E,V,L
8370,Looney ,L,L,V,L,L,E,E,V,L,L
8371,Looney ,L,L,V,L,L,E,E,V,E,L
8372,Looney ,L,L,V,L,L,E,E,V,V,L
8373,Looney ,L,L,V,L,L,E,V,L,L,L
8374,Looney ,L,L,V,L,L,E,V,L,E,L
8375,Looney ,L,L,V,L,L,E,V,L,V,L
8376,Looney ,L,L,V,L,L,E,V,E,L,L
8377,Looney ,L,L,V,L,L,E,V,E,E,L
8378,Looney ,L,L,V,L,L,E,V,E,V,L
8379,Looney ,L,L,V,L,L,E,V,V,L,L
8380,Looney ,L,L,V,L,L,E,V,V,E,L
8381,Looney ,L,L,V,L,L,E,V,V,V,L
8382,Looney ,L,L,V,L,L,V,L,L,L,L
8383,Looney ,L,L,V,L,L,V,L,L,E,L
8384,Looney ,L,L,V,L,L,V,L,L,V,L
8385,Looney ,L,L,V,L,L,V,L,E,L,L
8386,Looney ,L,L,V,L,L,V,L,E,E,L
8387,Looney ,L,L,V,L,L,V,L,E,V,L
8388,Looney ,L,L,V,L,L,V,L,V,L,L
8389,Looney ,L,L,V,L,L,V,L,V,E,L
8390,Looney ,L,L,V,L,L,V,L,V,V,L
8391,Looney ,L,L,V,L,L,V,E,L,L,L
8392,Looney ,L,L,V,L,L,V,E,L,E,L
8393,Looney ,L,L,V,L,L,V,E,L,V,L
8394,Looney ,L,L,V,L,L,V,E,E,L,L
8395,Looney ,L,L,V,L,L,V,E,E,E,L
8396,Looney ,L,L,V,L,L,V,E,E,V,L
8397,Looney ,L,L,V,L,L,V,E,V,L,L
8398,Looney ,L,L,V,L,L,V,E,V,E,L
8399,Looney ,L,L,V,L,L,V,E,V,V,L
8400,Looney ,L,L,V,L,L,V,V,L,L,L
8401,Looney ,L,L,V,L,L,V,V,L,E,L
8402,Looney ,L,L,V,L,L,V,V,L,V,L
8403,Looney ,L,L,V,L,L,V,V,E,L,L
8404,Looney ,L,L,V,L,L,V,V,E,E,L
8405,Looney ,L,L,V,L,L,V,V,E,V,L
8406,Looney ,L,L,V,L,L,V,V,V,L,L
8407,Looney ,L,L,V,L,L,V,V,V,E,L
8408,Looney ,L,L,V,L,L,V,V,V,V,L
8409,Looney ,L,L,V,E,L,L,L,L,L,L
8410,Looney ,L,L,V,E,L,L,L,L,E,L
8411,Looney ,L,L,V,E,L,L,L,L,V,L
8412,Looney ,L,L,V,E,L,L,L,E,L,L
8413,Looney ,L,L,V,E,L,L,L,E,E,L
8414,Looney ,L,L,V,E,L,L,L,E,V,L
8415,Looney ,L,L,V,E,L,L,L,V,L,L
8416,Looney ,L,L,V,E,L,L,L,V,E,L
8417,Looney ,L,L,V,E,L,L,L,V,V,L
8418,Looney ,L,L,V,E,L,L,E,L,L,L
8419,Looney ,L,L,V,E,L,L,E,L,E,L
8420,Looney ,L,L,V,E,L,L,E,L,V,L
8421,Looney ,L,L,V,E,L,L,E,E,L,L
8422,Looney ,L,L,V,E,L,L,E,E,E,L
8423,Looney ,L,L,V,E,L,L,E,E,V,L
8424,Looney ,L,L,V,E,L,L,E,V,L,L
8425,Looney ,L,L,V,E,L,L,E,V,E,L
8426,Looney ,L,L,V,E,L,L,E,V,V,L
8427,Looney ,L,L,V,E,L,L,V,L,L,L
8428,Looney ,L,L,V,E,L,L,V,L,E,L
8429,Looney ,L,L,V,E,L,L,V,L,V,L
8430,Looney ,L,L,V,E,L,L,V,E,L,L
8431,Looney ,L,L,V,E,L,L,V,E,E,L
8432,Looney ,L,L,V,E,L,L,V,E,V,L
8433,Looney ,L,L,V,E,L,L,V,V,L,L
8434,Looney ,L,L,V,E,L,L,V,V,E,L
8435,Looney ,L,L,V,E,L,L,V,V,V,L
8436,Looney ,L,L,V,E,L,E,L,L,L,L
8437,Looney ,L,L,V,E,L,E,L,L,E,L
8438,Looney ,L,L,V,E,L,E,L,L,V,L
8439,Looney ,L,L,V,E,L,E,L,E,L,L
8440,Looney ,L,L,V,E,L,E,L,E,E,L
8441,Looney ,L,L,V,E,L,E,L,E,V,L
8442,Looney ,L,L,V,E,L,E,L,V,L,L
8443,Looney ,L,L,V,E,L,E,L,V,E,L
8444,Looney ,L,L,V,E,L,E,L,V,V,L
8445,Looney ,L,L,V,E,L,E,E,L,L,L
8446,Looney ,L,L,V,E,L,E,E,L,E,L
8447,Looney ,L,L,V,E,L,E,E,L,V,L
8448,Looney ,L,L,V,E,L,E,E,E,L,L
8449,Looney ,L,L,V,E,L,E,E,E,E,L
8450,Looney ,L,L,V,E,L,E,E,E,V,L
8451,Looney ,L,L,V,E,L,E,E,V,L,L
8452,Looney ,L,L,V,E,L,E,E,V,E,L
8453,Looney ,L,L,V,E,L,E,E,V,V,L
8454,Looney ,L,L,V,E,L,E,V,L,L,L
8455,Looney ,L,L,V,E,L,E,V,L,E,L
8456,Looney ,L,L,V,E,L,E,V,L,V,L
8457,Looney ,L,L,V,E,L,E,V,E,L,L
8458,Looney ,L,L,V,E,L,E,V,E,E,L
8459,Looney ,L,L,V,E,L,E,V,E,V,L
8460,Looney ,L,L,V,E,L,E,V,V,L,L
8461,Looney ,L,L,V,E,L,E,V,V,E,L
8462,Looney ,L,L,V,E,L,E,V,V,V,L
8463,Looney ,L,L,V,E,L,V,L,L,L,L
8464,Looney ,L,L,V,E,L,V,L,L,E,L
8465,Looney ,L,L,V,E,L,V,L,L,V,L
8466,Looney ,L,L,V,E,L,V,L,E,L,L
8467,Looney ,L,L,V,E,L,V,L,E,E,L
8468,Looney ,L,L,V,E,L,V,L,E,V,L
8469,Looney ,L,L,V,E,L,V,L,V,L,L
8470,Looney ,L,L,V,E,L,V,L,V,E,L
8471,Looney ,L,L,V,E,L,V,L,V,V,L
8472,Looney ,L,L,V,E,L,V,E,L,L,L
8473,Looney ,L,L,V,E,L,V,E,L,E,L
8474,Looney ,L,L,V,E,L,V,E,L,V,L
8475,Looney ,L,L,V,E,L,V,E,E,L,L
8476,Looney ,L,L,V,E,L,V,E,E,E,L
8477,Looney ,L,L,V,E,L,V,E,E,V,L
8478,Looney ,L,L,V,E,L,V,E,V,L,L
8479,Looney ,L,L,V,E,L,V,E,V,E,L
8480,Looney ,L,L,V,E,L,V,E,V,V,L
8481,Looney ,L,L,V,E,L,V,V,L,L,L
8482,Looney ,L,L,V,E,L,V,V,L,E,L
8483,Looney ,L,L,V,E,L,V,V,L,V,L
8484,Looney ,L,L,V,E,L,V,V,E,L,L
8485,Looney ,L,L,V,E,L,V,V,E,E,L
8486,Looney ,L,L,V,E,L,V,V,E,V,L
8487,Looney ,L,L,V,E,L,V,V,V,L,L
8488,Looney ,L,L,V,E,L,V,V,V,E,L
8489,Looney ,L,L,V,E,L,V,V,V,V,L
8490,Looney ,L,L,V,V,L,L,L,L,L,L
8491,Looney ,L,L,V,V,L,L,L,L,E,L
8492,Looney ,L,L,V,V,L,L,L,L,V,L
8493,Looney ,L,L,V,V,L,L,L,E,L,L
8494,Looney ,L,L,V,V,L,L,L,E,E,L
8495,Looney ,L,L,V,V,L,L,L,E,V,L
8496,Looney ,L,L,V,V,L,L,L,V,L,L
8497,Looney ,L,L,V,V,L,L,L,V,E,L
8498,Looney ,L,L,V,V,L,L,L,V,V,L
8499,Looney ,L,L,V,V,L,L,E,L,L,L
8500,Looney ,L,L,V,V,L,L,E,L,E,L
8501,Looney ,L,L,V,V,L,L,E,L,V,L
8502,Looney ,L,L,V,V,L,L,E,E,L,L
8503,Looney ,L,L,V,V,L,L,E,E,E,L
8504,Looney ,L,L,V,V,L,L,E,E,V,L
8505,Looney ,L,L,V,V,L,L,E,V,L,L
8506,Looney ,L,L,V,V,L,L,E,V,E,L
8507,Looney ,L,L,V,V,L,L,E,V,V,L
8508,Looney ,L,L,V,V,L,L,V,L,L,L
8509,Looney ,L,L,V,V,L,L,V,L,E,L
8510,Looney ,L,L,V,V,L,L,V,L,V,L
8511,Looney ,L,L,V,V,L,L,V,E,L,L
8512,Looney ,L,L,V,V,L,L,V,E,E,L
8513,Looney ,L,L,V,V,L,L,V,E,V,L
8514,Looney ,L,L,V,V,L,L,V,V,L,L
8515,Looney ,L,L,V,V,L,L,V,V,E,L
8516,Looney ,L,L,V,V,L,L,V,V,V,L
8517,Looney ,L,L,V,V,L,E,L,L,L,L
8518,Looney ,L,L,V,V,L,E,L,L,E,L
8519,Looney ,L,L,V,V,L,E,L,L,V,L
8520,Looney ,L,L,V,V,L,E,L,E,L,L
8521,Looney ,L,L,V,V,L,E,L,E,E,L
8522,Looney ,L,L,V,V,L,E,L,E,V,L
8523,Looney ,L,L,V,V,L,E,L,V,L,L
8524,Looney ,L,L,V,V,L,E,L,V,E,L
8525,Looney ,L,L,V,V,L,E,L,V,V,L
8526,Looney ,L,L,V,V,L,E,E,L,L,L
8527,Looney ,L,L,V,V,L,E,E,L,E,L
8528,Looney ,L,L,V,V,L,E,E,L,V,L
8529,Looney ,L,L,V,V,L,E,E,E,L,L
8530,Looney ,L,L,V,V,L,E,E,E,E,L
8531,Looney ,L,L,V,V,L,E,E,E,V,L
8532,Looney ,L,L,V,V,L,E,E,V,L,L
8533,Looney ,L,L,V,V,L,E,E,V,E,L
8534,Looney ,L,L,V,V,L,E,E,V,V,L
8535,Looney ,L,L,V,V,L,E,V,L,L,L
8536,Looney ,L,L,V,V,L,E,V,L,E,L
8537,Looney ,L,L,V,V,L,E,V,L,V,L
8538,Looney ,L,L,V,V,L,E,V,E,L,L
8539,Looney ,L,L,V,V,L,E,V,E,E,L
8540,Looney ,L,L,V,V,L,E,V,E,V,L
8541,Looney ,L,L,V,V,L,E,V,V,L,L
8542,Looney ,L,L,V,V,L,E,V,V,E,L
8543,Looney ,L,L,V,V,L,E,V,V,V,L
8544,Looney ,L,L,V,V,L,V,L,L,L,L
8545,Looney ,L,L,V,V,L,V,L,L,E,L
8546,Looney ,L,L,V,V,L,V,L,L,V,L
8547,Looney ,L,L,V,V,L,V,L,E,L,L
8548,Looney ,L,L,V,V,L,V,L,E,E,L
8549,Looney ,L,L,V,V,L,V,L,E,V,L
8550,Looney ,L,L,V,V,L,V,L,V,L,L
8551,Looney ,L,L,V,V,L,V,L,V,E,L
8552,Looney ,L,L,V,V,L,V,L,V,V,L
8553,Looney ,L,L,V,V,L,V,E,L,L,L
8554,Looney ,L,L,V,V,L,V,E,L,E,L
8555,Looney ,L,L,V,V,L,V,E,L,V,L
8556,Looney ,L,L,V,V,L,V,E,E,L,L
8557,Looney ,L,L,V,V,L,V,E,E,E,L
8558,Looney ,L,L,V,V,L,V,E,E,V,L
8559,Looney ,L,L,V,V,L,V,E,V,L,L
8560,Looney ,L,L,V,V,L,V,E,V,E,L
8561,Looney ,L,L,V,V,L,V,E,V,V,L
8562,Looney ,L,L,V,V,L,V,V,L,L,L
8563,Looney ,L,L,V,V,L,V,V,L,E,L
8564,Looney ,L,L,V,V,L,V,V,L,V,L
8565,Looney ,L,L,V,V,L,V,V,E,L,L
8566,Looney ,L,L,V,V,L,V,V,E,E,L
8567,Looney ,L,L,V,V,L,V,V,E,V,L
8568,Looney ,L,L,V,V,L,V,V,V,L,L
8569,Looney ,L,L,V,V,L,V,V,V,E,L
8570,Looney ,L,L,V,V,L,V,V,V,V,L
8571,Looney ,L,V,V,L,L,L,L,L,L,L
8572,Looney ,L,V,V,L,L,L,L,L,E,L
8573,Looney ,L,V,V,L,L,L,L,L,V,L
8574,Looney ,L,V,V,L,L,L,L,E,L,L
8575,Looney ,L,V,V,L,L,L,L,E,E,L
8576,Looney ,L,V,V,L,L,L,L,E,V,L
8577,Looney ,L,V,V,L,L,L,L,V,L,L
8578,Looney ,L,V,V,L,L,L,L,V,E,L
8579,Looney ,L,V,V,L,L,L,L,V,V,L
8580,Looney ,L,V,V,L,L,L,E,L,L,L
8581,Looney ,L,V,V,L,L,L,E,L,E,L
8582,Looney ,L,V,V,L,L,L,E,L,V,L
8583,Looney ,L,V,V,L,L,L,E,E,L,L
8584,Looney ,L,V,V,L,L,L,E,E,E,L
8585,Looney ,L,V,V,L,L,L,E,E,V,L
8586,Looney ,L,V,V,L,L,L,E,V,L,L
8587,Looney ,L,V,V,L,L,L,E,V,E,L
8588,Looney ,L,V,V,L,L,L,E,V,V,L
8589,Looney ,L,V,V,L,L,L,V,L,L,L
8590,Looney ,L,V,V,L,L,L,V,L,E,L
8591,Looney ,L,V,V,L,L,L,V,L,V,L
8592,Looney ,L,V,V,L,L,L,V,E,L,L
8593,Looney ,L,V,V,L,L,L,V,E,E,L
8594,Looney ,L,V,V,L,L,L,V,E,V,L
8595,Looney ,L,V,V,L,L,L,V,V,L,L
8596,Looney ,L,V,V,L,L,L,V,V,E,L
8597,Looney ,L,V,V,L,L,L,V,V,V,L
8598,Looney ,L,V,V,L,L,E,L,L,L,L
8599,Looney ,L,V,V,L,L,E,L,L,E,L
8600,Looney ,L,V,V,L,L,E,L,L,V,L
8601,Looney ,L,V,V,L,L,E,L,E,L,L
8602,Looney ,L,V,V,L,L,E,L,E,E,L
8603,Looney ,L,V,V,L,L,E,L,E,V,L
8604,Looney ,L,V,V,L,L,E,L,V,L,L
8605,Looney ,L,V,V,L,L,E,L,V,E,L
8606,Looney ,L,V,V,L,L,E,L,V,V,L
8607,Looney ,L,V,V,L,L,E,E,L,L,L
8608,Looney ,L,V,V,L,L,E,E,L,E,L
8609,Looney ,L,V,V,L,L,E,E,L,V,L
8610,Looney ,L,V,V,L,L,E,E,E,L,L
8611,Looney ,L,V,V,L,L,E,E,E,E,L
8612,Looney ,L,V,V,L,L,E,E,E,V,L
8613,Looney ,L,V,V,L,L,E,E,V,L,L
8614,Looney ,L,V,V,L,L,E,E,V,E,L
8615,Looney ,L,V,V,L,L,E,E,V,V,L
8616,Looney ,L,V,V,L,L,E,V,L,L,L
8617,Looney ,L,V,V,L,L,E,V,L,E,L
8618,Looney ,L,V,V,L,L,E,V,L,V,L
8619,Looney ,L,V,V,L,L,E,V,E,L,L
8620,Looney ,L,V,V,L,L,E,V,E,E,L
8621,Looney ,L,V,V,L,L,E,V,E,V,L
8622,Looney ,L,V,V,L,L,E,V,V,L,L
8623,Looney ,L,V,V,L,L,E,V,V,E,L
8624,Looney ,L,V,V,L,L,E,V,V,V,L
8625,Looney ,L,V,V,L,L,V,L,L,L,L
8626,Looney ,L,V,V,L,L,V,L,L,E,L
8627,Looney ,L,V,V,L,L,V,L,L,V,L
8628,Looney ,L,V,V,L,L,V,L,E,L,L
8629,Looney ,L,V,V,L,L,V,L,E,E,L
8630,Looney ,L,V,V,L,L,V,L,E,V,L
8631,Looney ,L,V,V,L,L,V,L,V,L,L
8632,Looney ,L,V,V,L,L,V,L,V,E,L
8633,Looney ,L,V,V,L,L,V,L,V,V,L
8634,Looney ,L,V,V,L,L,V,E,L,L,L
8635,Looney ,L,V,V,L,L,V,E,L,E,L
8636,Looney ,L,V,V,L,L,V,E,L,V,L
8637,Looney ,L,V,V,L,L,V,E,E,L,L
8638,Looney ,L,V,V,L,L,V,E,E,E,L
8639,Looney ,L,V,V,L,L,V,E,E,V,L
8640,Looney ,L,V,V,L,L,V,E,V,L,L
8641,Looney ,L,V,V,L,L,V,E,V,E,L
8642,Looney ,L,V,V,L,L,V,E,V,V,L
8643,Looney ,L,V,V,L,L,V,V,L,L,L
8644,Looney ,L,V,V,L,L,V,V,L,E,L
8645,Looney ,L,V,V,L,L,V,V,L,V,L
8646,Looney ,L,V,V,L,L,V,V,E,L,L
8647,Looney ,L,V,V,L,L,V,V,E,E,L
8648,Looney ,L,V,V,L,L,V,V,E,V,L
8649,Looney ,L,V,V,L,L,V,V,V,L,L
8650,Looney ,L,V,V,L,L,V,V,V,E,L
8651,Looney ,L,V,V,L,L,V,V,V,V,L
8652,Looney ,L,V,V,E,L,L,L,L,L,L
8653,Looney ,L,V,V,E,L,L,L,L,E,L
8654,Looney ,L,V,V,E,L,L,L,L,V,L
8655,Looney ,L,V,V,E,L,L,L,E,L,L
8656,Looney ,L,V,V,E,L,L,L,E,E,L
8657,Looney ,L,V,V,E,L,L,L,E,V,L
8658,Looney ,L,V,V,E,L,L,L,V,L,L
8659,Looney ,L,V,V,E,L,L,L,V,E,L
8660,Looney ,L,V,V,E,L,L,L,V,V,L
8661,Looney ,L,V,V,E,L,L,E,L,L,L
8662,Looney ,L,V,V,E,L,L,E,L,E,L
8663,Looney ,L,V,V,E,L,L,E,L,V,L
8664,Looney ,L,V,V,E,L,L,E,E,L,L
8665,Looney ,L,V,V,E,L,L,E,E,E,L
8666,Looney ,L,V,V,E,L,L,E,E,V,L
8667,Looney ,L,V,V,E,L,L,E,V,L,L
8668,Looney ,L,V,V,E,L,L,E,V,E,L
8669,Looney ,L,V,V,E,L,L,E,V,V,L
8670,Looney ,L,V,V,E,L,L,V,L,L,L
8671,Looney ,L,V,V,E,L,L,V,L,E,L
8672,Looney ,L,V,V,E,L,L,V,L,V,L
8673,Looney ,L,V,V,E,L,L,V,E,L,L
8674,Looney ,L,V,V,E,L,L,V,E,E,L
8675,Looney ,L,V,V,E,L,L,V,E,V,L
8676,Looney ,L,V,V,E,L,L,V,V,L,L
8677,Looney ,L,V,V,E,L,L,V,V,E,L
8678,Looney ,L,V,V,E,L,L,V,V,V,L
8679,Looney ,L,V,V,E,L,E,L,L,L,L
8680,Looney ,L,V,V,E,L,E,L,L,E,L
8681,Looney ,L,V,V,E,L,E,L,L,V,L
8682,Looney ,L,V,V,E,L,E,L,E,L,L
8683,Looney ,L,V,V,E,L,E,L,E,E,L
8684,Looney ,L,V,V,E,L,E,L,E,V,L
8685,Looney ,L,V,V,E,L,E,L,V,L,L
8686,Looney ,L,V,V,E,L,E,L,V,E,L
8687,Looney ,L,V,V,E,L,E,L,V,V,L
8688,Looney ,L,V,V,E,L,E,E,L,L,L
8689,Looney ,L,V,V,E,L,E,E,L,E,L
8690,Looney ,L,V,V,E,L,E,E,L,V,L
8691,Looney ,L,V,V,E,L,E,E,E,L,L
8692,Looney ,L,V,V,E,L,E,E,E,E,L
8693,Looney ,L,V,V,E,L,E,E,E,V,L
8694,Looney ,L,V,V,E,L,E,E,V,L,L
8695,Looney ,L,V,V,E,L,E,E,V,E,L
8696,Looney ,L,V,V,E,L,E,E,V,V,L
8697,Looney ,L,V,V,E,L,E,V,L,L,L
8698,Looney ,L,V,V,E,L,E,V,L,E,L
8699,Looney ,L,V,V,E,L,E,V,L,V,L
8700,Looney ,L,V,V,E,L,E,V,E,L,L
8701,Looney ,L,V,V,E,L,E,V,E,E,L
8702,Looney ,L,V,V,E,L,E,V,E,V,L
8703,Looney ,L,V,V,E,L,E,V,V,L,L
8704,Looney ,L,V,V,E,L,E,V,V,E,L
8705,Looney ,L,V,V,E,L,E,V,V,V,L
8706,Looney ,L,V,V,E,L,V,L,L,L,L
8707,Looney ,L,V,V,E,L,V,L,L,E,L
8708,Looney ,L,V,V,E,L,V,L,L,V,L
8709,Looney ,L,V,V,E,L,V,L,E,L,L
8710,Looney ,L,V,V,E,L,V,L,E,E,L
8711,Looney ,L,V,V,E,L,V,L,E,V,L
8712,Looney ,L,V,V,E,L,V,L,V,L,L
8713,Looney ,L,V,V,E,L,V,L,V,E,L
8714,Looney ,L,V,V,E,L,V,L,V,V,L
8715,Looney ,L,V,V,E,L,V,E,L,L,L
8716,Looney ,L,V,V,E,L,V,E,L,E,L
8717,Looney ,L,V,V,E,L,V,E,L,V,L
8718,Looney ,L,V,V,E,L,V,E,E,L,L
8719,Looney ,L,V,V,E,L,V,E,E,E,L
8720,Looney ,L,V,V,E,L,V,E,E,V,L
8721,Looney ,L,V,V,E,L,V,E,V,L,L
8722,Looney ,L,V,V,E,L,V,E,V,E,L
8723,Looney ,L,V,V,E,L,V,E,V,V,L
8724,Looney ,L,V,V,E,L,V,V,L,L,L
8725,Looney ,L,V,V,E,L,V,V,L,E,L
8726,Looney ,L,V,V,E,L,V,V,L,V,L
8727,Looney ,L,V,V,E,L,V,V,E,L,L
8728,Looney ,L,V,V,E,L,V,V,E,E,L
8729,Looney ,L,V,V,E,L,V,V,E,V,L
8730,Looney ,L,V,V,E,L,V,V,V,L,L
8731,Looney ,L,V,V,E,L,V,V,V,E,L
8732,Looney ,L,V,V,E,L,V,V,V,V,L
8733,Looney ,L,V,V,V,L,L,L,L,L,L
8734,Looney ,L,V,V,V,L,L,L,L,E,L
8735,Looney ,L,V,V,V,L,L,L,L,V,L
8736,Looney ,L,V,V,V,L,L,L,E,L,L
8737,Looney ,L,V,V,V,L,L,L,E,E,L
8738,Looney ,L,V,V,V,L,L,L,E,V,L
8739,Looney ,L,V,V,V,L,L,L,V,L,L
8740,Looney ,L,V,V,V,L,L,L,V,E,L
8741,Looney ,L,V,V,V,L,L,L,V,V,L
8742,Looney ,L,V,V,V,L,L,E,L,L,L
8743,Looney ,L,V,V,V,L,L,E,L,E,L
8744,Looney ,L,V,V,V,L,L,E,L,V,L
8745,Looney ,L,V,V,V,L,L,E,E,L,L
8746,Looney ,L,V,V,V,L,L,E,E,E,L
8747,Looney ,L,V,V,V,L,L,E,E,V,L
8748,Looney ,L,V,V,V,L,L,E,V,L,L
8749,Looney ,L,V,V,V,L,L,E,V,E,L
8750,Looney ,L,V,V,V,L,L,E,V,V,L
8751,Looney ,L,V,V,V,L,L,V,L,L,L
8752,Looney ,L,V,V,V,L,L,V,L,E,L
8753,Looney ,L,V,V,V,L,L,V,L,V,L
8754,Looney ,L,V,V,V,L,L,V,E,L,L
8755,Looney ,L,V,V,V,L,L,V,E,E,L
8756,Looney ,L,V,V,V,L,L,V,E,V,L
8757,Looney ,L,V,V,V,L,L,V,V,L,L
8758,Looney ,L,V,V,V,L,L,V,V,E,L
8759,Looney ,L,V,V,V,L,L,V,V,V,L
8760,Looney ,L,V,V,V,L,E,L,L,L,L
8761,Looney ,L,V,V,V,L,E,L,L,E,L
8762,Looney ,L,V,V,V,L,E,L,L,V,L
8763,Looney ,L,V,V,V,L,E,L,E,L,L
8764,Looney ,L,V,V,V,L,E,L,E,E,L
8765,Looney ,L,V,V,V,L,E,L,E,V,L
8766,Looney ,L,V,V,V,L,E,L,V,L,L
8767,Looney ,L,V,V,V,L,E,L,V,E,L
8768,Looney ,L,V,V,V,L,E,L,V,V,L
8769,Looney ,L,V,V,V,L,E,E,L,L,L
8770,Looney ,L,V,V,V,L,E,E,L,E,L
8771,Looney ,L,V,V,V,L,E,E,L,V,L
8772,Looney ,L,V,V,V,L,E,E,E,L,L
8773,Looney ,L,V,V,V,L,E,E,E,E,L
8774,Looney ,L,V,V,V,L,E,E,E,V,L
8775,Looney ,L,V,V,V,L,E,E,V,L,L
8776,Looney ,L,V,V,V,L,E,E,V,E,L
8777,Looney ,L,V,V,V,L,E,E,V,V,L
8778,Looney ,L,V,V,V,L,E,V,L,L,L
8779,Looney ,L,V,V,V,L,E,V,L,E,L
8780,Looney ,L,V,V,V,L,E,V,L,V,L
8781,Looney ,L,V,V,V,L,E,V,E,L,L
8782,Looney ,L,V,V,V,L,E,V,E,E,L
8783,Looney ,L,V,V,V,L,E,V,E,V,L
8784,Looney ,L,V,V,V,L,E,V,V,L,L
8785,Looney ,L,V,V,V,L,E,V,V,E,L
8786,Looney ,L,V,V,V,L,E,V,V,V,L
8787,Looney ,L,V,V,V,L,V,L,L,L,L
8788,Looney ,L,V,V,V,L,V,L,L,E,L
8789,Looney ,L,V,V,V,L,V,L,L,V,L
8790,Looney ,L,V,V,V,L,V,L,E,L,L
8791,Looney ,L,V,V,V,L,V,L,E,E,L
8792,Looney ,L,V,V,V,L,V,L,E,V,L
8793,Looney ,L,V,V,V,L,V,L,V,L,L
8794,Looney ,L,V,V,V,L,V,L,V,E,L
8795,Looney ,L,V,V,V,L,V,L,V,V,L
8796,Looney ,L,V,V,V,L,V,E,L,L,L
8797,Looney ,L,V,V,V,L,V,E,L,E,L
8798,Looney ,L,V,V,V,L,V,E,L,V,L
8799,Looney ,L,V,V,V,L,V,E,E,L,L
8800,Looney ,L,V,V,V,L,V,E,E,E,L
8801,Looney ,L,V,V,V,L,V,E,E,V,L
8802,Looney ,L,V,V,V,L,V,E,V,L,L
8803,Looney ,L,V,V,V,L,V,E,V,E,L
8804,Looney ,L,V,V,V,L,V,E,V,V,L
8805,Looney ,L,V,V,V,L,V,V,L,L,L
8806,Looney ,L,V,V,V,L,V,V,L,E,L
8807,Looney ,L,V,V,V,L,V,V,L,V,L
8808,Looney ,L,V,V,V,L,V,V,E,L,L
8809,Looney ,L,V,V,V,L,V,V,E,E,L
8810,Looney ,L,V,V,V,L,V,V,E,V,L
8811,Looney ,L,V,V,V,L,V,V,V,L,L
8812,Looney ,L,V,V,V,L,V,V,V,E,L
8813,Looney ,L,V,V,V,L,V,V,V,V,L
8814,Lorenzo Hernández vera,L,L,L,L,L,L,L,L,L,L
8815,Lorenzo Hernández vera,L,V,V,L,L,L,E,V,E,L
8816,LOS 2 AMIGOS LERDO,L,L,L,L,L,L,L,L,L,L
8817,Los Barrientos,L,E,V,V,L,E,V,L,L,L
8818,Los Barrientos,E,V,L,L,E,L,L,V,V,E
8819,Los cremas ,L,E,V,V,L,L,L,L,L,E
8820,Los cremas ,L,E,V,V,L,L,L,L,E,E
8821,Los cremas ,L,E,V,V,L,L,L,V,L,E
8822,Los cremas ,L,E,V,V,L,L,L,V,E,E
8823,Los cremas ,L,E,V,V,L,L,V,L,L,E
8824,Los cremas ,L,E,V,V,L,L,V,L,E,E
8825,Los cremas ,L,E,V,V,L,L,V,V,L,E
8826,Los cremas ,L,E,V,V,L,L,V,V,E,E
8827,Los cremas ,L,E,V,E,L,L,L,L,L,E
8828,Los cremas ,L,E,V,E,L,L,L,L,E,E
8829,Los cremas ,L,E,V,E,L,L,L,V,L,E
8830,Los cremas ,L,E,V,E,L,L,L,V,E,E
8831,Los cremas ,L,E,V,E,L,L,V,L,L,E
8832,Los cremas ,L,E,V,E,L,L,V,L,E,E
8833,Los cremas ,L,E,V,E,L,L,V,V,L,E
8834,Los cremas ,L,E,V,E,L,L,V,V,E,E
8835,Los cremas ,L,E,V,L,L,L,L,L,L,E
8836,Los cremas ,L,E,V,L,L,L,L,L,E,E
8837,Los cremas ,L,E,V,L,L,L,L,V,L,E
8838,Los cremas ,L,E,V,L,L,L,L,V,E,E
8839,Los cremas ,L,E,V,L,L,L,V,L,L,E
8840,Los cremas ,L,E,V,L,L,L,V,L,E,E
8841,Los cremas ,L,E,V,L,L,L,V,V,L,E
8842,Los cremas ,L,E,V,L,L,L,V,V,E,E
8843,Los cremas ,L,V,V,V,L,L,L,L,L,E
8844,Los cremas ,L,V,V,V,L,L,L,L,E,E
8845,Los cremas ,L,V,V,V,L,L,L,V,L,E
8846,Los cremas ,L,V,V,V,L,L,L,V,E,E
8847,Los cremas ,L,V,V,V,L,L,V,L,L,E
8848,Los cremas ,L,V,V,V,L,L,V,L,E,E
8849,Los cremas ,L,V,V,V,L,L,V,V,L,E
8850,Los cremas ,L,V,V,V,L,L,V,V,E,E
8851,Los cremas ,L,V,V,E,L,L,L,L,L,E
8852,Los cremas ,L,V,V,E,L,L,L,L,E,E
8853,Los cremas ,L,V,V,E,L,L,L,V,L,E
8854,Los cremas ,L,V,V,E,L,L,L,V,E,E
8855,Los cremas ,L,V,V,E,L,L,V,L,L,E
8856,Los cremas ,L,V,V,E,L,L,V,L,E,E
8857,Los cremas ,L,V,V,E,L,L,V,V,L,E
8858,Los cremas ,L,V,V,E,L,L,V,V,E,E
8859,Los cremas ,L,V,V,L,L,L,L,L,L,E
8860,Los cremas ,L,V,V,L,L,L,L,L,E,E
8861,Los cremas ,L,V,V,L,L,L,L,V,L,E
8862,Los cremas ,L,V,V,L,L,L,L,V,E,E
8863,Los cremas ,L,V,V,L,L,L,V,L,L,E
8864,Los cremas ,L,V,V,L,L,L,V,L,E,E
8865,Los cremas ,L,V,V,L,L,L,V,V,L,E
8866,Los cremas ,L,V,V,L,L,L,V,V,E,E
8867,Los cremas ,E,E,V,V,L,L,L,L,L,E
8868,Los cremas ,E,E,V,V,L,L,L,L,E,E
8869,Los cremas ,E,E,V,V,L,L,L,V,L,E
8870,Los cremas ,E,E,V,V,L,L,L,V,E,E
8871,Los cremas ,E,E,V,V,L,L,V,L,L,E
8872,Los cremas ,E,E,V,V,L,L,V,L,E,E
8873,Los cremas ,E,E,V,V,L,L,V,V,L,E
8874,Los cremas ,E,E,V,V,L,L,V,V,E,E
8875,Los cremas ,E,E,V,E,L,L,L,L,L,E
8876,Los cremas ,E,E,V,E,L,L,L,L,E,E
8877,Los cremas ,E,E,V,E,L,L,L,V,L,E
8878,Los cremas ,E,E,V,E,L,L,L,V,E,E
8879,Los cremas ,E,E,V,E,L,L,V,L,L,E
8880,Los cremas ,E,E,V,E,L,L,V,L,E,E
8881,Los cremas ,E,E,V,E,L,L,V,V,L,E
8882,Los cremas ,E,E,V,E,L,L,V,V,E,E
8883,Los cremas ,E,E,V,L,L,L,L,L,L,E
8884,Los cremas ,E,E,V,L,L,L,L,L,E,E
8885,Los cremas ,E,E,V,L,L,L,L,V,L,E
8886,Los cremas ,E,E,V,L,L,L,L,V,E,E
8887,Los cremas ,E,E,V,L,L,L,V,L,L,E
8888,Los cremas ,E,E,V,L,L,L,V,L,E,E
8889,Los cremas ,E,E,V,L,L,L,V,V,L,E
8890,Los cremas ,E,E,V,L,L,L,V,V,E,E
8891,Los cremas ,E,V,V,V,L,L,L,L,L,E
8892,Los cremas ,E,V,V,V,L,L,L,L,E,E
8893,Los cremas ,E,V,V,V,L,L,L,V,L,E
8894,Los cremas ,E,V,V,V,L,L,L,V,E,E
8895,Los cremas ,E,V,V,V,L,L,V,L,L,E
8896,Los cremas ,E,V,V,V,L,L,V,L,E,E
8897,Los cremas ,E,V,V,V,L,L,V,V,L,E
8898,Los cremas ,E,V,V,V,L,L,V,V,E,E
8899,Los cremas ,E,V,V,E,L,L,L,L,L,E
8900,Los cremas ,E,V,V,E,L,L,L,L,E,E
8901,Los cremas ,E,V,V,E,L,L,L,V,L,E
8902,Los cremas ,E,V,V,E,L,L,L,V,E,E
8903,Los cremas ,E,V,V,E,L,L,V,L,L,E
8904,Los cremas ,E,V,V,E,L,L,V,L,E,E
8905,Los cremas ,E,V,V,E,L,L,V,V,L,E
8906,Los cremas ,E,V,V,E,L,L,V,V,E,E
8907,Los cremas ,E,V,V,L,L,L,L,L,L,E
8908,Los cremas ,E,V,V,L,L,L,L,L,E,E
8909,Los cremas ,E,V,V,L,L,L,L,V,L,E
8910,Los cremas ,E,V,V,L,L,L,L,V,E,E
8911,Los cremas ,E,V,V,L,L,L,V,L,L,E
8912,Los cremas ,E,V,V,L,L,L,V,L,E,E
8913,Los cremas ,E,V,V,L,L,L,V,V,L,E
8914,Los cremas ,E,V,V,L,L,L,V,V,E,E
8915,Los hermanos!!+ ,L,L,V,L,L,L,L,L,E,L
8916,Los hermanos!!+ ,L,L,V,L,L,L,L,L,L,L
8917,Los hermanos!!+ ,L,L,V,L,L,L,E,L,E,L
8918,Los hermanos!!+ ,L,L,V,L,L,L,E,L,L,L
8919,Los hermanos!!+ ,L,L,V,E,L,L,L,L,E,L
8920,Los hermanos!!+ ,L,L,V,E,L,L,L,L,L,L
8921,Los hermanos!!+ ,L,L,V,E,L,L,E,L,E,L
8922,Los hermanos!!+ ,L,L,V,E,L,L,E,L,L,L
8923,Los hermanos!!+ ,L,E,V,L,L,L,L,L,E,L
8924,Los hermanos!!+ ,L,E,V,L,L,L,L,L,L,L
8925,Los hermanos!!+ ,L,E,V,L,L,L,E,L,E,L
8926,Los hermanos!!+ ,L,E,V,L,L,L,E,L,L,L
8927,Los hermanos!!+ ,L,E,V,E,L,L,L,L,E,L
8928,Los hermanos!!+ ,L,E,V,E,L,L,L,L,L,L
8929,Los hermanos!!+ ,L,E,V,E,L,L,E,L,E,L
8930,Los hermanos!!+ ,L,E,V,E,L,L,E,L,L,L
8931,Los michoacanos,L,L,E,V,L,V,L,V,L,L
8932,Los michoacanos,L,E,V,L,E,L,L,L,V,E
8933,LOS MR,L,V,V,L,L,L,L,L,L,L
8934,LOS MR,L,L,V,V,V,V,L,L,L,L
8935,LOS MR,L,V,E,L,L,V,V,E,L,L
8936,LOS MR,L,V,V,L,E,V,E,L,E,L
8937,LOS MR,L,L,V,E,L,L,L,L,V,V
8938,Los pochus,L,L,V,L,L,L,V,L,V,V
8939,Los pochus,L,V,V,L,E,L,V,L,E,E
8940,Los Ratones!! ,L,E,V,L,V,L,V,V,V,L
8941,Los Ratones!! ,L,E,V,L,E,L,V,V,V,L
8942,Los Ratones!! ,L,E,V,E,V,L,V,V,V,L
8943,Los Ratones!! ,L,E,V,E,E,L,V,V,V,L
8944,Los Ratones!! ,L,L,V,L,V,L,V,V,V,L
8945,Los Ratones!! ,L,L,V,L,E,L,V,V,V,L
8946,Los Ratones!! ,L,L,V,E,V,L,V,V,V,L
8947,Los Ratones!! ,L,L,V,E,E,L,V,V,V,L
8948,LOS TAMAULIPECOS,V,V,L,L,L,E,L,L,L,V
8949,LOS TAMAULIPECOS,V,V,L,E,L,E,V,L,E,L
8950,LOS TAMAULIPECOS ,E,E,V,E,E,L,L,E,E,E
8951,LOS TAMAULIPECOS ,E,E,E,E,E,L,L,E,E,E
8952,LOS TAMAULIPECOS ,E,V,V,E,E,L,L,E,E,E
8953,LOS TAMAULIPECOS ,E,V,E,E,E,L,L,E,E,E
8954,LOS TAMAULIPECOS ,L,E,V,E,E,L,L,E,E,E
8955,LOS TAMAULIPECOS ,L,E,E,E,E,L,L,E,E,E
8956,LOS TAMAULIPECOS ,L,V,V,E,E,L,L,E,E,E
8957,LOS TAMAULIPECOS ,L,V,E,E,E,L,L,E,E,E
8958,LOS TAMAULIPECOS ,E,V,V,L,L,E,L,L,V,L
8959,LOS TAMAULIPECOS ,V,V,V,L,L,E,L,L,V,L
8960,LRCG,L,L,V,L,L,E,V,L,V,L
8961,LRCG,L,V,V,L,L,L,V,L,E,L
8962,Luan,L,V,V,V,L,E,V,L,L,L
8963,Luan,E,L,V,V,L,E,V,E,L,L
8964,Luan,L,L,V,E,L,E,L,V,L,L
8965,Luan,L,V,V,V,L,L,L,E,L,L
8966,LUCAS,L,L,E,E,V,L,V,V,L,V
8967,Lucas alma,V,V,E,L,E,L,V,L,E,L
8968,Lucas güera,L,L,V,E,V,E,L,E,L,L
8969,Lucas nathan,L,V,V,L,L,L,E,L,L,E
8970,Lucas said,E,V,E,L,L,L,V,L,V,V
8971,Lucas saxo,V,L,V,V,V,E,L,V,L,E
8972,Lucca soto,L,V,V,V,L,E,L,L,V,L
8973,Lucca soto,L,V,V,L,L,L,E,E,E,L
8974,Lucca soto,E,E,E,E,E,E,E,E,E,L
8975,Lucho 10,L,E,V,L,E,L,V,L,V,L
8976,Lucho 10,L,L,L,L,E,L,V,L,L,V
8977,Lucho 10,L,E,E,E,V,L,L,V,L,L
8978,Lucho 10,L,V,L,E,V,L,E,L,L,L
8979,Lucho 10,L,V,E,L,V,E,L,E,V,L
8980,Lucho 10,L,E,E,L,V,V,E,L,V,L
8981,Lucho 10,L,E,V,L,V,E,E,L,V,V
8982,Lucho 10,L,L,V,E,L,V,E,L,L,L
8983,Lucho 10,L,V,E,E,L,L,E,L,V,V
8984,Lucho 10,L,E,V,L,E,L,E,L,V,V
8985,Lucio paleteria,E,L,V,L,E,L,E,L,V,L
8986,Lucio paleteria,L,V,E,L,L,E,L,L,E,L
8987,Lucio paleteria,V,E,L,L,V,L,E,L,V,L
8988,Lucio paleteria,V,V,V,V,L,L,V,L,V,L
8989,Lucio paleteria,L,L,V,E,L,L,V,V,V,L
8990,Lugo 80,L,V,V,V,L,L,V,V,L,V
8991,Lugo 80,E,V,V,L,E,L,E,V,E,E
8992,Lugo 80,L,V,V,L,E,V,V,L,L,L
8993,Luigui59,L,E,V,E,L,E,L,L,E,L
8994,Luigui59,L,V,V,E,L,E,L,E,L,V
8995,Luigui60,E,V,L,E,L,L,E,L,E,E
8996,Luigui60,L,E,V,V,L,L,E,L,E,L
8997,Luigy,L,E,V,V,L,L,E,L,V,V
8998,Luis 1993,L,V,V,E,E,V,V,L,E,L
8999,Luis 1993,L,V,V,V,E,L,E,E,L,L
9000,Luis 1993,L,L,V,V,V,E,V,E,V,V
9001,Luis 1993,E,L,E,L,L,L,E,L,E,E
9002,Luis 1993 ,L,L,V,L,L,L,L,L,L,L
9003,Luis 1993 ,L,L,V,L,L,L,L,E,L,L
9004,Luis 1993 ,L,L,V,L,L,L,E,L,L,L
9005,Luis 1993 ,L,L,V,L,L,L,E,E,L,L
9006,Luis 1993 ,L,L,V,E,L,L,L,L,L,L
9007,Luis 1993 ,L,L,V,E,L,L,L,E,L,L
9008,Luis 1993 ,L,L,V,E,L,L,E,L,L,L
9009,Luis 1993 ,L,L,V,E,L,L,E,E,L,L
9010,Luis 1993 ,L,L,V,L,L,L,L,L,L,L
9011,Luis 1993 ,L,L,V,L,L,L,L,L,V,L
9012,Luis 1993 ,L,L,V,L,L,L,V,L,L,L
9013,Luis 1993 ,L,L,V,L,L,L,V,L,V,L
9014,Luis 1993 ,L,E,V,L,L,L,L,L,L,L
9015,Luis 1993 ,L,E,V,L,L,L,L,L,V,L
9016,Luis 1993 ,L,E,V,L,L,L,V,L,L,L
9017,Luis 1993 ,L,E,V,L,L,L,V,L,V,L
9018,Luis Alberto noyola,L,L,V,L,L,L,L,L,L,L
9019,Luis Alberto noyola,L,V,V,L,L,L,E,L,L,L
9020,Luis Alberto noyola,L,E,E,L,L,E,L,L,L,E
9021,Luis Antonio Delgado,E,E,V,V,L,V,E,L,E,L
9022,Luis Antonio Delgado,L,L,E,L,L,E,V,E,L,V
9023,Luis Antonio Delgado,V,V,V,V,L,L,E,L,L,L
9024,Luis Antonio Delgado,L,V,L,L,E,E,V,V,L,L
9025,Luis Antonio Delgado,L,V,E,V,E,V,V,V,L,V
9026,Luis casillas,L,E,L,L,L,L,E,E,E,L
9027,Luis casillas,L,V,V,L,E,E,L,V,E,V
9028,Luis casillas,L,V,V,E,V,E,E,L,E,V
9029,Luis casillas,L,E,E,L,E,L,L,L,V,L
9030,Luis casillas,L,V,L,E,V,L,E,L,L,E
9031,LUIS ESCOBEDO 6,L,E,V,L,E,L,L,V,L,L
9032,LUIS FDO MARTINEZ,L,L,V,V,L,L,V,E,L,L
9033,LUIS FDO MARTINEZ,L,E,V,E,V,L,L,L,V,L
9034,LUIS FDO MARTINEZ,L,L,V,L,L,L,L,V,V,L
9035,LUIS FDO MARTINEZ,V,E,E,L,V,E,V,E,V,L
9036,LUIS FDO MARTINEZ ,E,L,V,E,L,V,L,L,E,V
9037,LUIS FDO MARTINEZ ,E,L,V,E,L,V,E,L,E,V
9038,LUIS FERNANDEZ,L,E,V,E,L,E,V,V,L,V
9039,LUIS FERNANDEZ,L,V,V,E,L,L,E,V,E,L
9040,LUIS FERNANDEZ,E,L,V,E,L,E,V,L,V,V
9041,LUIS FERNANDEZ,L,L,E,E,L,E,L,L,V,E
9042,LUIS FERNANDEZ,V,V,E,L,V,E,E,E,V,L
9043,Luis flores,L,V,V,E,L,L,V,E,V,L
9044,Luis flores,L,V,V,L,E,L,L,E,L,V
9045,Luis flores ,L,E,V,E,L,L,E,V,V,L
9046,Luis flores ,L,E,V,L,L,L,E,V,V,L
9047,Luis flores ,L,V,V,E,L,L,E,V,V,L
9048,Luis flores ,L,V,V,L,L,L,E,V,V,L
9049,Luis flores ,L,E,E,E,L,E,V,E,V,L
9050,Luis flores ,L,E,E,E,V,E,V,E,V,L
9051,Luis flores ,L,L,V,L,L,L,L,L,L,E
9052,Luis flores ,L,L,V,L,L,L,L,L,E,E
9053,Luis flores ,L,L,V,L,L,L,E,L,L,E
9054,Luis flores ,L,L,V,L,L,L,E,L,E,E
9055,Luis flores ,L,L,V,E,L,L,L,L,L,E
9056,Luis flores ,L,L,V,E,L,L,L,L,E,E
9057,Luis flores ,L,L,V,E,L,L,E,L,L,E
9058,Luis flores ,L,L,V,E,L,L,E,L,E,E
9059,Luis flores ,E,E,E,E,L,L,L,E,L,L
9060,Luis flores ,L,E,E,E,L,L,L,E,L,L
9061,Luis gonzalez,L,E,V,L,L,L,L,L,L,E
9062,Luis gonzalez,L,L,V,L,L,L,E,L,E,E
9063,Luis Humberto Aguila,L,L,L,V,L,L,L,L,E,V
9064,Luis Humberto Aguila,L,E,V,E,L,E,E,L,L,V
9065,Luis Humberto Aguila,L,V,E,L,V,L,L,L,V,V
9066,Luis Humberto Aguila,L,L,V,V,L,E,L,L,L,V
9067,Luis Humberto Aguila,L,E,V,V,L,L,L,L,E,V
9068,Luis M. Hdez. Oceja,L,L,V,V,L,L,E,L,L,L
9069,Luis M. Hdez. Oceja ,L,L,V,L,L,L,L,L,L,L
9070,Luis M. Hdez. Oceja ,L,L,V,L,L,L,L,L,E,L
9071,Luis M. Hdez. Oceja ,L,L,V,L,L,L,L,L,V,L
9072,Luis M. Hdez. Oceja ,L,L,V,L,L,L,E,L,L,L
9073,Luis M. Hdez. Oceja ,L,L,V,L,L,L,E,L,E,L
9074,Luis M. Hdez. Oceja ,L,L,V,L,L,L,E,L,V,L
9075,Luis M. Hdez. Oceja ,L,L,V,E,L,L,L,L,L,L
9076,Luis M. Hdez. Oceja ,L,L,V,E,L,L,L,L,E,L
9077,Luis M. Hdez. Oceja ,L,L,V,E,L,L,L,L,V,L
9078,Luis M. Hdez. Oceja ,L,L,V,E,L,L,E,L,L,L
9079,Luis M. Hdez. Oceja ,L,L,V,E,L,L,E,L,E,L
9080,Luis M. Hdez. Oceja ,L,L,V,E,L,L,E,L,V,L
9081,Luis M. Hdez. Oceja ,L,E,V,L,L,L,L,L,L,L
9082,Luis M. Hdez. Oceja ,L,E,V,L,L,L,L,L,E,L
9083,Luis M. Hdez. Oceja ,L,E,V,L,L,L,L,L,V,L
9084,Luis M. Hdez. Oceja ,L,E,V,L,L,L,E,L,L,L
9085,Luis M. Hdez. Oceja ,L,E,V,L,L,L,E,L,E,L
9086,Luis M. Hdez. Oceja ,L,E,V,L,L,L,E,L,V,L
9087,Luis M. Hdez. Oceja ,L,E,V,E,L,L,L,L,L,L
9088,Luis M. Hdez. Oceja ,L,E,V,E,L,L,L,L,E,L
9089,Luis M. Hdez. Oceja ,L,E,V,E,L,L,L,L,V,L
9090,Luis M. Hdez. Oceja ,L,E,V,E,L,L,E,L,L,L
9091,Luis M. Hdez. Oceja ,L,E,V,E,L,L,E,L,E,L
9092,Luis M. Hdez. Oceja ,L,E,V,E,L,L,E,L,V,L
9093,Luis Rosas 🫡🫡,L,L,V,L,L,V,E,L,L,E
9094,Luis Rosas 🫡🫡,L,V,V,E,L,E,E,L,E,L
9095,Luis Rosas 🫡🫡,E,L,V,L,L,L,E,L,E,V
9096,Luis Rosas 🫡🫡,L,V,L,L,L,V,L,V,E,E
9097,Luis Rosas 🫡🫡,L,V,V,V,L,E,E,L,E,L
9098,Luis Rosas 🫡🫡,L,E,L,V,V,L,E,V,V,L
9099,Luis santana pv,L,E,V,V,L,L,V,V,L,E
9100,Luis santana pv,L,V,V,V,L,E,V,L,L,L
9101,Luis santana pv,L,E,V,L,L,L,L,L,E,E
9102,Luis santana pv,L,V,E,L,V,E,V,L,V,E
9103,Luis santana pv,L,L,L,E,E,E,E,E,E,V
9104,Luis santana pv,L,V,L,V,L,L,E,L,V,L
9105,Luis santana pv,V,V,E,E,V,V,V,L,E,E
9106,Luis santana pv,E,V,V,V,V,E,E,L,L,V
9107,Luis santana pv,L,E,V,V,E,V,L,E,L,V
9108,Luis santana pv,L,L,V,V,L,E,V,L,L,V
9109,Luis totolapa,L,V,V,V,L,L,E,L,L,L
9110,Luis totolapa,L,V,V,E,L,E,V,L,E,E
9111,Luis totolapa,V,L,L,L,V,V,L,V,V,V
9112,LUIS VALVERDE,L,L,V,L,E,L,E,E,E,L
9113,Luis Villanueva,L,V,V,L,V,L,V,L,L,E
9114,Luis Villanueva,V,L,V,L,L,L,L,E,L,L
9115,Luis Villanueva,L,V,V,E,V,V,V,L,L,L
9116,Luis Villanueva,V,E,V,E,V,V,L,L,L,L
9117,Luis xv,L,L,V,V,L,L,L,L,L,V
9118,Luis xv,L,E,V,V,L,L,E,L,L,V
9119,LUISANA,L,E,V,L,L,L,V,L,E,L
9120,LUISANA,E,L,V,V,E,V,L,L,L,V
9121,LUISANA,L,V,V,V,L,V,E,V,V,E
9122,LUISANA,V,L,L,E,V,E,V,V,V,L
9123,LUISANA,L,L,V,V,L,L,V,V,V,L
9124,LUISIÑO,L,V,V,L,L,L,E,L,L,L
9125,LUISIÑO,L,L,V,L,L,L,L,L,L,L
9126,LUISIÑO,L,V,V,V,L,E,L,V,L,L
9127,LUISIÑO,L,V,V,V,L,L,L,V,V,L
9128,LUISIÑO,L,V,V,V,E,L,L,L,E,L
9129,LUISIÑO,L,E,V,L,L,L,L,L,L,L
9130,LUISIÑO,L,V,V,L,L,L,V,V,L,L
9131,LUISIÑO,L,V,V,E,E,L,L,L,L,L
9132,LUISIÑO,E,L,V,L,L,L,E,E,E,L
9133,LUISIÑO,L,V,V,L,L,V,V,V,V,L
9134,LUISIXTAPA,L,V,V,L,L,L,V,L,E,L
9135,LUISIXTAPA,L,L,V,E,L,E,E,E,E,E
9136,Luismabarca,L,V,V,L,E,L,V,L,E,L
9137,Luismabarca,L,E,V,L,L,L,E,L,L,L
9138,Luismabarca,L,L,V,E,L,L,E,L,E,L
9139,LUISMALDONADO ,L,E,V,E,L,L,L,V,L,L
9140,LUISMALDONADO ,L,E,V,V,L,L,L,V,L,L
9141,LUISMALDONADO ,L,V,V,E,L,L,L,V,L,L
9142,LUISMALDONADO ,L,V,V,V,L,L,L,V,L,L
9143,Luisrmz,L,V,V,V,L,L,V,L,L,L
9144,Luisrmz,L,L,V,V,L,E,V,L,V,V
9145,Luna vega,L,E,V,L,L,L,E,L,E,L
9146,Luna vega,L,E,V,L,L,L,V,E,L,V
9147,LUPITA1234 ,L,L,V,E,L,L,L,L,L,V
9148,LUPITA1234 ,L,L,V,E,L,L,E,L,L,V
9149,LUPITA1234 ,L,L,V,E,L,L,V,L,L,V
9150,LUPITA1234 ,L,L,V,L,L,L,L,L,L,V
9151,LUPITA1234 ,L,L,V,L,L,L,E,L,L,V
9152,LUPITA1234 ,L,L,V,L,L,L,V,L,L,V
9153,LUPITA1234 ,L,V,V,E,L,L,L,L,L,V
9154,LUPITA1234 ,L,V,V,E,L,L,E,L,L,V
9155,LUPITA1234 ,L,V,V,E,L,L,V,L,L,V
9156,LUPITA1234 ,L,V,V,L,L,L,L,L,L,V
9157,LUPITA1234 ,L,V,V,L,L,L,E,L,L,V
9158,LUPITA1234 ,L,V,V,L,L,L,V,L,L,V
9159,Luz kayna,L,L,V,L,L,L,V,L,V,L
9160,Luz kayna,L,E,V,V,V,E,L,E,L,L
9161,Luz y dan,L,E,V,L,L,L,E,L,V,L
9162,Luz y jan,L,V,E,V,L,L,V,L,E,L
9163,Luz y jan,L,L,V,L,L,L,E,L,E,L
9164,Luzyfer09,L,V,V,E,L,L,E,L,V,V
9165,Luzyfer09,V,E,L,V,E,V,L,V,L,L
9166,Luzyfer09,V,L,E,E,L,L,V,V,L,L
9167,LYN PONCE,E,V,L,E,V,L,E,V,L,E
9168,LYN PONCE,L,V,V,L,E,V,V,L,L,V
9169,M C F,L,L,L,L,L,V,V,V,V,L
9170,M C F,L,V,L,L,L,E,L,L,V,L
9171,M C F,L,L,V,V,E,V,L,L,L,L
9172,M3,L,V,V,L,V,L,L,L,L,L
9173,M3,L,L,L,L,L,L,L,L,L,L
9174,M3,L,E,L,V,L,V,V,L,L,V
9175,M3,L,L,E,E,L,L,E,E,E,E
9176,M3,V,V,L,V,L,L,V,V,V,V
9177,Mache,L,V,V,V,L,L,L,L,V,V
9178,Mache,E,E,V,E,L,E,L,L,V,E
9179,Mache,V,L,L,L,V,V,L,V,L,V
9180,Mache,L,L,V,V,L,V,E,L,E,E
9181,Magdaleno ,L,V,V,E,L,E,V,L,L,L
9182,Magdaleno ,L,V,V,E,L,E,V,L,E,L
9183,Magdaleno ,L,L,V,E,L,E,V,L,L,L
9184,Magdaleno ,L,L,V,E,L,E,V,L,E,L
9185,Makeyujo,L,E,V,L,L,L,L,E,L,L
9186,Makeyujo,L,E,L,L,L,L,L,E,L,L
9187,Makuey,L,E,V,E,L,L,E,L,L,E
9188,Makuey,L,L,V,V,L,E,L,L,L,V
9189,Makuey ,L,L,V,L,L,L,L,L,L,L
9190,Makuey ,L,E,V,L,L,L,L,L,L,L
9191,Makuey ,L,V,V,L,L,L,L,L,L,L
9192,Malagón013,L,L,V,L,L,L,V,L,L,L
9193,Malagón013,L,E,V,E,L,L,E,L,L,L
9194,Malagón013,L,E,V,V,L,L,E,E,E,L
9195,Malagón013,L,E,V,L,E,L,L,E,V,L
9196,Malagón013,L,V,V,E,L,L,E,E,L,L
9197,Malagón013 ,L,V,V,E,E,L,V,L,L,L
9198,Malagón013 ,L,V,V,E,L,L,V,L,L,L
9199,Malagón013 ,L,V,V,L,E,L,V,L,L,L
9200,Malagón013 ,L,V,V,L,L,L,V,L,L,L
9201,Malamute,L,V,V,L,L,L,V,E,L,L
9202,Malamute,E,E,L,L,V,V,V,L,E,L
9203,Malamute,V,L,L,E,V,L,E,V,V,V
9204,Malamute,L,L,L,L,L,L,L,E,L,L
9205,Malamute,E,V,L,E,V,L,E,V,L,V
9206,Malamute,V,L,L,E,L,L,V,L,E,L
9207,Malamute,L,V,V,V,V,L,V,V,V,V
9208,Malamute,E,L,L,L,L,L,V,V,L,E
9209,Malamute,L,E,V,E,L,E,V,L,L,L
9210,Malamute,L,E,V,E,V,E,L,L,L,L
9211,MALICK FOREVER,L,V,V,E,L,L,E,E,L,E
9212,MALICK FOREVER,L,V,V,L,L,E,E,E,L,E
9213,MALICK FOREVER,E,E,V,L,L,V,E,L,L,L
9214,Malickk foreverr,L,V,V,E,L,E,E,L,L,V
9215,Malquerido ,L,V,V,L,V,E,V,L,E,L
9216,Malquerido ,L,V,V,L,V,E,V,L,L,L
9217,Malquerido ,L,V,V,L,V,L,V,L,E,L
9218,Malquerido ,L,V,V,L,V,L,V,L,L,L
9219,Malquerido ,L,L,V,L,V,E,V,L,E,L
9220,Malquerido ,L,L,V,L,V,E,V,L,L,L
9221,Malquerido ,L,L,V,L,V,L,V,L,E,L
9222,Malquerido ,L,L,V,L,V,L,V,L,L,L
9223,MAMA LIDIA,L,L,V,E,L,L,E,L,E,L
9224,MAMA LIDIA,L,V,V,V,V,L,L,L,L,L
9225,MAMA LIDIA,L,V,V,L,L,E,L,V,V,V
9226,MAMA LIDIA,L,V,V,L,V,L,V,L,E,E
9227,Manceras,L,E,V,E,L,E,V,L,E,L
9228,Manceras,L,E,E,E,V,V,V,V,V,L
9229,Manceras,L,V,V,V,V,V,E,E,E,L
9230,Manceras,L,L,V,V,L,L,E,L,E,L
9231,Manceras,E,V,V,E,L,E,L,E,V,L
9232,MANCILLA1,L,L,V,L,L,L,E,L,V,L
9233,MANCILLA2,L,L,V,V,L,L,V,L,E,L
9234,MANCILLA3,L,V,E,V,L,E,L,L,L,L
9235,MANCILLA4,L,E,V,V,L,L,E,L,V,L
9236,Mane chimal,L,V,V,L,L,L,V,L,V,V
9237,Mane chimal,L,L,V,E,L,V,L,L,E,V
9238,Mane chimal,L,V,V,L,L,L,V,L,L,V
9239,Mane chimal,L,E,V,V,E,V,L,E,V,E
9240,Mane chimal,L,V,V,L,L,L,V,V,V,E
9241,Mane chimal,L,V,V,V,L,L,V,L,V,V
9242,Mane chimal,L,E,V,L,L,L,V,E,V,V
9243,Mane chimal,L,V,V,L,L,L,V,L,V,V
9244,Mane chimal,L,V,V,E,V,E,L,L,L,V
9245,Mane chimal,E,V,V,L,L,L,L,L,V,L
9246,Mane chimal,L,L,V,V,L,L,V,L,L,V
9247,Mane chimal,L,L,V,E,L,L,V,L,V,V
9248,Mane chimal,L,V,V,L,L,L,V,E,V,L
9249,Mane VIVE,L,L,V,V,L,V,L,L,V,V
9250,Mane VIVE,L,V,V,L,L,E,L,L,E,V
9251,Mane VIVE,V,L,V,V,L,V,L,E,L,L
9252,Manolo Romero,L,L,V,L,V,E,L,L,V,E
9253,Manolo Romero ,L,V,V,L,E,L,V,E,V,E
9254,Manolo Romero ,L,V,V,L,E,L,V,L,V,E
9255,Manolo Romero ,L,E,V,L,E,L,V,E,V,E
9256,Manolo Romero ,L,E,V,L,E,L,V,L,V,E
9257,Manuel Ayala,L,V,V,V,V,L,E,L,L,L
9258,Manuel Ayala,E,L,E,L,E,L,L,E,V,L
9259,Manuel Ayala,E,V,V,V,E,V,L,L,V,L
9260,Manuel Ayala,V,E,E,E,L,V,V,V,V,L
9261,Manuel C.,L,L,V,L,L,L,E,L,L,L
9262,Manuel C.,L,E,V,V,E,E,L,L,E,E
9263,Manuel C.,L,V,E,L,L,L,E,L,L,V
9264,Manuel C.,L,E,V,L,E,L,E,L,E,L
9265,Manuel C.,L,L,V,L,L,L,E,L,L,L
9266,Manuel Garcia,L,V,V,L,E,L,V,L,V,L
9267,Manuel Garcia ,L,E,V,L,E,L,L,L,V,L
9268,Manuel Garcia ,L,E,V,L,E,L,L,L,E,L
9269,Manuel Garcia ,L,V,V,L,E,L,L,L,V,L
9270,Manuel Garcia ,L,V,V,L,E,L,L,L,E,L
9271,Manuel Noyola,L,V,V,V,L,L,L,L,L,L
9272,Manuel Noyola,L,V,V,E,L,L,L,E,L,L
9273,Manuel Noyola,L,V,V,L,L,L,E,L,L,E
9274,Manuel Noyola,L,V,V,E,L,L,L,E,V,L
9275,Manuel Noyola,L,E,V,L,E,L,L,L,E,L
9276,Manuel Rubio20,L,V,V,L,L,E,V,L,V,L
9277,Manuel Rubio20,L,E,V,V,L,L,E,V,L,E
9278,Manuel Rubio21,L,V,V,V,L,V,E,L,V,V
9279,Manuel Rubio21,V,E,L,L,V,L,E,L,V,E
9280,Manuel Rubio21,L,V,L,V,L,V,V,L,E,V
9281,Many armando,L,V,V,L,L,L,E,E,V,L
9282,Many armando,L,L,V,E,L,L,L,E,L,L
9283,MAOA OCHOA,L,E,V,E,E,L,V,L,L,E
9284,MAOA OCHOA,L,V,V,E,V,E,V,L,V,E
9285,MAOA OCHOA,L,L,V,E,V,L,L,L,L,E
9286,MAOA OCHOA,L,L,V,E,L,E,E,V,V,E
9287,MAOA OCHOA,L,L,V,L,V,V,L,L,E,V
9288,Marce tt,L,V,E,L,L,L,E,L,E,L
9289,Marce tt,L,V,V,L,V,E,V,L,V,L
9290,Marce tt,L,E,V,L,V,L,L,L,L,E
9291,Marce tt,L,L,V,L,L,L,L,L,L,L
9292,Marce tt,L,V,L,V,L,L,V,L,V,L
9293,Marce tt,L,E,V,E,V,L,V,L,E,E
9294,Marce tt,L,E,L,V,E,L,V,L,L,L
9295,Marce tt,L,L,E,L,E,L,L,L,V,V
9296,Marcelo,L,L,V,E,L,L,E,L,E,E
9297,Marcelo,L,V,V,L,E,L,V,E,L,L
9298,Marcelo,E,L,V,V,V,E,E,L,L,E
9299,Marcelo,L,L,V,V,L,L,E,E,V,L
9300,Marcelo,L,V,V,L,L,E,L,E,V,L
9301,Marcelo,L,V,V,L,L,E,E,L,L,L
9302,Marcelo,L,V,V,L,L,L,L,V,E,L
9303,Marcelo,L,V,V,L,E,E,E,L,L,L
9304,Marcelo,E,E,V,E,V,L,V,L,E,L
9305,Marcfis,L,L,V,L,L,E,L,E,L,E
9306,Marcfis,L,E,V,L,L,V,E,V,E,V
9307,Marcfis,L,V,V,L,L,L,V,L,V,L
9308,Marcfis,E,L,E,L,E,L,E,L,E,L
9309,Marcfis,V,E,V,E,V,E,V,E,V,E
9310,Marcfis,L,V,L,V,L,V,L,V,L,E
9311,Marco Aguilera,L,V,V,L,E,L,E,L,E,L
9312,Marco Aguilera,L,V,V,E,L,E,V,L,E,L
9313,Marco Aguilera,V,L,L,V,E,L,V,L,V,L
9314,Marco Aguilera,L,E,E,L,L,E,V,V,L,E
9315,Marco Aguilera,L,L,V,V,L,L,L,L,V,L
9316,Marco Antonio Celis,E,E,E,E,E,E,E,E,E,E
9317,Marco Antonio Celis,L,V,V,L,L,L,L,L,L,L
9318,Marco Antonio Celis,L,E,V,E,L,L,E,V,V,L
9319,Marco Antonio Celis,L,L,L,L,L,L,L,L,L,L
9320,Marco Antonio Celis,L,V,V,V,L,L,V,L,V,L
9321,Marco Antonio MendozaT,L,E,V,V,L,E,L,E,E,L
9322,Marco Antonio MendozaT,L,V,V,E,E,E,V,L,V,L
9323,Marco Antonio MendozaT,E,L,V,E,L,V,L,V,E,E
9324,Marco Lizaola,L,E,V,L,L,L,E,L,L,L
9325,Marco N,L,L,L,V,L,L,L,E,V,L
9326,Marco N,E,L,V,V,L,V,V,V,E,V
9327,Marco N,L,V,V,E,L,L,L,L,L,L
9328,Marco Polo Talpa,L,L,V,L,L,E,V,V,L,L
9329,Marco Polo Talpa,L,E,V,L,L,L,E,E,E,E
9330,Marco Polo Talpa,L,V,V,E,E,V,V,L,L,V
9331,Marcos 1969,L,L,V,L,L,L,V,L,L,L
9332,Marcos 1969,L,V,V,L,V,V,V,L,V,L
9333,Marcos 1969,L,E,V,E,E,E,E,E,E,L
9334,Marcos 1969,L,L,V,L,L,L,L,L,L,L
9335,Marcos 1969,L,L,V,L,E,E,V,L,L,L
9336,Marcos Arguello,V,E,L,L,L,E,L,E,E,V
9337,Marcos Arguello,V,V,E,L,L,E,V,V,L,V
9338,MARCOS H,L,L,V,V,L,L,E,V,E,V
9339,MARCOS H,L,L,V,L,V,L,L,L,L,L
9340,Maria Jose R. M.,L,E,V,L,E,E,V,L,E,L
9341,Maria Jose R. M.,L,L,V,E,L,V,E,L,L,L
9342,Maria Jose R. M.,E,V,V,L,L,L,E,V,V,L
9343,Maria Jose R. M.,E,L,V,V,E,L,L,E,L,L
9344,Maria Jose R. M.,L,V,V,E,V,L,L,V,E,L
9345,Maria Jose R. M.,L,E,V,V,V,E,V,L,L,L
9346,Maria y José 🙏🌹❤️ ,L,E,E,E,E,V,V,V,E,V
9347,Maria y José 🙏🌹❤️ ,L,E,E,E,E,E,V,V,E,V
9348,Maria y José 🙏🌹❤️ ,L,E,E,E,L,V,V,V,E,V
9349,Maria y José 🙏🌹❤️ ,L,E,E,E,L,E,V,V,E,V
9350,Mariachi,L,V,E,L,V,L,V,L,L,L
9351,Mariachi,L,L,V,L,E,L,V,L,V,L
9352,Mariachi,L,V,V,L,E,L,V,L,E,L
9353,MARIANO YEPEZ,V,E,L,E,V,L,V,V,E,L
9354,MARIANO YEPEZ,V,L,E,V,V,E,L,V,V,L
9355,MARIANO YEPEZ,L,E,V,V,V,E,L,E,V,L
9356,MARIANO YEPEZ,E,V,L,V,E,L,V,V,L,L
9357,MARIANO YEPEZ,E,L,V,V,E,L,E,L,E,V
9358,MARIANO YEPEZ,E,V,V,E,L,E,V,E,L,V
9359,MARIANO YEPEZ,L,E,V,V,L,L,L,E,V,L
9360,MARIANO YEPEZ,L,L,E,V,E,L,L,V,L,E
9361,MARIANO YEPEZ,V,E,V,L,V,V,E,L,E,V
9362,MARIANO YEPEZ,E,L,V,L,V,V,L,E,V,V
9363,MARIANO YEPEZ,L,V,V,L,E,V,V,L,V,L
9364,MARIANO YEPEZ,L,V,V,E,L,E,L,V,L,V
9365,MARIANO YEPEZ,L,L,V,V,E,L,V,L,E,L
9366,MARIANO YEPEZ,V,V,L,L,E,V,E,V,L,L
9367,MARIANO YEPEZ,L,E,V,V,L,V,E,V,L,V
9368,Mario Ampudia,L,V,V,V,L,L,V,L,V,L
9369,Mario Ampudia,L,V,L,V,L,E,E,L,L,V
9370,Mario E,L,V,V,L,V,L,V,L,V,L
9371,Mario García ,L,V,V,L,L,L,E,E,E,V
9372,Mario García ,L,V,V,E,L,L,E,E,E,V
9373,Mario gs,L,L,V,V,L,E,V,L,E,L
9374,Mario gs,E,V,L,L,E,L,V,E,L,E
9375,Mario gs,V,E,V,E,V,L,E,V,L,L
9376,Mario Jaramillo Jr,L,L,V,E,L,L,V,E,V,L
9377,Mario Jaramillo Jr,L,L,V,L,L,L,E,L,E,L
9378,MARIO MEDRANO,L,V,V,V,L,L,L,V,L,L
9379,MARIO MEDRANO,L,E,V,V,L,E,L,E,E,L
9380,Mario Ordóñez,L,V,V,L,L,L,V,L,V,V
9381,Mario Ordóñez,L,L,L,V,V,L,L,L,E,L
9382,Mario Ordóñez,E,V,V,E,L,E,V,E,L,E
9383,Mario Ordóñez,V,E,E,L,E,L,V,V,V,V
9384,Mario Ordóñez,L,V,V,V,L,E,L,E,V,V
9385,Mario Ortega Pereyra,L,E,V,E,L,L,E,E,L,E
9386,Mario Ortega Pereyra,L,E,E,L,L,E,L,L,L,E
9387,Mario Ortega Pereyra,L,L,E,L,E,L,E,E,L,L
9388,Mario Ortega Pereyra,E,V,L,L,E,L,V,L,E,V
9389,Mario Ortega Pereyra,L,E,V,E,L,L,E,E,V,E
9390,Mario Ortiz García,L,V,V,L,V,E,V,E,L,L
9391,Mario Ortiz García,L,L,V,E,L,L,V,V,L,L
9392,Mario Ortiz García,L,V,E,L,V,E,L,V,E,V
9393,Mario Ortiz García,E,L,V,L,E,V,V,L,L,E
9394,Mario Ortiz García,L,E,L,V,V,E,V,V,V,E
9395,Mario Rangel,L,E,V,V,L,L,E,V,V,L
9396,Mario Rangel,L,E,E,L,L,E,V,E,L,L
9397,Mario Rangel,L,V,L,L,E,V,V,V,V,L
9398,Marioalvrez,L,E,L,E,E,L,V,L,E,L
9399,Marioalvrez,L,L,V,L,V,L,L,E,L,E
9400,Marioalvrez,L,V,E,L,V,V,V,L,V,L
9401,Marioalvrez,L,V,V,V,L,E,E,V,E,L
9402,Marioalvrez,L,L,L,E,E,E,E,E,E,E
9403,Marioalvrez,E,E,V,L,V,L,L,V,L,L
9404,Marioalvrez,E,V,E,E,E,L,E,V,V,L
9405,Marioalvrez,E,L,V,V,V,E,V,L,V,L
9406,Marioalvrez,V,L,E,L,L,L,V,L,L,L
9407,Marioalvrez,V,E,E,E,V,E,E,L,V,V
9408,Marisol flores,L,E,L,L,L,E,L,L,L,E
9409,Marisol flores,L,L,V,L,E,L,V,L,E,V
9410,Marisol flores,L,L,E,L,E,L,E,L,V,L
9411,MarquezZz,L,V,V,L,V,E,E,L,L,L
9412,MarquezZz,E,E,E,V,V,L,V,V,L,V
9413,MarquezZz,L,V,V,V,V,E,V,E,E,E
9414,MarquezZz,V,E,L,V,E,V,L,E,E,E
9415,MarquezZz,L,L,V,E,L,E,E,V,L,L
9416,Marquito Sanchez,L,V,L,E,L,L,E,L,V,L
9417,Marquito Sanchez,L,L,E,L,L,L,V,E,L,V
9418,Marquito Sanchez,L,E,L,V,E,L,E,L,L,L
9419,Marquito Sanchez,L,V,L,E,L,V,E,E,L,L
9420,Marquito Sanchez,L,V,E,L,L,E,V,L,L,L
9421,Martillo 114,L,L,L,V,V,L,V,L,E,L
9422,Martillo 114,L,V,E,V,E,L,V,E,V,L
9423,Martillo 114,L,E,V,E,L,L,L,L,L,E
9424,Martillo 114,L,V,V,L,L,V,E,V,L,V
9425,Martillo 114,L,L,L,V,V,E,V,E,V,V
9426,Martín Nuño,L,V,V,L,E,L,V,L,V,V
9427,Martín Nuño,L,V,E,L,V,E,E,L,E,V
9428,Martín Nuño,L,V,V,L,E,V,V,V,L,L
9429,Martín Zárate ,L,E,V,V,L,E,V,L,L,L
9430,Martín Zárate ,L,V,V,V,L,E,V,L,L,L
9431,Marty. ,L,L,E,L,L,L,L,L,L,L
9432,Marty. ,L,L,E,L,L,L,L,L,E,L
9433,Marty. ,L,L,E,L,L,L,L,L,V,L
9434,Marty. ,L,L,E,L,L,L,L,E,L,L
9435,Marty. ,L,L,E,L,L,L,L,E,E,L
9436,Marty. ,L,L,E,L,L,L,L,E,V,L
9437,Marty. ,L,L,E,L,L,L,E,L,L,L
9438,Marty. ,L,L,E,L,L,L,E,L,E,L
9439,Marty. ,L,L,E,L,L,L,E,L,V,L
9440,Marty. ,L,L,E,L,L,L,E,E,L,L
9441,Marty. ,L,L,E,L,L,L,E,E,E,L
9442,Marty. ,L,L,E,L,L,L,E,E,V,L
9443,Marty. ,L,L,E,L,E,L,L,L,L,L
9444,Marty. ,L,L,E,L,E,L,L,L,E,L
9445,Marty. ,L,L,E,L,E,L,L,L,V,L
9446,Marty. ,L,L,E,L,E,L,L,E,L,L
9447,Marty. ,L,L,E,L,E,L,L,E,E,L
9448,Marty. ,L,L,E,L,E,L,L,E,V,L
9449,Marty. ,L,L,E,L,E,L,E,L,L,L
9450,Marty. ,L,L,E,L,E,L,E,L,E,L
9451,Marty. ,L,L,E,L,E,L,E,L,V,L
9452,Marty. ,L,L,E,L,E,L,E,E,L,L
9453,Marty. ,L,L,E,L,E,L,E,E,E,L
9454,Marty. ,L,L,E,L,E,L,E,E,V,L
9455,Marty. ,L,L,E,V,L,L,L,L,L,L
9456,Marty. ,L,L,E,V,L,L,L,L,E,L
9457,Marty. ,L,L,E,V,L,L,L,L,V,L
9458,Marty. ,L,L,E,V,L,L,L,E,L,L
9459,Marty. ,L,L,E,V,L,L,L,E,E,L
9460,Marty. ,L,L,E,V,L,L,L,E,V,L
9461,Marty. ,L,L,E,V,L,L,E,L,L,L
9462,Marty. ,L,L,E,V,L,L,E,L,E,L
9463,Marty. ,L,L,E,V,L,L,E,L,V,L
9464,Marty. ,L,L,E,V,L,L,E,E,L,L
9465,Marty. ,L,L,E,V,L,L,E,E,E,L
9466,Marty. ,L,L,E,V,L,L,E,E,V,L
9467,Marty. ,L,L,E,V,E,L,L,L,L,L
9468,Marty. ,L,L,E,V,E,L,L,L,E,L
9469,Marty. ,L,L,E,V,E,L,L,L,V,L
9470,Marty. ,L,L,E,V,E,L,L,E,L,L
9471,Marty. ,L,L,E,V,E,L,L,E,E,L
9472,Marty. ,L,L,E,V,E,L,L,E,V,L
9473,Marty. ,L,L,E,V,E,L,E,L,L,L
9474,Marty. ,L,L,E,V,E,L,E,L,E,L
9475,Marty. ,L,L,E,V,E,L,E,L,V,L
9476,Marty. ,L,L,E,V,E,L,E,E,L,L
9477,Marty. ,L,L,E,V,E,L,E,E,E,L
9478,Marty. ,L,L,E,V,E,L,E,E,V,L
9479,Marty. ,L,L,V,L,L,L,L,L,L,L
9480,Marty. ,L,L,V,L,L,L,L,L,E,L
9481,Marty. ,L,L,V,L,L,L,L,L,V,L
9482,Marty. ,L,L,V,L,L,L,L,E,L,L
9483,Marty. ,L,L,V,L,L,L,L,E,E,L
9484,Marty. ,L,L,V,L,L,L,L,E,V,L
9485,Marty. ,L,L,V,L,L,L,E,L,L,L
9486,Marty. ,L,L,V,L,L,L,E,L,E,L
9487,Marty. ,L,L,V,L,L,L,E,L,V,L
9488,Marty. ,L,L,V,L,L,L,E,E,L,L
9489,Marty. ,L,L,V,L,L,L,E,E,E,L
9490,Marty. ,L,L,V,L,L,L,E,E,V,L
9491,Marty. ,L,L,V,L,E,L,L,L,L,L
9492,Marty. ,L,L,V,L,E,L,L,L,E,L
9493,Marty. ,L,L,V,L,E,L,L,L,V,L
9494,Marty. ,L,L,V,L,E,L,L,E,L,L
9495,Marty. ,L,L,V,L,E,L,L,E,E,L
9496,Marty. ,L,L,V,L,E,L,L,E,V,L
9497,Marty. ,L,L,V,L,E,L,E,L,L,L
9498,Marty. ,L,L,V,L,E,L,E,L,E,L
9499,Marty. ,L,L,V,L,E,L,E,L,V,L
9500,Marty. ,L,L,V,L,E,L,E,E,L,L
9501,Marty. ,L,L,V,L,E,L,E,E,E,L
9502,Marty. ,L,L,V,L,E,L,E,E,V,L
9503,Marty. ,L,L,V,V,L,L,L,L,L,L
9504,Marty. ,L,L,V,V,L,L,L,L,E,L
9505,Marty. ,L,L,V,V,L,L,L,L,V,L
9506,Marty. ,L,L,V,V,L,L,L,E,L,L
9507,Marty. ,L,L,V,V,L,L,L,E,E,L
9508,Marty. ,L,L,V,V,L,L,L,E,V,L
9509,Marty. ,L,L,V,V,L,L,E,L,L,L
9510,Marty. ,L,L,V,V,L,L,E,L,E,L
9511,Marty. ,L,L,V,V,L,L,E,L,V,L
9512,Marty. ,L,L,V,V,L,L,E,E,L,L
9513,Marty. ,L,L,V,V,L,L,E,E,E,L
9514,Marty. ,L,L,V,V,L,L,E,E,V,L
9515,Marty. ,L,L,V,V,E,L,L,L,L,L
9516,Marty. ,L,L,V,V,E,L,L,L,E,L
9517,Marty. ,L,L,V,V,E,L,L,L,V,L
9518,Marty. ,L,L,V,V,E,L,L,E,L,L
9519,Marty. ,L,L,V,V,E,L,L,E,E,L
9520,Marty. ,L,L,V,V,E,L,L,E,V,L
9521,Marty. ,L,L,V,V,E,L,E,L,L,L
9522,Marty. ,L,L,V,V,E,L,E,L,E,L
9523,Marty. ,L,L,V,V,E,L,E,L,V,L
9524,Marty. ,L,L,V,V,E,L,E,E,L,L
9525,Marty. ,L,L,V,V,E,L,E,E,E,L
9526,Marty. ,L,L,V,V,E,L,E,E,V,L
9527,Marty. ,L,V,E,L,L,L,L,L,L,L
9528,Marty. ,L,V,E,L,L,L,L,L,E,L
9529,Marty. ,L,V,E,L,L,L,L,L,V,L
9530,Marty. ,L,V,E,L,L,L,L,E,L,L
9531,Marty. ,L,V,E,L,L,L,L,E,E,L
9532,Marty. ,L,V,E,L,L,L,L,E,V,L
9533,Marty. ,L,V,E,L,L,L,E,L,L,L
9534,Marty. ,L,V,E,L,L,L,E,L,E,L
9535,Marty. ,L,V,E,L,L,L,E,L,V,L
9536,Marty. ,L,V,E,L,L,L,E,E,L,L
9537,Marty. ,L,V,E,L,L,L,E,E,E,L
9538,Marty. ,L,V,E,L,L,L,E,E,V,L
9539,Marty. ,L,V,E,L,E,L,L,L,L,L
9540,Marty. ,L,V,E,L,E,L,L,L,E,L
9541,Marty. ,L,V,E,L,E,L,L,L,V,L
9542,Marty. ,L,V,E,L,E,L,L,E,L,L
9543,Marty. ,L,V,E,L,E,L,L,E,E,L
9544,Marty. ,L,V,E,L,E,L,L,E,V,L
9545,Marty. ,L,V,E,L,E,L,E,L,L,L
9546,Marty. ,L,V,E,L,E,L,E,L,E,L
9547,Marty. ,L,V,E,L,E,L,E,L,V,L
9548,Marty. ,L,V,E,L,E,L,E,E,L,L
9549,Marty. ,L,V,E,L,E,L,E,E,E,L
9550,Marty. ,L,V,E,L,E,L,E,E,V,L
9551,Marty. ,L,V,E,V,L,L,L,L,L,L
9552,Marty. ,L,V,E,V,L,L,L,L,E,L
9553,Marty. ,L,V,E,V,L,L,L,L,V,L
9554,Marty. ,L,V,E,V,L,L,L,E,L,L
9555,Marty. ,L,V,E,V,L,L,L,E,E,L
9556,Marty. ,L,V,E,V,L,L,L,E,V,L
9557,Marty. ,L,V,E,V,L,L,E,L,L,L
9558,Marty. ,L,V,E,V,L,L,E,L,E,L
9559,Marty. ,L,V,E,V,L,L,E,L,V,L
9560,Marty. ,L,V,E,V,L,L,E,E,L,L
9561,Marty. ,L,V,E,V,L,L,E,E,E,L
9562,Marty. ,L,V,E,V,L,L,E,E,V,L
9563,Marty. ,L,V,E,V,E,L,L,L,L,L
9564,Marty. ,L,V,E,V,E,L,L,L,E,L
9565,Marty. ,L,V,E,V,E,L,L,L,V,L
9566,Marty. ,L,V,E,V,E,L,L,E,L,L
9567,Marty. ,L,V,E,V,E,L,L,E,E,L
9568,Marty. ,L,V,E,V,E,L,L,E,V,L
9569,Marty. ,L,V,E,V,E,L,E,L,L,L
9570,Marty. ,L,V,E,V,E,L,E,L,E,L
9571,Marty. ,L,V,E,V,E,L,E,L,V,L
9572,Marty. ,L,V,E,V,E,L,E,E,L,L
9573,Marty. ,L,V,E,V,E,L,E,E,E,L
9574,Marty. ,L,V,E,V,E,L,E,E,V,L
9575,Marty. ,L,V,V,L,L,L,L,L,L,L
9576,Marty. ,L,V,V,L,L,L,L,L,E,L
9577,Marty. ,L,V,V,L,L,L,L,L,V,L
9578,Marty. ,L,V,V,L,L,L,L,E,L,L
9579,Marty. ,L,V,V,L,L,L,L,E,E,L
9580,Marty. ,L,V,V,L,L,L,L,E,V,L
9581,Marty. ,L,V,V,L,L,L,E,L,L,L
9582,Marty. ,L,V,V,L,L,L,E,L,E,L
9583,Marty. ,L,V,V,L,L,L,E,L,V,L
9584,Marty. ,L,V,V,L,L,L,E,E,L,L
9585,Marty. ,L,V,V,L,L,L,E,E,E,L
9586,Marty. ,L,V,V,L,L,L,E,E,V,L
9587,Marty. ,L,V,V,L,E,L,L,L,L,L
9588,Marty. ,L,V,V,L,E,L,L,L,E,L
9589,Marty. ,L,V,V,L,E,L,L,L,V,L
9590,Marty. ,L,V,V,L,E,L,L,E,L,L
9591,Marty. ,L,V,V,L,E,L,L,E,E,L
9592,Marty. ,L,V,V,L,E,L,L,E,V,L
9593,Marty. ,L,V,V,L,E,L,E,L,L,L
9594,Marty. ,L,V,V,L,E,L,E,L,E,L
9595,Marty. ,L,V,V,L,E,L,E,L,V,L
9596,Marty. ,L,V,V,L,E,L,E,E,L,L
9597,Marty. ,L,V,V,L,E,L,E,E,E,L
9598,Marty. ,L,V,V,L,E,L,E,E,V,L
9599,Marty. ,L,V,V,V,L,L,L,L,L,L
9600,Marty. ,L,V,V,V,L,L,L,L,E,L
9601,Marty. ,L,V,V,V,L,L,L,L,V,L
9602,Marty. ,L,V,V,V,L,L,L,E,L,L
9603,Marty. ,L,V,V,V,L,L,L,E,E,L
9604,Marty. ,L,V,V,V,L,L,L,E,V,L
9605,Marty. ,L,V,V,V,L,L,E,L,L,L
9606,Marty. ,L,V,V,V,L,L,E,L,E,L
9607,Marty. ,L,V,V,V,L,L,E,L,V,L
9608,Marty. ,L,V,V,V,L,L,E,E,L,L
9609,Marty. ,L,V,V,V,L,L,E,E,E,L
9610,Marty. ,L,V,V,V,L,L,E,E,V,L
9611,Marty. ,L,V,V,V,E,L,L,L,L,L
9612,Marty. ,L,V,V,V,E,L,L,L,E,L
9613,Marty. ,L,V,V,V,E,L,L,L,V,L
9614,Marty. ,L,V,V,V,E,L,L,E,L,L
9615,Marty. ,L,V,V,V,E,L,L,E,E,L
9616,Marty. ,L,V,V,V,E,L,L,E,V,L
9617,Marty. ,L,V,V,V,E,L,E,L,L,L
9618,Marty. ,L,V,V,V,E,L,E,L,E,L
9619,Marty. ,L,V,V,V,E,L,E,L,V,L
9620,Marty. ,L,V,V,V,E,L,E,E,L,L
9621,Marty. ,L,V,V,V,E,L,E,E,E,L
9622,Marty. ,L,V,V,V,E,L,E,E,V,L
9623,Marty. ,L,E,E,L,L,L,L,L,L,L
9624,Marty. ,L,E,E,L,L,L,L,L,E,L
9625,Marty. ,L,E,E,L,L,L,L,L,V,L
9626,Marty. ,L,E,E,L,L,L,L,E,L,L
9627,Marty. ,L,E,E,L,L,L,L,E,E,L
9628,Marty. ,L,E,E,L,L,L,L,E,V,L
9629,Marty. ,L,E,E,L,L,L,E,L,L,L
9630,Marty. ,L,E,E,L,L,L,E,L,E,L
9631,Marty. ,L,E,E,L,L,L,E,L,V,L
9632,Marty. ,L,E,E,L,L,L,E,E,L,L
9633,Marty. ,L,E,E,L,L,L,E,E,E,L
9634,Marty. ,L,E,E,L,L,L,E,E,V,L
9635,Marty. ,L,E,E,L,E,L,L,L,L,L
9636,Marty. ,L,E,E,L,E,L,L,L,E,L
9637,Marty. ,L,E,E,L,E,L,L,L,V,L
9638,Marty. ,L,E,E,L,E,L,L,E,L,L
9639,Marty. ,L,E,E,L,E,L,L,E,E,L
9640,Marty. ,L,E,E,L,E,L,L,E,V,L
9641,Marty. ,L,E,E,L,E,L,E,L,L,L
9642,Marty. ,L,E,E,L,E,L,E,L,E,L
9643,Marty. ,L,E,E,L,E,L,E,L,V,L
9644,Marty. ,L,E,E,L,E,L,E,E,L,L
9645,Marty. ,L,E,E,L,E,L,E,E,E,L
9646,Marty. ,L,E,E,L,E,L,E,E,V,L
9647,Marty. ,L,E,E,V,L,L,L,L,L,L
9648,Marty. ,L,E,E,V,L,L,L,L,E,L
9649,Marty. ,L,E,E,V,L,L,L,L,V,L
9650,Marty. ,L,E,E,V,L,L,L,E,L,L
9651,Marty. ,L,E,E,V,L,L,L,E,E,L
9652,Marty. ,L,E,E,V,L,L,L,E,V,L
9653,Marty. ,L,E,E,V,L,L,E,L,L,L
9654,Marty. ,L,E,E,V,L,L,E,L,E,L
9655,Marty. ,L,E,E,V,L,L,E,L,V,L
9656,Marty. ,L,E,E,V,L,L,E,E,L,L
9657,Marty. ,L,E,E,V,L,L,E,E,E,L
9658,Marty. ,L,E,E,V,L,L,E,E,V,L
9659,Marty. ,L,E,E,V,E,L,L,L,L,L
9660,Marty. ,L,E,E,V,E,L,L,L,E,L
9661,Marty. ,L,E,E,V,E,L,L,L,V,L
9662,Marty. ,L,E,E,V,E,L,L,E,L,L
9663,Marty. ,L,E,E,V,E,L,L,E,E,L
9664,Marty. ,L,E,E,V,E,L,L,E,V,L
9665,Marty. ,L,E,E,V,E,L,E,L,L,L
9666,Marty. ,L,E,E,V,E,L,E,L,E,L
9667,Marty. ,L,E,E,V,E,L,E,L,V,L
9668,Marty. ,L,E,E,V,E,L,E,E,L,L
9669,Marty. ,L,E,E,V,E,L,E,E,E,L
9670,Marty. ,L,E,E,V,E,L,E,E,V,L
9671,Marty. ,L,E,V,L,L,L,L,L,L,L
9672,Marty. ,L,E,V,L,L,L,L,L,E,L
9673,Marty. ,L,E,V,L,L,L,L,L,V,L
9674,Marty. ,L,E,V,L,L,L,L,E,L,L
9675,Marty. ,L,E,V,L,L,L,L,E,E,L
9676,Marty. ,L,E,V,L,L,L,L,E,V,L
9677,Marty. ,L,E,V,L,L,L,E,L,L,L
9678,Marty. ,L,E,V,L,L,L,E,L,E,L
9679,Marty. ,L,E,V,L,L,L,E,L,V,L
9680,Marty. ,L,E,V,L,L,L,E,E,L,L
9681,Marty. ,L,E,V,L,L,L,E,E,E,L
9682,Marty. ,L,E,V,L,L,L,E,E,V,L
9683,Marty. ,L,E,V,L,E,L,L,L,L,L
9684,Marty. ,L,E,V,L,E,L,L,L,E,L
9685,Marty. ,L,E,V,L,E,L,L,L,V,L
9686,Marty. ,L,E,V,L,E,L,L,E,L,L
9687,Marty. ,L,E,V,L,E,L,L,E,E,L
9688,Marty. ,L,E,V,L,E,L,L,E,V,L
9689,Marty. ,L,E,V,L,E,L,E,L,L,L
9690,Marty. ,L,E,V,L,E,L,E,L,E,L
9691,Marty. ,L,E,V,L,E,L,E,L,V,L
9692,Marty. ,L,E,V,L,E,L,E,E,L,L
9693,Marty. ,L,E,V,L,E,L,E,E,E,L
9694,Marty. ,L,E,V,L,E,L,E,E,V,L
9695,Marty. ,L,E,V,V,L,L,L,L,L,L
9696,Marty. ,L,E,V,V,L,L,L,L,E,L
9697,Marty. ,L,E,V,V,L,L,L,L,V,L
9698,Marty. ,L,E,V,V,L,L,L,E,L,L
9699,Marty. ,L,E,V,V,L,L,L,E,E,L
9700,Marty. ,L,E,V,V,L,L,L,E,V,L
9701,Marty. ,L,E,V,V,L,L,E,L,L,L
9702,Marty. ,L,E,V,V,L,L,E,L,E,L
9703,Marty. ,L,E,V,V,L,L,E,L,V,L
9704,Marty. ,L,E,V,V,L,L,E,E,L,L
9705,Marty. ,L,E,V,V,L,L,E,E,E,L
9706,Marty. ,L,E,V,V,L,L,E,E,V,L
9707,Marty. ,L,E,V,V,E,L,L,L,L,L
9708,Marty. ,L,E,V,V,E,L,L,L,E,L
9709,Marty. ,L,E,V,V,E,L,L,L,V,L
9710,Marty. ,L,E,V,V,E,L,L,E,L,L
9711,Marty. ,L,E,V,V,E,L,L,E,E,L
9712,Marty. ,L,E,V,V,E,L,L,E,V,L
9713,Marty. ,L,E,V,V,E,L,E,L,L,L
9714,Marty. ,L,E,V,V,E,L,E,L,E,L
9715,Marty. ,L,E,V,V,E,L,E,L,V,L
9716,Marty. ,L,E,V,V,E,L,E,E,L,L
9717,Marty. ,L,E,V,V,E,L,E,E,E,L
9718,Marty. ,L,E,V,V,E,L,E,E,V,L
9719,Mateo González,L,L,V,V,L,L,L,L,V,E
9720,Mateo González,L,V,V,E,L,L,L,L,V,V
9721,Matteo guapo,L,E,V,E,L,L,E,L,E,L
9722,Matteo guapo,E,E,V,E,E,L,E,L,E,L
9723,Matteo guapo,L,L,V,L,L,L,L,L,L,L
9724,Matteo guapo,L,E,V,L,E,L,L,L,L,L
9725,Matteo guapo,L,V,V,V,E,L,V,L,V,L
9726,Matteo guapo,L,V,V,L,E,L,V,E,V,L
9727,Mauricio gaona,L,V,V,V,L,L,L,L,L,V
9728,Mauricio gaona,L,L,V,L,L,L,E,L,L,V
9729,Max,V,L,L,E,L,E,V,V,E,L
9730,Max,V,V,L,L,L,V,E,L,E,L
9731,Max,L,V,L,E,V,V,E,L,V,L
9732,Max,E,V,L,L,E,V,E,L,V,V
9733,Max,E,V,L,E,L,V,L,L,L,E
9734,Max,V,V,E,L,L,V,L,L,L,L
9735,Max,V,V,L,E,L,E,E,L,E,L
9736,Max,L,L,L,L,L,V,L,L,V,V
9737,Max,L,V,L,L,V,L,L,L,V,L
9738,Max,L,V,L,L,L,V,V,L,L,L
9739,Max,L,V,E,V,E,L,L,L,E,L
9740,Max,L,L,V,V,V,L,L,L,L,L
9741,Max,L,V,V,E,E,L,E,L,V,V
9742,Max,L,L,V,V,L,V,L,L,V,L
9743,Max,L,V,V,E,V,L,E,E,V,L
9744,Maxi Cacho Elias 🚜,V,L,E,L,E,V,V,V,L,V
9745,Maxi Cacho Elias 🚜,L,E,V,L,L,E,L,E,V,V
9746,Maxi Cacho Elias 🚜,E,V,L,E,V,L,E,L,E,E
9747,Maxi Cacho Elias 🚜,L,V,V,V,L,E,V,L,V,L
9748,Maxi Cacho Elias 🚜,V,L,L,E,V,V,V,V,L,E
9749,Máxime,E,L,L,L,E,V,L,L,V,V
9750,Máxime,L,V,V,L,L,V,L,L,L,L
9751,Máxime,V,L,V,L,V,L,V,L,V,L
9752,Máxime,L,L,L,L,L,L,L,L,L,L
9753,Máxime,E,E,L,E,L,E,V,L,E,L
9754,Maximo Morelia,L,E,V,L,E,L,E,L,E,L
9755,Maximo Morelia 1,L,V,V,L,L,E,L,E,E,L
9756,Maximo Morelia 2,E,E,V,L,E,E,V,E,V,L
9757,May zavala,L,V,V,V,L,L,V,V,V,V
9758,Mayuky,L,E,V,L,E,L,E,V,V,L
9759,Mayuky,L,L,V,E,L,E,L,E,V,L
9760,Mechon Vázquez,V,V,E,E,L,V,V,E,L,L
9761,Mechon Vázquez,V,L,L,L,L,L,L,L,L,L
9762,Mechon Vázquez,V,L,L,L,E,V,V,L,L,E
9763,Mechon Vázquez,E,E,V,L,E,V,L,V,L,L
9764,Mechon Vázquez C,L,L,E,L,V,L,E,L,L,L
9765,Melco,L,V,V,L,E,L,L,L,L,L
9766,Melco,E,E,V,L,E,L,E,L,V,L
9767,Melissa,L,V,V,V,V,V,E,V,E,L
9768,Melita 😍😘🥰 ,L,V,V,L,L,E,V,L,L,L
9769,Melita 😍😘🥰 ,L,V,V,L,L,E,V,L,V,L
9770,Melita 😍😘🥰 ,L,V,V,L,L,E,V,E,L,L
9771,Melita 😍😘🥰 ,L,V,V,L,L,E,V,E,V,L
9772,Melita 😍😘🥰 ,L,V,V,L,L,E,L,L,L,L
9773,Melita 😍😘🥰 ,L,V,V,L,L,E,L,L,V,L
9774,Melita 😍😘🥰 ,L,V,V,L,L,E,L,E,L,L
9775,Melita 😍😘🥰 ,L,V,V,L,L,E,L,E,V,L
9776,Melita 😍😘🥰 ,L,V,V,L,L,L,V,L,L,L
9777,Melita 😍😘🥰 ,L,V,V,L,L,L,V,L,V,L
9778,Melita 😍😘🥰 ,L,V,V,L,L,L,V,E,L,L
9779,Melita 😍😘🥰 ,L,V,V,L,L,L,V,E,V,L
9780,Melita 😍😘🥰 ,L,V,V,L,L,L,L,L,L,L
9781,Melita 😍😘🥰 ,L,V,V,L,L,L,L,L,V,L
9782,Melita 😍😘🥰 ,L,V,V,L,L,L,L,E,L,L
9783,Melita 😍😘🥰 ,L,V,V,L,L,L,L,E,V,L
9784,Melita 😍😘🥰 ,L,V,V,V,L,E,V,L,L,L
9785,Melita 😍😘🥰 ,L,V,V,V,L,E,V,L,V,L
9786,Melita 😍😘🥰 ,L,V,V,V,L,E,V,E,L,L
9787,Melita 😍😘🥰 ,L,V,V,V,L,E,V,E,V,L
9788,Melita 😍😘🥰 ,L,V,V,V,L,E,L,L,L,L
9789,Melita 😍😘🥰 ,L,V,V,V,L,E,L,L,V,L
9790,Melita 😍😘🥰 ,L,V,V,V,L,E,L,E,L,L
9791,Melita 😍😘🥰 ,L,V,V,V,L,E,L,E,V,L
9792,Melita 😍😘🥰 ,L,V,V,V,L,L,V,L,L,L
9793,Melita 😍😘🥰 ,L,V,V,V,L,L,V,L,V,L
9794,Melita 😍😘🥰 ,L,V,V,V,L,L,V,E,L,L
9795,Melita 😍😘🥰 ,L,V,V,V,L,L,V,E,V,L
9796,Melita 😍😘🥰 ,L,V,V,V,L,L,L,L,L,L
9797,Melita 😍😘🥰 ,L,V,V,V,L,L,L,L,V,L
9798,Melita 😍😘🥰 ,L,V,V,V,L,L,L,E,L,L
9799,Melita 😍😘🥰 ,L,V,V,V,L,L,L,E,V,L
9800,Melita 😍😘🥰 ,L,V,V,E,L,E,V,L,L,L
9801,Melita 😍😘🥰 ,L,V,V,E,L,E,V,L,V,L
9802,Melita 😍😘🥰 ,L,V,V,E,L,E,V,E,L,L
9803,Melita 😍😘🥰 ,L,V,V,E,L,E,V,E,V,L
9804,Melita 😍😘🥰 ,L,V,V,E,L,E,L,L,L,L
9805,Melita 😍😘🥰 ,L,V,V,E,L,E,L,L,V,L
9806,Melita 😍😘🥰 ,L,V,V,E,L,E,L,E,L,L
9807,Melita 😍😘🥰 ,L,V,V,E,L,E,L,E,V,L
9808,Melita 😍😘🥰 ,L,V,V,E,L,L,V,L,L,L
9809,Melita 😍😘🥰 ,L,V,V,E,L,L,V,L,V,L
9810,Melita 😍😘🥰 ,L,V,V,E,L,L,V,E,L,L
9811,Melita 😍😘🥰 ,L,V,V,E,L,L,V,E,V,L
9812,Melita 😍😘🥰 ,L,V,V,E,L,L,L,L,L,L
9813,Melita 😍😘🥰 ,L,V,V,E,L,L,L,L,V,L
9814,Melita 😍😘🥰 ,L,V,V,E,L,L,L,E,L,L
9815,Melita 😍😘🥰 ,L,V,V,E,L,L,L,E,V,L
9816,Melita 😍😘🥰 ,L,L,V,L,L,E,V,L,L,L
9817,Melita 😍😘🥰 ,L,L,V,L,L,E,V,L,V,L
9818,Melita 😍😘🥰 ,L,L,V,L,L,E,V,E,L,L
9819,Melita 😍😘🥰 ,L,L,V,L,L,E,V,E,V,L
9820,Melita 😍😘🥰 ,L,L,V,L,L,E,L,L,L,L
9821,Melita 😍😘🥰 ,L,L,V,L,L,E,L,L,V,L
9822,Melita 😍😘🥰 ,L,L,V,L,L,E,L,E,L,L
9823,Melita 😍😘🥰 ,L,L,V,L,L,E,L,E,V,L
9824,Melita 😍😘🥰 ,L,L,V,L,L,L,V,L,L,L
9825,Melita 😍😘🥰 ,L,L,V,L,L,L,V,L,V,L
9826,Melita 😍😘🥰 ,L,L,V,L,L,L,V,E,L,L
9827,Melita 😍😘🥰 ,L,L,V,L,L,L,V,E,V,L
9828,Melita 😍😘🥰 ,L,L,V,L,L,L,L,L,L,L
9829,Melita 😍😘🥰 ,L,L,V,L,L,L,L,L,V,L
9830,Melita 😍😘🥰 ,L,L,V,L,L,L,L,E,L,L
9831,Melita 😍😘🥰 ,L,L,V,L,L,L,L,E,V,L
9832,Melita 😍😘🥰 ,L,L,V,V,L,E,V,L,L,L
9833,Melita 😍😘🥰 ,L,L,V,V,L,E,V,L,V,L
9834,Melita 😍😘🥰 ,L,L,V,V,L,E,V,E,L,L
9835,Melita 😍😘🥰 ,L,L,V,V,L,E,V,E,V,L
9836,Melita 😍😘🥰 ,L,L,V,V,L,E,L,L,L,L
9837,Melita 😍😘🥰 ,L,L,V,V,L,E,L,L,V,L
9838,Melita 😍😘🥰 ,L,L,V,V,L,E,L,E,L,L
9839,Melita 😍😘🥰 ,L,L,V,V,L,E,L,E,V,L
9840,Melita 😍😘🥰 ,L,L,V,V,L,L,V,L,L,L
9841,Melita 😍😘🥰 ,L,L,V,V,L,L,V,L,V,L
9842,Melita 😍😘🥰 ,L,L,V,V,L,L,V,E,L,L
9843,Melita 😍😘🥰 ,L,L,V,V,L,L,V,E,V,L
9844,Melita 😍😘🥰 ,L,L,V,V,L,L,L,L,L,L
9845,Melita 😍😘🥰 ,L,L,V,V,L,L,L,L,V,L
9846,Melita 😍😘🥰 ,L,L,V,V,L,L,L,E,L,L
9847,Melita 😍😘🥰 ,L,L,V,V,L,L,L,E,V,L
9848,Melita 😍😘🥰 ,L,L,V,E,L,E,V,L,L,L
9849,Melita 😍😘🥰 ,L,L,V,E,L,E,V,L,V,L
9850,Melita 😍😘🥰 ,L,L,V,E,L,E,V,E,L,L
9851,Melita 😍😘🥰 ,L,L,V,E,L,E,V,E,V,L
9852,Melita 😍😘🥰 ,L,L,V,E,L,E,L,L,L,L
9853,Melita 😍😘🥰 ,L,L,V,E,L,E,L,L,V,L
9854,Melita 😍😘🥰 ,L,L,V,E,L,E,L,E,L,L
9855,Melita 😍😘🥰 ,L,L,V,E,L,E,L,E,V,L
9856,Melita 😍😘🥰 ,L,L,V,E,L,L,V,L,L,L
9857,Melita 😍😘🥰 ,L,L,V,E,L,L,V,L,V,L
9858,Melita 😍😘🥰 ,L,L,V,E,L,L,V,E,L,L
9859,Melita 😍😘🥰 ,L,L,V,E,L,L,V,E,V,L
9860,Melita 😍😘🥰 ,L,L,V,E,L,L,L,L,L,L
9861,Melita 😍😘🥰 ,L,L,V,E,L,L,L,L,V,L
9862,Melita 😍😘🥰 ,L,L,V,E,L,L,L,E,L,L
9863,Melita 😍😘🥰 ,L,L,V,E,L,L,L,E,V,L
9864,Melita 😍😘🥰 ,L,E,V,L,L,E,V,L,L,L
9865,Melita 😍😘🥰 ,L,E,V,L,L,E,V,L,V,L
9866,Melita 😍😘🥰 ,L,E,V,L,L,E,V,E,L,L
9867,Melita 😍😘🥰 ,L,E,V,L,L,E,V,E,V,L
9868,Melita 😍😘🥰 ,L,E,V,L,L,E,L,L,L,L
9869,Melita 😍😘🥰 ,L,E,V,L,L,E,L,L,V,L
9870,Melita 😍😘🥰 ,L,E,V,L,L,E,L,E,L,L
9871,Melita 😍😘🥰 ,L,E,V,L,L,E,L,E,V,L
9872,Melita 😍😘🥰 ,L,E,V,L,L,L,V,L,L,L
9873,Melita 😍😘🥰 ,L,E,V,L,L,L,V,L,V,L
9874,Melita 😍😘🥰 ,L,E,V,L,L,L,V,E,L,L
9875,Melita 😍😘🥰 ,L,E,V,L,L,L,V,E,V,L
9876,Melita 😍😘🥰 ,L,E,V,L,L,L,L,L,L,L
9877,Melita 😍😘🥰 ,L,E,V,L,L,L,L,L,V,L
9878,Melita 😍😘🥰 ,L,E,V,L,L,L,L,E,L,L
9879,Melita 😍😘🥰 ,L,E,V,L,L,L,L,E,V,L
9880,Melita 😍😘🥰 ,L,E,V,V,L,E,V,L,L,L
9881,Melita 😍😘🥰 ,L,E,V,V,L,E,V,L,V,L
9882,Melita 😍😘🥰 ,L,E,V,V,L,E,V,E,L,L
9883,Melita 😍😘🥰 ,L,E,V,V,L,E,V,E,V,L
9884,Melita 😍😘🥰 ,L,E,V,V,L,E,L,L,L,L
9885,Melita 😍😘🥰 ,L,E,V,V,L,E,L,L,V,L
9886,Melita 😍😘🥰 ,L,E,V,V,L,E,L,E,L,L
9887,Melita 😍😘🥰 ,L,E,V,V,L,E,L,E,V,L
9888,Melita 😍😘🥰 ,L,E,V,V,L,L,V,L,L,L
9889,Melita 😍😘🥰 ,L,E,V,V,L,L,V,L,V,L
9890,Melita 😍😘🥰 ,L,E,V,V,L,L,V,E,L,L
9891,Melita 😍😘🥰 ,L,E,V,V,L,L,V,E,V,L
9892,Melita 😍😘🥰 ,L,E,V,V,L,L,L,L,L,L
9893,Melita 😍😘🥰 ,L,E,V,V,L,L,L,L,V,L
9894,Melita 😍😘🥰 ,L,E,V,V,L,L,L,E,L,L
9895,Melita 😍😘🥰 ,L,E,V,V,L,L,L,E,V,L
9896,Melita 😍😘🥰 ,L,E,V,E,L,E,V,L,L,L
9897,Melita 😍😘🥰 ,L,E,V,E,L,E,V,L,V,L
9898,Melita 😍😘🥰 ,L,E,V,E,L,E,V,E,L,L
9899,Melita 😍😘🥰 ,L,E,V,E,L,E,V,E,V,L
9900,Melita 😍😘🥰 ,L,E,V,E,L,E,L,L,L,L
9901,Melita 😍😘🥰 ,L,E,V,E,L,E,L,L,V,L
9902,Melita 😍😘🥰 ,L,E,V,E,L,E,L,E,L,L
9903,Melita 😍😘🥰 ,L,E,V,E,L,E,L,E,V,L
9904,Melita 😍😘🥰 ,L,E,V,E,L,L,V,L,L,L
9905,Melita 😍😘🥰 ,L,E,V,E,L,L,V,L,V,L
9906,Melita 😍😘🥰 ,L,E,V,E,L,L,V,E,L,L
9907,Melita 😍😘🥰 ,L,E,V,E,L,L,V,E,V,L
9908,Melita 😍😘🥰 ,L,E,V,E,L,L,L,L,L,L
9909,Melita 😍😘🥰 ,L,E,V,E,L,L,L,L,V,L
9910,Melita 😍😘🥰 ,L,E,V,E,L,L,L,E,L,L
9911,Melita 😍😘🥰 ,L,E,V,E,L,L,L,E,V,L
9912,Melita 😍😘🥰 ,L,V,V,L,L,L,E,E,L,L
9913,Melita 😍😘🥰 ,L,V,V,L,L,L,E,E,E,L
9914,Melita 😍😘🥰 ,L,V,V,L,L,L,E,L,L,L
9915,Melita 😍😘🥰 ,L,V,V,L,L,L,E,L,E,L
9916,Melita 😍😘🥰 ,L,V,V,L,L,L,L,E,L,L
9917,Melita 😍😘🥰 ,L,V,V,L,L,L,L,E,E,L
9918,Melita 😍😘🥰 ,L,V,V,L,L,L,L,L,L,L
9919,Melita 😍😘🥰 ,L,V,V,L,L,L,L,L,E,L
9920,Melita 😍😘🥰 ,L,V,V,L,E,L,E,E,L,L
9921,Melita 😍😘🥰 ,L,V,V,L,E,L,E,E,E,L
9922,Melita 😍😘🥰 ,L,V,V,L,E,L,E,L,L,L
9923,Melita 😍😘🥰 ,L,V,V,L,E,L,E,L,E,L
9924,Melita 😍😘🥰 ,L,V,V,L,E,L,L,E,L,L
9925,Melita 😍😘🥰 ,L,V,V,L,E,L,L,E,E,L
9926,Melita 😍😘🥰 ,L,V,V,L,E,L,L,L,L,L
9927,Melita 😍😘🥰 ,L,V,V,L,E,L,L,L,E,L
9928,Melita 😍😘🥰 ,L,E,V,L,L,L,E,E,L,L
9929,Melita 😍😘🥰 ,L,E,V,L,L,L,E,E,E,L
9930,Melita 😍😘🥰 ,L,E,V,L,L,L,E,L,L,L
9931,Melita 😍😘🥰 ,L,E,V,L,L,L,E,L,E,L
9932,Melita 😍😘🥰 ,L,E,V,L,L,L,L,E,L,L
9933,Melita 😍😘🥰 ,L,E,V,L,L,L,L,E,E,L
9934,Melita 😍😘🥰 ,L,E,V,L,L,L,L,L,L,L
9935,Melita 😍😘🥰 ,L,E,V,L,L,L,L,L,E,L
9936,Melita 😍😘🥰 ,L,E,V,L,E,L,E,E,L,L
9937,Melita 😍😘🥰 ,L,E,V,L,E,L,E,E,E,L
9938,Melita 😍😘🥰 ,L,E,V,L,E,L,E,L,L,L
9939,Melita 😍😘🥰 ,L,E,V,L,E,L,E,L,E,L
9940,Melita 😍😘🥰 ,L,E,V,L,E,L,L,E,L,L
9941,Melita 😍😘🥰 ,L,E,V,L,E,L,L,E,E,L
9942,Melita 😍😘🥰 ,L,E,V,L,E,L,L,L,L,L
9943,Melita 😍😘🥰 ,L,E,V,L,E,L,L,L,E,L
9944,Melita 😍😘🥰 ,L,L,V,L,L,L,E,E,L,L
9945,Melita 😍😘🥰 ,L,L,V,L,L,L,E,E,E,L
9946,Melita 😍😘🥰 ,L,L,V,L,L,L,E,L,L,L
9947,Melita 😍😘🥰 ,L,L,V,L,L,L,E,L,E,L
9948,Melita 😍😘🥰 ,L,L,V,L,L,L,L,E,L,L
9949,Melita 😍😘🥰 ,L,L,V,L,L,L,L,E,E,L
9950,Melita 😍😘🥰 ,L,L,V,L,L,L,L,L,L,L
9951,Melita 😍😘🥰 ,L,L,V,L,L,L,L,L,E,L
9952,Melita 😍😘🥰 ,L,L,V,L,E,L,E,E,L,L
9953,Melita 😍😘🥰 ,L,L,V,L,E,L,E,E,E,L
9954,Melita 😍😘🥰 ,L,L,V,L,E,L,E,L,L,L
9955,Melita 😍😘🥰 ,L,L,V,L,E,L,E,L,E,L
9956,Melita 😍😘🥰 ,L,L,V,L,E,L,L,E,L,L
9957,Melita 😍😘🥰 ,L,L,V,L,E,L,L,E,E,L
9958,Melita 😍😘🥰 ,L,L,V,L,E,L,L,L,L,L
9959,Melita 😍😘🥰 ,L,L,V,L,E,L,L,L,E,L
9960,Melodi,V,E,L,E,V,E,L,L,L,L
9961,Melodi,V,V,V,L,L,L,V,L,L,L
9962,Melodi,E,L,V,V,E,V,V,V,V,V
9963,Melodi,V,L,V,V,L,L,L,L,L,L
9964,Melodi,L,E,V,V,L,L,E,E,L,L
9965,Melodi,L,V,V,E,L,L,L,L,E,L
9966,Melodi,L,V,V,L,L,L,V,E,V,V
9967,Memo ❤️⚽️,L,E,V,V,L,L,E,L,E,L
9968,Memo ipejal,E,V,V,L,E,L,V,V,V,L
9969,Memo jaimes,L,L,V,L,L,L,L,L,L,L
9970,Memo jaimes,L,V,L,V,V,L,V,E,E,V
9971,Memo jaimes,L,L,V,V,L,E,L,L,L,L
9972,Memo jaimes,L,L,V,L,V,L,E,L,V,E
9973,Memoi,L,V,V,L,E,E,L,L,E,L
9974,Memoi,E,E,E,V,L,L,E,L,E,L
9975,Memoi,L,L,V,L,V,V,L,E,L,L
9976,Memoi,L,E,V,E,L,L,E,L,L,L
9977,Memoi,E,L,L,E,V,E,L,E,L,L
9978,Mercenario,L,V,V,V,L,L,L,E,L,L
9979,Mercenario,L,V,V,L,L,L,L,E,V,L
9980,Mercenario,L,E,V,E,L,L,L,V,V,L
9981,Mercenario,L,V,V,V,L,E,E,E,L,L
9982,Mercenario,L,E,V,L,L,L,L,E,L,L
9983,Mercenario,E,E,V,E,L,L,E,E,E,L
9984,Mercenario,L,E,V,V,L,L,E,E,E,L
9985,MERQ,L,L,V,E,L,L,L,L,L,L
9986,MERQ,L,V,V,L,V,L,V,L,V,V
9987,MERQ,L,V,L,L,V,L,V,L,V,V
9988,MERQ,E,L,V,E,E,L,E,V,V,L
9989,MERQ,L,V,V,L,L,E,L,L,V,V
9990,Mery 04,L,E,V,E,L,L,L,E,E,L
9991,Mex777,L,V,V,L,L,L,L,L,V,V
9992,Mex777,L,V,V,V,L,L,V,L,L,V
9993,Mex777,L,L,V,V,L,L,V,L,L,V
9994,Mex777,L,V,V,E,L,L,V,L,L,V
9995,Mex777,L,V,V,V,L,L,L,L,V,V
9996,Mex777,L,V,V,V,L,L,V,L,V,E
9997,Mex777,L,L,V,V,V,L,E,L,E,E
9998,Mex777,L,V,V,E,L,L,E,L,V,E
9999,Mex777,L,L,V,E,V,L,L,L,E,E
10000,Mex777,L,E,V,V,V,L,V,L,E,V
10001,Mex777,L,E,V,V,L,L,E,L,V,E
10002,Mex777,L,L,V,V,L,L,L,L,V,E
10003,MEY1905,L,V,V,L,L,L,L,L,V,E
10004,MEY1905,L,E,V,E,E,L,E,L,E,E
10005,MEY1905,L,E,V,L,L,L,E,L,E,E
10006,MEY1905,E,L,V,E,E,E,V,E,V,E
10007,MFVC 228,L,V,V,L,E,L,V,L,V,V
10008,Mi casita 94,L,V,V,V,L,L,E,L,L,L
10009,Mi casita 94,E,V,L,E,L,V,L,E,E,V
10010,Mi casita 94,V,E,L,E,E,E,L,E,L,L
10011,Mi casita 94,L,V,V,L,E,V,L,V,V,L
10012,Mi niña s,L,L,V,V,L,L,L,L,L,L
10013,Mi niña s,L,L,V,L,L,E,L,E,E,L
10014,Mi niña s,L,V,V,L,L,E,E,L,V,E
10015,Mi niña s,V,L,L,E,E,V,V,V,E,V
10016,Mi niña s,L,E,V,L,L,E,V,L,E,L
10017,Mi niña s,V,V,L,L,L,E,E,V,L,E
10018,Mi niña s,L,V,V,L,E,L,E,V,V,L
10019,Mi niña s,L,V,V,V,L,L,L,E,V,V
10020,Michell Barrera,L,E,V,L,L,L,V,L,L,L
10021,Michell Barrera,L,L,V,E,L,E,E,E,E,L
10022,Michoacano,L,E,V,L,E,L,L,L,E,L
10023,Michoacano,L,V,V,L,L,L,L,L,V,E
10024,Miguel Ángel Arroyo,L,L,V,L,L,L,L,L,L,L
10025,Miguel Ángel Arroyo,L,V,V,L,L,L,E,L,E,V
10026,Miguel Ángel Arroyo,L,E,V,V,L,L,L,L,L,L
10027,Miguel Ángel Arroyo,L,V,V,E,L,L,V,L,L,L
10028,Miguel Ángel Arroyo,L,L,V,L,L,L,E,L,E,L
10029,Miguel Ángel Rguez,L,E,V,E,L,L,E,E,V,E
10030,Miguel Ángel Rguez,L,V,V,L,L,L,V,L,V,V
10031,Miguel Ángel Rguez,V,V,V,E,L,L,E,L,V,L
10032,Miguel Ángel Rguez,L,E,V,V,L,E,L,E,L,L
10033,Miguel Ángel Rguez,L,V,V,V,E,E,V,L,V,E
10034,Miguel Ángel Rguez,L,E,V,E,E,L,L,L,E,E
10035,Miguel Ángel Rguez,L,L,V,V,L,E,L,V,V,E
10036,Miguel DC,L,L,E,L,L,L,E,L,V,E
10037,Miguel DC,E,E,V,L,E,E,V,L,V,E
10038,Miguel Maniack ,L,E,V,L,L,E,V,L,E,L
10039,Miguel Maniack ,L,E,V,L,L,E,V,L,L,L
10040,Miguel Maniack ,L,E,V,E,L,E,V,L,E,L
10041,Miguel Maniack ,L,E,V,E,L,E,V,L,L,L
10042,Miguel Maniack ,L,V,V,L,L,E,V,L,E,L
10043,Miguel Maniack ,L,V,V,L,L,E,V,L,L,L
10044,Miguel Maniack ,L,V,V,E,L,E,V,L,E,L
10045,Miguel Maniack ,L,V,V,E,L,E,V,L,L,L
10046,Miguel Mosqueda MK,L,V,V,L,L,L,L,L,E,L
10047,Miguel Mosqueda MK,L,L,V,L,L,L,E,L,V,L
10048,Miguel Mosqueda MK,L,V,V,E,L,L,L,L,L,L
10049,miguel ramirez,L,L,V,E,L,L,V,E,E,L
10050,Miguel Vargas ❤️⚽️,L,V,V,L,V,L,V,L,V,L
10051,Miguel Vargas ❤️⚽️,V,V,E,V,L,L,L,V,L,E
10052,Miguel velazquez,L,E,V,E,L,E,V,L,L,E
10053,Miguel velazquez,L,V,V,L,L,E,E,E,E,V
10054,Miguel velazquez,L,E,V,E,E,L,E,E,V,E
10055,Miguel velazquez,E,V,E,V,E,L,E,L,E,V
10056,MIGUEL...MARIN...,L,V,V,L,L,L,L,L,L,L
10057,MIGUEL...MARIN...,L,L,V,L,L,L,L,L,L,L
10058,MIGUEL...MARIN...,L,E,V,L,L,L,L,L,L,L
10059,MIGUEL...MARIN...,E,L,V,L,L,L,L,L,L,L
10060,MIGUEL...MARIN...,L,V,E,L,L,L,L,L,L,L
10061,MIGUEL...MARIN...,L,L,V,L,L,E,L,L,L,L
10062,Miguelalva2,L,E,V,L,V,L,V,L,V,L
10063,Miguelalva2,V,V,V,L,E,L,E,V,V,E
10064,Miguelalva2,L,V,V,L,E,L,V,L,V,V
10065,Miguelalva2,L,L,V,L,L,L,V,L,V,V
10066,Miguelalva2,L,V,V,V,L,V,L,L,E,V
10067,MIGUELITO COUTIÑO,L,E,V,L,L,L,L,L,V,L
10068,MIGUELITO COUTIÑO,L,V,V,E,L,L,V,E,E,L
10069,Miguis,E,E,V,L,L,E,V,L,V,E
10070,Miguis,V,L,E,L,L,L,V,E,E,V
10071,Mike Ventura,L,E,V,V,L,E,V,E,V,V
10072,Mike Ventura,L,L,V,L,L,L,L,L,L,L
10073,Mike Ventura,L,L,V,V,E,L,V,V,E,V
10074,Mike Ventura,V,V,E,E,V,V,V,L,L,E
10075,Mike Ventura,L,L,E,L,V,E,E,E,L,V
10076,Mike Ventura,L,V,V,E,L,L,V,L,L,E
10077,Mike Ventura,E,L,V,E,V,L,E,E,E,V
10078,Mike Ventura,L,V,V,L,E,V,E,V,E,L
10079,Mike Ventura,L,V,V,V,L,E,V,L,E,V
10080,Mike Ventura,L,V,E,E,L,L,E,E,E,L
10081,Mike Ventura,E,L,V,L,V,V,E,L,E,V
10082,Mike Ventura,V,E,L,E,E,V,L,V,E,E
10083,Mike Ventura,L,L,V,L,L,L,L,L,V,V
10084,Mike Ventura,L,L,V,L,E,E,V,E,E,L
10085,Mike Ventura,E,V,E,E,E,E,V,L,L,V
10086,Mike Ventura,L,L,L,E,V,V,V,V,L,E
10087,Mike Ventura,L,L,L,L,V,V,L,E,L,L
10088,Mike Ventura,L,E,L,V,V,E,E,L,V,V
10089,Mike Ventura,L,V,V,L,L,E,E,V,L,V
10090,Mike Ventura,E,E,V,E,L,E,L,V,V,E
10091,Mike Ventura,L,E,E,L,L,L,E,E,E,L
10092,Mike Ventura,E,V,V,E,V,L,L,V,V,V
10093,Mike Ventura,L,L,V,V,V,L,V,V,L,E
10094,Mike Ventura,L,L,V,L,E,V,V,L,E,E
10095,Mike Ventura,L,E,V,L,L,E,V,E,E,L
10096,Mikizmiguel ,L,V,V,L,V,L,V,L,E,L
10097,Mikizmiguel ,L,V,V,L,V,L,V,L,V,L
10098,Mikizmiguel ,L,V,V,L,L,L,V,L,E,L
10099,Mikizmiguel ,L,V,V,L,L,L,V,L,V,L
10100,Mikizmiguel ,L,V,L,L,V,L,V,L,E,L
10101,Mikizmiguel ,L,V,L,L,V,L,V,L,V,L
10102,Mikizmiguel ,L,V,L,L,L,L,V,L,E,L
10103,Mikizmiguel ,L,V,L,L,L,L,V,L,V,L
10104,Mikizmiguel ,L,L,V,L,L,L,L,L,V,L
10105,Mikizmiguel ,L,L,V,L,L,L,L,E,V,L
10106,Mikizmiguel ,L,V,V,L,L,L,L,L,V,L
10107,Mikizmiguel ,L,V,V,L,L,L,L,E,V,L
10108,Mikizmiguel ,L,E,V,E,L,L,E,L,V,L
10109,Mikizmiguel ,L,L,V,E,L,L,E,L,V,L
10110,MIKLO ,E,L,L,V,E,L,E,L,V,E
10111,MIKLO ,E,L,E,V,E,L,E,L,V,E
10112,MIKLO ,E,L,V,V,E,L,E,L,V,E
10113,MIKLO ,L,L,L,V,E,L,E,L,V,E
10114,MIKLO ,L,L,E,V,E,L,E,L,V,E
10115,MIKLO ,L,L,V,V,E,L,E,L,V,E
10116,MIKLO ,V,L,L,V,E,L,E,L,V,E
10117,MIKLO ,V,L,E,V,E,L,E,L,V,E
10118,MIKLO ,V,L,V,V,E,L,E,L,V,E
10119,Milán,L,V,V,E,L,L,E,L,V,L
10120,Milán 2,L,E,V,V,L,L,L,E,E,L
10121,MIMO86 ,L,V,V,L,L,E,E,L,E,V
10122,MIMO86 ,L,V,V,L,L,E,V,L,E,V
10123,Miriam,V,E,V,E,L,L,E,L,V,L
10124,Miriam,L,L,L,E,V,L,V,L,L,E
10125,Miriam,V,V,V,L,E,E,V,L,E,V
10126,Miriam,L,L,V,L,L,V,V,E,L,V
10127,Miros y yo 1,L,E,V,L,L,L,L,L,E,L
10128,Miros y yo 2,L,V,V,E,L,L,L,L,E,E
10129,Miros y yo 3,L,E,E,L,E,L,L,E,V,E
10130,Miros y yo 4,E,V,V,E,L,E,L,L,E,E
10131,Miros y yo 5,L,E,V,E,L,L,E,E,L,E
10132,MIS AMORES,V,L,V,V,L,L,E,V,E,L
10133,MIS AMORES,L,V,L,E,V,V,L,E,V,E
10134,Mis nietos,L,L,L,E,L,V,V,E,V,E
10135,Mis nietos,V,E,E,V,V,E,V,E,V,V
10136,Misael flores,L,V,V,L,L,L,L,L,V,E
10137,Misael flores,L,V,V,L,L,L,L,V,V,L
10138,Misael flores,L,L,V,L,L,L,E,E,E,V
10139,Misael flores,L,L,V,L,L,L,L,V,V,E
10140,MITOYOLI,L,V,V,L,E,L,V,E,L,L
10141,Miyagui,V,L,V,E,L,E,L,V,L,V
10142,Miyagui,L,V,V,L,E,L,E,V,E,V
10143,Miyagui,E,L,V,L,E,V,E,L,V,V
10144,MLC,L,E,L,V,L,E,L,E,V,E
10145,MLC ,L,E,L,V,L,E,E,L,L,E
10146,MLC ,L,E,L,E,L,E,E,L,L,E
10147,MLC ,L,V,L,V,L,E,E,L,L,E
10148,MLC ,L,V,L,E,L,E,E,L,L,E
10149,MOISESYSANDRA,L,L,V,V,L,L,L,L,V,L
10150,MOISESYSANDRA,L,L,L,L,L,L,L,L,V,L
10151,MONKYJPA,L,V,V,L,E,L,V,L,L,L
10152,MONKYJPA,L,E,V,L,L,E,V,L,L,L
10153,MONO,L,V,V,V,L,L,L,L,V,L
10154,MONO,L,V,V,V,L,L,V,V,L,L
10155,MONO,L,L,V,V,L,L,V,L,V,L
10156,MONO,L,L,L,L,V,L,V,L,V,L
10157,Monote 06,L,V,V,L,L,L,V,V,V,L
10158,Monote 06,L,L,E,E,L,L,V,L,L,E
10159,Monote 06,L,V,L,V,L,E,V,L,E,V
10160,Monote 06,L,L,V,L,L,L,E,E,L,L
10161,Monote 06,L,E,V,E,L,E,V,L,L,L
10162,Moon 28.,V,L,V,L,V,L,V,L,V,L
10163,Moon 28.,L,V,L,L,V,V,V,V,E,L
10164,Moon 28.,L,V,E,V,E,L,E,V,E,L
10165,Moon 28.,E,V,E,L,L,L,L,E,E,L
10166,Moon 28.,V,L,L,E,V,L,E,V,E,E
10167,Moon 28.,L,L,V,L,E,V,V,V,E,V
10168,Moon 28.,E,V,L,L,E,L,V,V,V,E
10169,Moon 28.,E,V,L,E,V,E,L,V,L,L
10170,Moon 28.,L,V,V,L,V,L,V,L,L,E
10171,Moon 28.,V,V,V,L,V,E,V,E,E,L
10172,MORDO ,L,L,V,E,L,L,L,L,V,L
10173,MORDO ,L,L,V,E,E,L,L,L,V,L
10174,MORDO ,L,L,E,E,L,L,L,L,V,L
10175,MORDO ,L,L,E,E,E,L,L,L,V,L
10176,MORDO ,L,E,V,E,L,L,L,L,V,L
10177,MORDO ,L,E,V,E,E,L,L,L,V,L
10178,MORDO ,L,E,E,E,L,L,L,L,V,L
10179,MORDO ,L,E,E,E,E,L,L,L,V,L
10180,MORFIN 49,L,E,V,L,V,L,E,V,V,L
10181,MORFIN 49,E,V,V,V,L,L,L,L,V,E
10182,MORFIN 49,L,E,L,E,V,V,V,V,L,V
10183,MORFIN 49,L,E,V,L,E,L,L,L,L,E
10184,Morusa 1000,L,V,V,L,L,L,L,L,L,V
10185,Morusa 1000,L,L,V,L,L,V,V,L,L,V
10186,Morusa 1000,L,E,V,L,L,E,E,L,V,V
10187,Morusa 1000,L,V,V,L,L,L,E,E,L,L
10188,Mosita 1,L,V,V,L,L,L,L,L,L,L
10189,Mosita 2,L,V,E,E,L,E,L,L,L,L
10190,Mosita 3,E,V,V,V,L,E,V,L,E,L
10191,Mosita 4,L,E,V,L,L,E,L,L,L,L
10192,Mosita 5,L,V,V,L,L,E,E,L,E,L
10193,Mosita 6,L,V,V,L,L,E,V,L,L,L
10194,Mpj,L,E,V,E,L,L,L,E,E,L
10195,Mpj,L,E,V,E,L,L,E,L,V,L
10196,Mpj,L,E,V,L,L,L,L,L,L,L
10197,Mr swingman,L,V,V,E,L,L,E,L,L,V
10198,Mula 10,L,V,V,E,L,E,E,L,V,V
10199,Mula 10,L,E,V,V,L,E,L,L,E,V
10200,Mula 10,L,E,V,E,L,E,L,V,V,V
10201,Mula 10,E,V,V,L,L,E,E,E,E,V
10202,Mula 10,L,V,V,L,L,L,L,E,E,V
10203,Mula 10,L,V,V,V,E,L,L,E,V,V
10204,Mula 10,L,E,V,E,L,L,L,V,V,V
10205,Mula 10,L,V,V,V,E,V,V,V,L,V
10206,Musaraña,L,E,V,L,L,E,V,L,V,E
10207,Nachitoblus ,L,L,V,L,L,L,L,L,L,V
10208,Nachitoblus ,L,L,V,L,L,L,L,L,E,V
10209,Nachitoblus ,L,L,V,L,L,L,L,V,L,V
10210,Nachitoblus ,L,L,V,L,L,L,L,V,E,V
10211,Nachitoblus ,L,L,V,L,L,L,E,L,L,V
10212,Nachitoblus ,L,L,V,L,L,L,E,L,E,V
10213,Nachitoblus ,L,L,V,L,L,L,E,V,L,V
10214,Nachitoblus ,L,L,V,L,L,L,E,V,E,V
10215,Nachitoblus ,L,L,V,V,L,L,L,L,L,V
10216,Nachitoblus ,L,L,V,V,L,L,L,L,E,V
10217,Nachitoblus ,L,L,V,V,L,L,L,V,L,V
10218,Nachitoblus ,L,L,V,V,L,L,L,V,E,V
10219,Nachitoblus ,L,L,V,V,L,L,E,L,L,V
10220,Nachitoblus ,L,L,V,V,L,L,E,L,E,V
10221,Nachitoblus ,L,L,V,V,L,L,E,V,L,V
10222,Nachitoblus ,L,L,V,V,L,L,E,V,E,V
10223,Narciso Luna,V,E,V,L,L,E,V,L,L,E
10224,Narciso Luna,L,V,V,L,E,V,V,L,V,L
10225,Narciso Luna,L,L,L,E,L,E,V,E,L,L
10226,Narciso Luna,E,E,V,E,E,L,E,V,V,E
10227,NARVAEZ87 1,L,V,V,L,L,L,L,L,V,L
10228,NARVAEZ87 2,L,L,V,L,L,L,E,L,E,L
10229,NARVAEZ87 3,L,E,V,E,L,E,E,L,L,L
10230,NAVI zerimar,L,L,V,L,L,E,L,L,L,E
10231,NAVI zerimar,L,V,V,L,L,E,L,E,E,V
10232,Nemecio ,L,L,V,L,L,L,L,L,L,L
10233,Nemecio ,L,L,V,L,L,L,L,L,E,L
10234,Nemecio ,L,L,V,L,L,L,L,L,V,L
10235,Nemecio ,L,L,V,V,L,L,L,L,L,L
10236,Nemecio ,L,L,V,V,L,L,L,L,E,L
10237,Nemecio ,L,L,V,V,L,L,L,L,V,L
10238,Nemecio ,L,L,L,L,L,L,L,L,L,L
10239,Nemecio ,L,L,L,L,L,L,L,L,E,L
10240,Nemecio ,L,L,L,L,L,L,L,L,V,L
10241,Nemecio ,L,L,L,V,L,L,L,L,L,L
10242,Nemecio ,L,L,L,V,L,L,L,L,E,L
10243,Nemecio ,L,L,L,V,L,L,L,L,V,L
10244,Nemecio ,L,V,V,L,L,L,L,L,L,L
10245,Nemecio ,L,V,V,L,L,L,L,L,E,L
10246,Nemecio ,L,V,V,L,L,L,L,L,V,L
10247,Nemecio ,L,V,V,V,L,L,L,L,L,L
10248,Nemecio ,L,V,V,V,L,L,L,L,E,L
10249,Nemecio ,L,V,V,V,L,L,L,L,V,L
10250,Nemecio ,L,V,L,L,L,L,L,L,L,L
10251,Nemecio ,L,V,L,L,L,L,L,L,E,L
10252,Nemecio ,L,V,L,L,L,L,L,L,V,L
10253,Nemecio ,L,V,L,V,L,L,L,L,L,L
10254,Nemecio ,L,V,L,V,L,L,L,L,E,L
10255,Nemecio ,L,V,L,V,L,L,L,L,V,L
10256,NENE LUQUITAS NM,L,L,V,E,L,E,V,L,V,L
10257,Néstorjacilove,L,E,V,E,L,L,E,L,L,L
10258,Néstorjacilove,L,L,V,L,L,L,L,E,E,V
10259,Néstorjacilove,L,E,V,L,L,L,E,L,E,L
10260,NikolasRG25 ,L,L,E,V,E,L,V,E,L,L
10261,NikolasRG25 ,L,L,E,V,L,L,V,E,L,L
10262,NikolasRG25 ,L,L,E,E,E,L,V,E,L,L
10263,NikolasRG25 ,L,L,E,E,L,L,V,E,L,L
10264,NikolasRG25 ,L,V,E,V,E,L,V,E,L,L
10265,NikolasRG25 ,L,V,E,V,L,L,V,E,L,L
10266,NikolasRG25 ,L,V,E,E,E,L,V,E,L,L
10267,NikolasRG25 ,L,V,E,E,L,L,V,E,L,L
10268,NIÑO 40,L,E,V,L,L,E,V,E,L,L
10269,NIÑO 40,E,V,V,E,L,E,E,L,E,L
10270,NIÑO 40,L,L,V,V,E,L,L,V,E,L
10271,NITOCA TEPE,L,L,E,L,V,E,E,L,E,V
10272,Nitram ,L,E,V,L,E,L,E,L,L,L
10273,Nitram ,L,E,V,L,E,L,E,L,E,L
10274,Nitram ,L,E,V,L,E,L,E,L,V,L
10275,Nitram ,L,E,V,E,E,L,E,L,L,L
10276,Nitram ,L,E,V,E,E,L,E,L,E,L
10277,Nitram ,L,E,V,E,E,L,E,L,V,L
10278,Nitram ,L,E,V,V,E,L,E,L,L,L
10279,Nitram ,L,E,V,V,E,L,E,L,E,L
10280,Nitram ,L,E,V,V,E,L,E,L,V,L
10281,Noe suavecito,L,E,V,E,L,L,V,L,V,L
10282,Noe suavecito,L,V,V,E,L,L,E,L,L,L
10283,Noe suavecito,L,L,V,E,E,L,L,L,L,E
10284,Noe suavecito,E,E,V,V,E,L,L,L,L,V
10285,Noe suavecito,L,V,L,L,V,V,V,V,V,L
10286,Noky Gómez,L,V,V,V,L,L,L,V,V,L
10287,Noky Gómez ,L,L,V,L,L,L,L,L,L,L
10288,Noky Gómez ,L,L,L,L,L,L,L,L,L,L
10289,Noky Gómez ,L,V,V,L,L,L,L,L,L,L
10290,Noky Gómez ,L,V,L,L,L,L,L,L,L,L
10291,Noommmbre10,L,E,L,E,L,E,V,L,V,E
10292,Noommmbre10,E,V,V,V,L,L,L,E,V,V
10293,Noommmbre10,L,L,E,E,V,V,L,V,L,E
10294,Noommmbre10,L,V,L,E,E,V,V,E,E,L
10295,Nothingham miedo ,L,L,L,L,L,L,E,L,E,L
10296,Nothingham miedo ,L,L,L,L,L,E,E,L,E,L
10297,Nothingham miedo ,L,L,L,L,E,L,E,L,E,L
10298,Nothingham miedo ,L,L,L,L,E,E,E,L,E,L
10299,Nothingham miedo ,L,L,L,V,L,L,E,L,E,L
10300,Nothingham miedo ,L,L,L,V,L,E,E,L,E,L
10301,Nothingham miedo ,L,L,L,V,E,L,E,L,E,L
10302,Nothingham miedo ,L,L,L,V,E,E,E,L,E,L
10303,Nothingham miedo ,L,L,V,L,L,L,E,L,E,L
10304,Nothingham miedo ,L,L,V,L,L,E,E,L,E,L
10305,Nothingham miedo ,L,L,V,L,E,L,E,L,E,L
10306,Nothingham miedo ,L,L,V,L,E,E,E,L,E,L
10307,Nothingham miedo ,L,L,V,V,L,L,E,L,E,L
10308,Nothingham miedo ,L,L,V,V,L,E,E,L,E,L
10309,Nothingham miedo ,L,L,V,V,E,L,E,L,E,L
10310,Nothingham miedo ,L,L,V,V,E,E,E,L,E,L
10311,Nothingham miedo ,L,E,L,L,L,L,E,L,E,L
10312,Nothingham miedo ,L,E,L,L,L,E,E,L,E,L
10313,Nothingham miedo ,L,E,L,L,E,L,E,L,E,L
10314,Nothingham miedo ,L,E,L,L,E,E,E,L,E,L
10315,Nothingham miedo ,L,E,L,V,L,L,E,L,E,L
10316,Nothingham miedo ,L,E,L,V,L,E,E,L,E,L
10317,Nothingham miedo ,L,E,L,V,E,L,E,L,E,L
10318,Nothingham miedo ,L,E,L,V,E,E,E,L,E,L
10319,Nothingham miedo ,L,E,V,L,L,L,E,L,E,L
10320,Nothingham miedo ,L,E,V,L,L,E,E,L,E,L
10321,Nothingham miedo ,L,E,V,L,E,L,E,L,E,L
10322,Nothingham miedo ,L,E,V,L,E,E,E,L,E,L
10323,Nothingham miedo ,L,E,V,V,L,L,E,L,E,L
10324,Nothingham miedo ,L,E,V,V,L,E,E,L,E,L
10325,Nothingham miedo ,L,E,V,V,E,L,E,L,E,L
10326,Nothingham miedo ,L,E,V,V,E,E,E,L,E,L
10327,Nothingham miedo ,L,V,L,L,L,L,E,L,E,L
10328,Nothingham miedo ,L,V,L,L,L,E,E,L,E,L
10329,Nothingham miedo ,L,V,L,L,E,L,E,L,E,L
10330,Nothingham miedo ,L,V,L,L,E,E,E,L,E,L
10331,Nothingham miedo ,L,V,L,V,L,L,E,L,E,L
10332,Nothingham miedo ,L,V,L,V,L,E,E,L,E,L
10333,Nothingham miedo ,L,V,L,V,E,L,E,L,E,L
10334,Nothingham miedo ,L,V,L,V,E,E,E,L,E,L
10335,Nothingham miedo ,L,V,V,L,L,L,E,L,E,L
10336,Nothingham miedo ,L,V,V,L,L,E,E,L,E,L
10337,Nothingham miedo ,L,V,V,L,E,L,E,L,E,L
10338,Nothingham miedo ,L,V,V,L,E,E,E,L,E,L
10339,Nothingham miedo ,L,V,V,V,L,L,E,L,E,L
10340,Nothingham miedo ,L,V,V,V,L,E,E,L,E,L
10341,Nothingham miedo ,L,V,V,V,E,L,E,L,E,L
10342,Nothingham miedo ,L,V,V,V,E,E,E,L,E,L
10343,Nothingham miedo ,E,L,L,L,L,L,E,L,E,L
10344,Nothingham miedo ,E,L,L,L,L,E,E,L,E,L
10345,Nothingham miedo ,E,L,L,L,E,L,E,L,E,L
10346,Nothingham miedo ,E,L,L,L,E,E,E,L,E,L
10347,Nothingham miedo ,E,L,L,V,L,L,E,L,E,L
10348,Nothingham miedo ,E,L,L,V,L,E,E,L,E,L
10349,Nothingham miedo ,E,L,L,V,E,L,E,L,E,L
10350,Nothingham miedo ,E,L,L,V,E,E,E,L,E,L
10351,Nothingham miedo ,E,L,V,L,L,L,E,L,E,L
10352,Nothingham miedo ,E,L,V,L,L,E,E,L,E,L
10353,Nothingham miedo ,E,L,V,L,E,L,E,L,E,L
10354,Nothingham miedo ,E,L,V,L,E,E,E,L,E,L
10355,Nothingham miedo ,E,L,V,V,L,L,E,L,E,L
10356,Nothingham miedo ,E,L,V,V,L,E,E,L,E,L
10357,Nothingham miedo ,E,L,V,V,E,L,E,L,E,L
10358,Nothingham miedo ,E,L,V,V,E,E,E,L,E,L
10359,Nothingham miedo ,E,E,L,L,L,L,E,L,E,L
10360,Nothingham miedo ,E,E,L,L,L,E,E,L,E,L
10361,Nothingham miedo ,E,E,L,L,E,L,E,L,E,L
10362,Nothingham miedo ,E,E,L,L,E,E,E,L,E,L
10363,Nothingham miedo ,E,E,L,V,L,L,E,L,E,L
10364,Nothingham miedo ,E,E,L,V,L,E,E,L,E,L
10365,Nothingham miedo ,E,E,L,V,E,L,E,L,E,L
10366,Nothingham miedo ,E,E,L,V,E,E,E,L,E,L
10367,Nothingham miedo ,E,E,V,L,L,L,E,L,E,L
10368,Nothingham miedo ,E,E,V,L,L,E,E,L,E,L
10369,Nothingham miedo ,E,E,V,L,E,L,E,L,E,L
10370,Nothingham miedo ,E,E,V,L,E,E,E,L,E,L
10371,Nothingham miedo ,E,E,V,V,L,L,E,L,E,L
10372,Nothingham miedo ,E,E,V,V,L,E,E,L,E,L
10373,Nothingham miedo ,E,E,V,V,E,L,E,L,E,L
10374,Nothingham miedo ,E,E,V,V,E,E,E,L,E,L
10375,Nothingham miedo ,E,V,L,L,L,L,E,L,E,L
10376,Nothingham miedo ,E,V,L,L,L,E,E,L,E,L
10377,Nothingham miedo ,E,V,L,L,E,L,E,L,E,L
10378,Nothingham miedo ,E,V,L,L,E,E,E,L,E,L
10379,Nothingham miedo ,E,V,L,V,L,L,E,L,E,L
10380,Nothingham miedo ,E,V,L,V,L,E,E,L,E,L
10381,Nothingham miedo ,E,V,L,V,E,L,E,L,E,L
10382,Nothingham miedo ,E,V,L,V,E,E,E,L,E,L
10383,Nothingham miedo ,E,V,V,L,L,L,E,L,E,L
10384,Nothingham miedo ,E,V,V,L,L,E,E,L,E,L
10385,Nothingham miedo ,E,V,V,L,E,L,E,L,E,L
10386,Nothingham miedo ,E,V,V,L,E,E,E,L,E,L
10387,Nothingham miedo ,E,V,V,V,L,L,E,L,E,L
10388,Nothingham miedo ,E,V,V,V,L,E,E,L,E,L
10389,Nothingham miedo ,E,V,V,V,E,L,E,L,E,L
10390,Nothingham miedo ,E,V,V,V,E,E,E,L,E,L
10391,Nova,L,V,V,L,V,L,V,L,V,L
10392,Nova,V,V,V,L,L,L,L,L,L,L
10393,Nova,E,V,V,E,V,L,V,L,V,L
10394,Nova,L,E,V,L,L,L,V,L,V,L
10395,Nova,L,L,V,L,V,E,V,L,V,L
10396,NUNOS,L,E,V,L,L,E,E,L,L,L
10397,NUNOS,L,E,V,V,L,L,E,E,E,L
10398,NUNOS,L,E,V,L,L,L,V,E,L,L
10399,NUNOS,L,E,V,V,L,E,V,L,E,L
10400,NUNOS,L,V,V,L,L,L,E,L,E,L
10401,NUNOS,L,V,V,V,L,E,E,E,L,L
10402,NUNOS,L,V,V,L,L,E,V,E,E,L
10403,NUNOS,L,V,V,V,L,L,V,L,L,L
10404,Nutriologo,L,V,V,L,L,L,E,L,L,L
10405,Nutriologo,L,E,V,E,L,L,L,E,L,L
10406,Nutriologo,L,E,V,E,L,L,E,E,L,L
10407,Nutriologo,L,V,V,E,L,L,L,E,E,L
10408,Nutriologo,L,V,V,L,L,E,L,L,E,L
10409,Nutriologo,L,E,V,L,L,L,E,E,E,L
10410,Ñacs1983,L,E,L,L,L,L,V,L,E,V
10411,Ñacs1983,L,V,V,E,L,L,L,E,E,L
10412,Ñacs1983,L,E,E,E,L,L,V,V,E,V
10413,Ñacs1983,L,V,V,L,L,V,L,E,L,V
10414,Ñacs1983,L,L,E,E,L,V,L,E,V,V
10415,Ñacs1983,L,E,E,E,L,V,V,E,L,V
10416,Ñacs1983,L,L,E,L,E,L,E,E,L,E
10417,Ñacs1983,L,V,E,L,V,V,L,L,L,E
10418,Ñacs1983,L,E,V,L,V,V,E,E,V,E
10419,Ñacs1983,L,E,E,V,L,L,E,L,L,V
10420,OBLITAS STA TERESA 1,L,L,V,L,E,L,L,L,L,L
10421,OBLITAS STA TERESA 2,L,V,V,L,L,E,E,E,L,E
10422,OBLITAS STA TERESA 3,L,E,V,L,L,E,E,L,L,L
10423,Octavio 95,L,V,V,L,L,L,L,L,V,L
10424,Octavio 95,L,V,V,L,E,L,E,L,V,L
10425,Octavio 95,L,E,V,L,L,L,V,L,V,L
10426,Octavio 95,L,V,V,L,E,L,V,L,E,L
10427,OCTAVIO LUIS,L,V,V,E,L,E,V,V,L,V
10428,OctavioR73,L,V,E,E,L,L,E,E,L,L
10429,OctavioR73,L,E,E,L,L,E,V,E,V,E
10430,Odalis ramos ,L,L,V,L,L,L,L,L,L,L
10431,Odalis ramos ,L,L,V,L,L,L,L,L,E,L
10432,Odalis ramos ,L,L,V,L,L,L,V,L,L,L
10433,Odalis ramos ,L,L,V,L,L,L,V,L,E,L
10434,Odalis ramos ,L,L,V,L,L,L,E,L,L,L
10435,Odalis ramos ,L,L,V,L,L,L,E,L,E,L
10436,Odalis ramos ,L,L,V,E,L,L,L,L,L,L
10437,Odalis ramos ,L,L,V,E,L,L,L,L,E,L
10438,Odalis ramos ,L,L,V,E,L,L,V,L,L,L
10439,Odalis ramos ,L,L,V,E,L,L,V,L,E,L
10440,Odalis ramos ,L,L,V,E,L,L,E,L,L,L
10441,Odalis ramos ,L,L,V,E,L,L,E,L,E,L
10442,Odalis ramos ,L,V,V,L,L,L,L,L,L,L
10443,Odalis ramos ,L,V,V,L,L,L,L,L,E,L
10444,Odalis ramos ,L,V,V,L,L,L,V,L,L,L
10445,Odalis ramos ,L,V,V,L,L,L,V,L,E,L
10446,Odalis ramos ,L,V,V,L,L,L,E,L,L,L
10447,Odalis ramos ,L,V,V,L,L,L,E,L,E,L
10448,Odalis ramos ,L,V,V,E,L,L,L,L,L,L
10449,Odalis ramos ,L,V,V,E,L,L,L,L,E,L
10450,Odalis ramos ,L,V,V,E,L,L,V,L,L,L
10451,Odalis ramos ,L,V,V,E,L,L,V,L,E,L
10452,Odalis ramos ,L,V,V,E,L,L,E,L,L,L
10453,Odalis ramos ,L,V,V,E,L,L,E,L,E,L
10454,Odalis ramos ,L,E,V,L,L,L,L,L,L,L
10455,Odalis ramos ,L,E,V,L,L,L,L,L,E,L
10456,Odalis ramos ,L,E,V,L,L,L,V,L,L,L
10457,Odalis ramos ,L,E,V,L,L,L,V,L,E,L
10458,Odalis ramos ,L,E,V,L,L,L,E,L,L,L
10459,Odalis ramos ,L,E,V,L,L,L,E,L,E,L
10460,Odalis ramos ,L,E,V,E,L,L,L,L,L,L
10461,Odalis ramos ,L,E,V,E,L,L,L,L,E,L
10462,Odalis ramos ,L,E,V,E,L,L,V,L,L,L
10463,Odalis ramos ,L,E,V,E,L,L,V,L,E,L
10464,Odalis ramos ,L,E,V,E,L,L,E,L,L,L
10465,Odalis ramos ,L,E,V,E,L,L,E,L,E,L
10466,Ola verde 🌊🌊🌊,L,E,V,E,L,L,V,E,L,L
10467,Ola verde 🌊🌊🌊,L,V,V,V,V,L,E,L,E,V
10468,Ola verde 🌊🌊🌊,E,L,E,L,L,E,L,V,L,V
10469,Omar Barajas 1723,L,E,V,L,L,L,L,L,L,L
10470,Omar Barajas 1723,L,V,V,E,L,L,L,L,L,V
10471,Omar goco,L,V,V,L,L,E,E,E,L,L
10472,Omar goco,L,E,V,E,L,L,E,L,L,V
10473,Omar sosa,L,L,V,V,L,L,V,L,L,L
10474,Omar sosa,V,V,V,V,L,L,V,L,L,L
10475,Omar3020,L,E,V,E,L,L,L,L,V,V
10476,Omar3020,L,V,V,V,L,L,L,L,E,L
10477,Omar3020,E,V,V,V,L,L,L,E,L,L
10478,Omar3020,L,L,V,L,L,E,E,L,V,V
10479,Omar3020,L,E,E,V,E,L,V,L,L,E
10480,Orendain78,V,L,L,V,L,V,E,V,L,L
10481,Orendain78,L,V,L,L,E,V,L,V,V,L
10482,Orendain78,L,V,L,V,V,L,V,V,E,L
10483,Orendain78,V,L,L,L,L,L,V,V,V,L
10484,Orendain78,E,E,E,V,E,L,V,V,L,L
10485,ORETO Gro,L,E,V,E,L,L,E,V,L,L
10486,ORETO Gro,L,V,V,L,E,L,V,L,L,L
10487,ORETO Gro,L,V,V,L,L,L,V,L,L,E
10488,ORETO Gro,L,V,V,E,L,L,V,L,E,L
10489,ORETO Gro,E,E,V,L,L,E,L,V,V,L
10490,ORETO Gro,L,V,V,V,L,L,L,V,L,V
10491,Orlando🐐🐐,L,L,V,L,L,E,E,E,V,L
10492,Orlando🐐🐐 ,L,L,V,E,L,L,V,L,L,V
10493,Orlando🐐🐐 ,L,L,V,E,L,L,V,E,L,V
10494,Orlando🐐🐐 ,L,L,V,E,L,L,V,V,L,V
10495,OSCAR CASTILLO 1,L,L,V,L,L,L,V,L,V,L
10496,OSCAR CASTILLO 2,V,V,L,V,V,V,L,V,L,V
10497,Oscar corona 1,L,L,V,V,L,L,L,V,V,V
10498,Oscar corona 2,L,E,V,E,L,L,E,E,E,L
10499,Oscar gallegos,L,E,V,L,L,L,E,L,E,L
10500,Oscar gallegos,L,V,V,L,L,L,E,L,E,L
10501,Óscar Gutiérrez,E,V,V,E,L,L,E,L,L,L
10502,Óscar Gutiérrez,L,E,V,L,L,L,E,L,L,L
10503,Oscar Jimenez,L,E,V,L,E,L,L,E,L,E
10504,Oscar Jimenez,L,L,V,E,L,L,E,V,L,V
10505,Oscar Jimenez,L,V,V,L,V,E,V,L,E,L
10506,Oscar Jimenez,L,E,E,V,V,L,L,E,E,V
10507,Oscar Peña ,L,L,V,L,L,L,L,V,L,L
10508,Oscar Peña ,L,L,V,L,L,L,L,L,L,L
10509,Oscar Peña ,L,L,V,V,L,L,L,V,L,L
10510,Oscar Peña ,L,L,V,V,L,L,L,L,L,L
10511,Oscar Peña ,L,V,V,L,L,L,L,V,L,L
10512,Oscar Peña ,L,V,V,L,L,L,L,L,L,L
10513,Oscar Peña ,L,V,V,V,L,L,L,V,L,L
10514,Oscar Peña ,L,V,V,V,L,L,L,L,L,L
10515,Oscar ramos 🤠🤠🤠🤠,L,E,V,V,E,L,V,E,V,V
10516,Oscar ramos 🤠🤠🤠🤠,L,V,V,V,L,L,L,V,L,L
10517,Oscar ramos 🤠🤠🤠🤠 ,L,V,V,V,L,L,V,L,L,L
10518,Oscar ramos 🤠🤠🤠🤠 ,L,V,V,V,L,L,E,L,L,L
10519,Oscar ramos 🤠🤠🤠🤠 ,L,L,V,V,L,L,V,L,L,L
10520,Oscar ramos 🤠🤠🤠🤠 ,L,L,V,V,L,L,E,L,L,L
10521,Oscar Ramses,L,L,E,V,E,L,E,L,L,L
10522,Oscar Ramses,L,L,E,V,E,L,E,L,V,L
10523,Oscar Ramses,L,L,E,L,E,L,E,L,L,L
10524,Oscar Ramses,L,L,E,L,E,L,E,L,V,L
10525,Oscar Ramses,L,L,V,E,E,L,E,L,L,L
10526,Oscar Ramses,L,L,V,E,E,L,E,L,V,L
10527,Oscar Ramses,L,L,V,V,E,E,E,L,L,L
10528,Oscar Ramses,L,L,V,V,E,E,E,L,V,L
10529,Oscar Ramses,L,L,V,V,E,L,E,L,L,L
10530,Oscar Ramses,L,L,V,V,E,L,E,E,L,L
10531,Oscar Ramses,L,L,V,V,E,L,E,E,V,L
10532,Oscar Ramses,L,L,V,V,E,L,E,L,E,L
10533,Oscar Ramses,L,L,V,V,E,L,E,L,V,L
10534,Oscar Ramses,L,L,V,L,E,E,E,L,L,L
10535,Oscar Ramses,L,L,V,L,E,E,E,L,V,L
10536,Oscar Ramses,L,L,V,L,E,L,E,L,L,L
10537,Oscar Ramses,L,L,V,L,E,L,E,E,L,L
10538,Oscar Ramses,L,L,V,L,E,L,E,E,V,L
10539,Oscar Ramses,L,L,V,L,E,L,E,L,E,L
10540,Oscar Ramses,L,L,V,L,E,L,E,L,V,L
10541,Oscar Ramses,L,L,L,E,E,L,E,L,L,L
10542,Oscar Ramses,L,L,L,E,E,L,E,L,V,L
10543,Oscar Ramses,L,L,L,V,E,L,E,L,L,L
10544,Oscar Ramses,L,L,L,V,E,L,E,E,L,L
10545,Oscar Ramses,L,L,L,V,E,L,E,E,V,L
10546,Oscar Ramses,L,L,L,V,E,L,E,L,E,L
10547,Oscar Ramses,L,L,L,V,E,L,E,L,V,L
10548,Oscar Ramses,L,L,L,L,E,L,E,L,L,L
10549,Oscar Ramses,L,L,L,L,E,L,E,E,L,L
10550,Oscar Ramses,L,L,L,L,E,L,E,E,V,L
10551,Oscar Ramses,L,L,L,L,E,L,E,L,E,L
10552,Oscar Ramses,L,L,L,L,E,L,E,L,V,L
10553,OSCARCHOLO,L,V,V,L,L,V,V,L,V,V
10554,Oscarin NR,L,E,V,E,L,L,E,L,L,L
10555,Oscarin NR,L,L,V,V,L,L,L,L,L,L
10556,Oscarin NR,L,L,V,V,L,L,L,L,V,L
10557,Oscarin NR,L,L,V,V,L,L,V,L,L,L
10558,Oscarin NR,L,L,V,V,L,L,V,L,V,L
10559,Oscarin NR ,L,L,V,E,L,L,V,L,L,L
10560,Oscarin NR ,L,L,V,L,L,L,V,L,L,L
10561,Oscarin NR ,L,L,V,V,L,L,V,L,L,L
10562,Oscarin NR ,L,L,E,E,L,L,V,L,L,L
10563,Oscarin NR ,L,L,E,L,L,L,V,L,L,L
10564,Oscarin NR ,L,L,E,V,L,L,V,L,L,L
10565,Oscarjs ,L,V,V,V,L,L,V,L,E,L
10566,Oscarjs ,L,V,V,V,L,L,V,L,L,L
10567,Oscarjs ,L,L,V,V,L,L,V,L,E,L
10568,Oscarjs ,L,L,V,V,L,L,V,L,L,L
10569,Osiel Vázquez Nuñez ,L,L,V,L,L,L,E,L,E,L
10570,Osiel Vázquez Nuñez ,L,L,V,L,L,L,E,E,E,L
10571,Osiel Vázquez Nuñez ,L,L,V,L,L,L,E,V,E,L
10572,Osiel Vázquez Nuñez ,L,L,V,E,L,L,E,L,E,L
10573,Osiel Vázquez Nuñez ,L,L,V,E,L,L,E,E,E,L
10574,Osiel Vázquez Nuñez ,L,L,V,E,L,L,E,V,E,L
10575,Osiel Vázquez Nuñez ,L,L,V,V,L,L,E,L,E,L
10576,Osiel Vázquez Nuñez ,L,L,V,V,L,L,E,E,E,L
10577,Osiel Vázquez Nuñez ,L,L,V,V,L,L,E,V,E,L
10578,Osiel Vázquez Nuñez ,L,E,V,L,L,L,E,L,E,L
10579,Osiel Vázquez Nuñez ,L,E,V,L,L,L,E,E,E,L
10580,Osiel Vázquez Nuñez ,L,E,V,L,L,L,E,V,E,L
10581,Osiel Vázquez Nuñez ,L,E,V,E,L,L,E,L,E,L
10582,Osiel Vázquez Nuñez ,L,E,V,E,L,L,E,E,E,L
10583,Osiel Vázquez Nuñez ,L,E,V,E,L,L,E,V,E,L
10584,Osiel Vázquez Nuñez ,L,E,V,V,L,L,E,L,E,L
10585,Osiel Vázquez Nuñez ,L,E,V,V,L,L,E,E,E,L
10586,Osiel Vázquez Nuñez ,L,E,V,V,L,L,E,V,E,L
10587,Osiel Vázquez Nuñez ,L,V,V,L,L,L,E,L,E,L
10588,Osiel Vázquez Nuñez ,L,V,V,L,L,L,E,E,E,L
10589,Osiel Vázquez Nuñez ,L,V,V,L,L,L,E,V,E,L
10590,Osiel Vázquez Nuñez ,L,V,V,E,L,L,E,L,E,L
10591,Osiel Vázquez Nuñez ,L,V,V,E,L,L,E,E,E,L
10592,Osiel Vázquez Nuñez ,L,V,V,E,L,L,E,V,E,L
10593,Osiel Vázquez Nuñez ,L,V,V,V,L,L,E,L,E,L
10594,Osiel Vázquez Nuñez ,L,V,V,V,L,L,E,E,E,L
10595,Osiel Vázquez Nuñez ,L,V,V,V,L,L,E,V,E,L
10596,OSVALDO,L,E,V,V,L,L,E,L,L,E
10597,Osvaldo avila,L,E,V,V,L,L,E,E,V,V
10598,Osvaldo avila,L,L,V,V,L,L,V,L,E,E
10599,Osvaldo avila,L,L,E,V,L,L,V,L,E,E
10600,Osvaldo avila,E,L,L,E,L,L,E,L,V,E
10601,Osvaldo avila,L,L,V,L,L,L,V,L,V,L
10602,Osvaldo avila,L,V,V,V,E,L,V,L,E,L
10603,Osvaldo avila,L,E,L,E,E,L,V,E,L,V
10604,Osvaldo avila,L,L,L,V,L,E,V,L,E,V
10605,Osvaldo avila,L,L,V,E,L,E,V,L,V,E
10606,Osvaldo avila,L,E,V,V,L,L,E,E,E,E
10607,Osvaldo avila,L,L,V,E,L,E,E,L,L,E
10608,Osvaldo avila,E,E,V,V,L,L,V,L,E,E
10609,Osvaldo avila,E,L,E,L,L,L,V,L,L,E
10610,Osvaldo avila,L,L,V,E,L,L,E,L,E,E
10611,Osvaldo avila,L,L,E,V,E,L,E,L,L,E
10612,Osvaldo avila,L,E,V,E,E,L,L,E,V,E
10613,OSWY MTZ ,L,V,E,V,L,L,L,L,L,L
10614,OSWY MTZ ,L,V,E,V,L,L,E,L,L,L
10615,OSWY MTZ ,L,V,E,V,L,L,V,L,L,L
10616,OSWY MTZ ,L,E,E,V,L,L,L,L,L,L
10617,OSWY MTZ ,L,E,E,V,L,L,E,L,L,L
10618,OSWY MTZ ,L,E,E,V,L,L,V,L,L,L
10619,OT ACAPULQUITO GRO 1,L,E,V,V,L,L,L,L,E,L
10620,OT Adann78,L,E,V,L,L,V,L,E,L,L
10621,OT Adann78,L,L,V,L,E,L,E,V,L,L
10622,OT Adann78,L,V,L,V,E,L,V,L,L,L
10623,OT Alberto Barman,L,V,V,E,E,L,V,E,V,E
10624,OT Alberto Carrizales,V,V,L,L,E,V,E,V,L,V
10625,OT Alberto Carrizales,L,E,E,V,L,E,L,E,V,E
10626,OT Alberto Carrizales,V,V,L,L,L,V,L,V,V,L
10627,OT Alberto Carrizales,L,V,L,L,V,L,V,L,V,V
10628,OT Alberto Carrizales,V,V,L,L,V,V,L,E,V,E
10629,OT Alberto Carrizales,L,V,V,V,L,E,L,V,E,V
10630,OT Alberto Carrizales,L,V,V,L,E,V,V,E,L,E
10631,OT Alberto Carrizales,L,V,V,V,E,L,V,L,E,L
10632,OT Alberto Carrizales,V,E,L,L,V,E,E,V,L,E
10633,OT Alberto Carrizales,V,L,E,L,V,L,V,L,V,L
10634,OT Alcala VF,L,E,V,V,L,E,L,L,L,L
10635,OT Alcala VF,L,L,E,E,E,L,E,L,E,E
10636,OT Alcala VF,L,E,V,E,L,E,L,L,L,L
10637,OT Alcala VF,L,V,V,V,E,E,L,E,E,E
10638,OT Alcala VF,E,E,E,E,L,L,L,L,L,L
10639,OT Alexis fc,L,E,V,L,L,L,L,E,V,L
10640,OT Alexis fc,L,L,E,V,E,V,L,V,E,L
10641,OT Alexis fc,L,V,V,L,L,E,V,L,V,E
10642,OT alfredo camacho,L,L,E,E,L,L,L,L,V,V
10643,OT alfredo camacho,L,L,L,L,L,V,L,V,L,V
10644,OT alfredo camacho,L,L,L,L,L,V,V,V,L,L
10645,OT alfredo camacho,L,L,L,L,L,V,E,V,V,V
10646,OT alfredo camacho,L,L,L,L,L,L,E,E,E,V
10647,OT alfredo camacho,V,V,V,V,V,V,V,V,L,V
10648,OT alfredo camacho,V,E,E,E,L,L,L,L,L,E
10649,OT alfredo camacho,L,E,L,E,E,L,V,L,E,E
10650,OT alfredo camacho,E,E,E,E,V,V,L,L,L,L
10651,OT alfredo camacho,E,E,L,L,E,L,V,V,L,L
10652,OT alfredo camacho,L,V,L,L,L,V,V,V,L,V
10653,OT alfredo camacho,L,V,L,E,E,V,V,L,L,E
10654,OT alfredo camacho,V,V,L,L,L,V,V,L,V,E
10655,OT alfredo camacho,V,V,V,E,V,V,L,L,E,V
10656,OT alfredo camacho,E,V,V,V,L,L,L,L,V,V
10657,OT Alfredo Gallegos,L,E,V,V,L,L,V,E,V,L
10658,OT Alfredo Gallegos,L,V,V,L,V,E,E,L,V,E
10659,OT Alonso meza,L,V,V,L,L,L,V,L,V,L
10660,OT Alonso meza,L,E,V,E,E,E,E,L,E,E
10661,OT Álvaro Franco 44,L,V,V,E,L,L,E,L,E,L
10662,OT Álvaro Franco 44,L,E,V,L,L,L,E,L,E,E
10663,OT Álvaro Franco 44,L,E,V,E,L,L,L,L,V,E
10664,OT Álvaro Franco 44,L,L,E,V,L,L,V,L,V,L
10665,OT Álvaro Franco 44,L,V,V,L,E,E,E,L,E,E
10666,OT Álvaro Franco 44,L,E,V,E,L,L,E,L,E,L
10667,OT America Guzmán,L,L,E,L,V,L,V,L,E,L
10668,OT ANDRES VALDEZ,L,V,V,L,L,L,V,L,L,L
10669,OT ANDRES VALDEZ,V,V,V,V,L,E,L,L,V,E
10670,OT ANDRES VALDEZ,E,L,V,E,V,V,E,L,E,V
10671,OT ANDRES VALDEZ,V,L,V,L,V,L,V,L,V,L
10672,OT ANDRES VALDEZ,L,V,V,L,L,L,L,L,L,V
10673,OT ANDRES VALDEZ,L,L,V,V,V,V,V,L,L,E
10674,OT ANDRES VALDEZ,L,E,V,E,L,L,E,L,L,L
10675,OT ANDRES VALDEZ,L,V,E,V,E,L,L,E,E,V
10676,OT Antonio Beltrán cast,L,E,V,E,L,L,E,L,L,L
10677,OT Antonio Beltrán cast,L,V,V,L,L,L,V,V,L,E
10678,OT ARMANI ,L,L,V,L,L,L,L,L,V,L
10679,OT ARMANI ,L,L,V,L,L,L,L,E,V,L
10680,OT ARMANI ,L,L,V,L,L,L,E,L,V,L
10681,OT ARMANI ,L,L,V,L,L,L,E,E,V,L
10682,OT ARMANI ,L,L,V,L,L,L,V,L,V,L
10683,OT ARMANI ,L,L,V,L,L,L,V,E,V,L
10684,OT ARMANI ,L,L,V,L,E,L,L,L,V,L
10685,OT ARMANI ,L,L,V,L,E,L,L,E,V,L
10686,OT ARMANI ,L,L,V,L,E,L,E,L,V,L
10687,OT ARMANI ,L,L,V,L,E,L,E,E,V,L
10688,OT ARMANI ,L,L,V,L,E,L,V,L,V,L
10689,OT ARMANI ,L,L,V,L,E,L,V,E,V,L
10690,OT ARMANI ,L,L,V,L,V,L,L,L,V,L
10691,OT ARMANI ,L,L,V,L,V,L,L,E,V,L
10692,OT ARMANI ,L,L,V,L,V,L,E,L,V,L
10693,OT ARMANI ,L,L,V,L,V,L,E,E,V,L
10694,OT ARMANI ,L,L,V,L,V,L,V,L,V,L
10695,OT ARMANI ,L,L,V,L,V,L,V,E,V,L
10696,OT ARMANI ,L,L,V,E,L,L,L,L,V,L
10697,OT ARMANI ,L,L,V,E,L,L,L,E,V,L
10698,OT ARMANI ,L,L,V,E,L,L,E,L,V,L
10699,OT ARMANI ,L,L,V,E,L,L,E,E,V,L
10700,OT ARMANI ,L,L,V,E,L,L,V,L,V,L
10701,OT ARMANI ,L,L,V,E,L,L,V,E,V,L
10702,OT ARMANI ,L,L,V,E,E,L,L,L,V,L
10703,OT ARMANI ,L,L,V,E,E,L,L,E,V,L
10704,OT ARMANI ,L,L,V,E,E,L,E,L,V,L
10705,OT ARMANI ,L,L,V,E,E,L,E,E,V,L
10706,OT ARMANI ,L,L,V,E,E,L,V,L,V,L
10707,OT ARMANI ,L,L,V,E,E,L,V,E,V,L
10708,OT ARMANI ,L,L,V,E,V,L,L,L,V,L
10709,OT ARMANI ,L,L,V,E,V,L,L,E,V,L
10710,OT ARMANI ,L,L,V,E,V,L,E,L,V,L
10711,OT ARMANI ,L,L,V,E,V,L,E,E,V,L
10712,OT ARMANI ,L,L,V,E,V,L,V,L,V,L
10713,OT ARMANI ,L,L,V,E,V,L,V,E,V,L
10714,OT ARMANI ,L,E,V,L,L,L,L,L,V,L
10715,OT ARMANI ,L,E,V,L,L,L,L,E,V,L
10716,OT ARMANI ,L,E,V,L,L,L,E,L,V,L
10717,OT ARMANI ,L,E,V,L,L,L,E,E,V,L
10718,OT ARMANI ,L,E,V,L,L,L,V,L,V,L
10719,OT ARMANI ,L,E,V,L,L,L,V,E,V,L
10720,OT ARMANI ,L,E,V,L,E,L,L,L,V,L
10721,OT ARMANI ,L,E,V,L,E,L,L,E,V,L
10722,OT ARMANI ,L,E,V,L,E,L,E,L,V,L
10723,OT ARMANI ,L,E,V,L,E,L,E,E,V,L
10724,OT ARMANI ,L,E,V,L,E,L,V,L,V,L
10725,OT ARMANI ,L,E,V,L,E,L,V,E,V,L
10726,OT ARMANI ,L,E,V,L,V,L,L,L,V,L
10727,OT ARMANI ,L,E,V,L,V,L,L,E,V,L
10728,OT ARMANI ,L,E,V,L,V,L,E,L,V,L
10729,OT ARMANI ,L,E,V,L,V,L,E,E,V,L
10730,OT ARMANI ,L,E,V,L,V,L,V,L,V,L
10731,OT ARMANI ,L,E,V,L,V,L,V,E,V,L
10732,OT ARMANI ,L,E,V,E,L,L,L,L,V,L
10733,OT ARMANI ,L,E,V,E,L,L,L,E,V,L
10734,OT ARMANI ,L,E,V,E,L,L,E,L,V,L
10735,OT ARMANI ,L,E,V,E,L,L,E,E,V,L
10736,OT ARMANI ,L,E,V,E,L,L,V,L,V,L
10737,OT ARMANI ,L,E,V,E,L,L,V,E,V,L
10738,OT ARMANI ,L,E,V,E,E,L,L,L,V,L
10739,OT ARMANI ,L,E,V,E,E,L,L,E,V,L
10740,OT ARMANI ,L,E,V,E,E,L,E,L,V,L
10741,OT ARMANI ,L,E,V,E,E,L,E,E,V,L
10742,OT ARMANI ,L,E,V,E,E,L,V,L,V,L
10743,OT ARMANI ,L,E,V,E,E,L,V,E,V,L
10744,OT ARMANI ,L,E,V,E,V,L,L,L,V,L
10745,OT ARMANI ,L,E,V,E,V,L,L,E,V,L
10746,OT ARMANI ,L,E,V,E,V,L,E,L,V,L
10747,OT ARMANI ,L,E,V,E,V,L,E,E,V,L
10748,OT ARMANI ,L,E,V,E,V,L,V,L,V,L
10749,OT ARMANI ,L,E,V,E,V,L,V,E,V,L
10750,OT ARMANI ,L,V,V,L,L,L,L,L,V,L
10751,OT ARMANI ,L,V,V,L,L,L,L,E,V,L
10752,OT ARMANI ,L,V,V,L,L,L,E,L,V,L
10753,OT ARMANI ,L,V,V,L,L,L,E,E,V,L
10754,OT ARMANI ,L,V,V,L,L,L,V,L,V,L
10755,OT ARMANI ,L,V,V,L,L,L,V,E,V,L
10756,OT ARMANI ,L,V,V,L,E,L,L,L,V,L
10757,OT ARMANI ,L,V,V,L,E,L,L,E,V,L
10758,OT ARMANI ,L,V,V,L,E,L,E,L,V,L
10759,OT ARMANI ,L,V,V,L,E,L,E,E,V,L
10760,OT ARMANI ,L,V,V,L,E,L,V,L,V,L
10761,OT ARMANI ,L,V,V,L,E,L,V,E,V,L
10762,OT ARMANI ,L,V,V,L,V,L,L,L,V,L
10763,OT ARMANI ,L,V,V,L,V,L,L,E,V,L
10764,OT ARMANI ,L,V,V,L,V,L,E,L,V,L
10765,OT ARMANI ,L,V,V,L,V,L,E,E,V,L
10766,OT ARMANI ,L,V,V,L,V,L,V,L,V,L
10767,OT ARMANI ,L,V,V,L,V,L,V,E,V,L
10768,OT ARMANI ,L,V,V,E,L,L,L,L,V,L
10769,OT ARMANI ,L,V,V,E,L,L,L,E,V,L
10770,OT ARMANI ,L,V,V,E,L,L,E,L,V,L
10771,OT ARMANI ,L,V,V,E,L,L,E,E,V,L
10772,OT ARMANI ,L,V,V,E,L,L,V,L,V,L
10773,OT ARMANI ,L,V,V,E,L,L,V,E,V,L
10774,OT ARMANI ,L,V,V,E,E,L,L,L,V,L
10775,OT ARMANI ,L,V,V,E,E,L,L,E,V,L
10776,OT ARMANI ,L,V,V,E,E,L,E,L,V,L
10777,OT ARMANI ,L,V,V,E,E,L,E,E,V,L
10778,OT ARMANI ,L,V,V,E,E,L,V,L,V,L
10779,OT ARMANI ,L,V,V,E,E,L,V,E,V,L
10780,OT ARMANI ,L,V,V,E,V,L,L,L,V,L
10781,OT ARMANI ,L,V,V,E,V,L,L,E,V,L
10782,OT ARMANI ,L,V,V,E,V,L,E,L,V,L
10783,OT ARMANI ,L,V,V,E,V,L,E,E,V,L
10784,OT ARMANI ,L,V,V,E,V,L,V,L,V,L
10785,OT ARMANI ,L,V,V,E,V,L,V,E,V,L
10786,OT Berrospe ,L,E,L,V,L,L,L,E,E,L
10787,OT Berrospe ,L,E,V,V,L,L,L,E,E,L
10788,OT Berrospe ,L,V,L,V,L,L,L,E,E,L
10789,OT Berrospe ,L,V,V,V,L,L,L,E,E,L
10790,OT Beto Rocha,L,V,V,L,L,V,E,E,L,L
10791,OT Boti,L,L,V,V,L,E,V,E,V,L
10792,OT Cesar maxi,L,E,V,E,L,L,L,L,L,E
10793,OT Cesar maxi,L,V,L,L,V,L,L,L,V,L
10794,OT Cesar maxi,V,V,L,L,L,V,L,V,L,L
10795,OT Cesar maxi,V,L,L,L,L,V,L,V,L,V
10796,OT Cesar maxi,L,V,L,E,E,V,E,L,E,L
10797,OT Cesar maxi,V,V,L,L,L,V,V,E,V,L
10798,OT Cesar maxi,E,E,V,E,L,L,E,L,L,V
10799,OT César Valdovino,L,L,E,L,L,L,L,L,L,L
10800,OT César Valdovino,L,V,E,L,E,E,L,L,E,L
10801,OT Chino Rivera,L,E,V,E,L,V,E,L,L,L
10802,OT Chino Rivera,L,V,V,V,E,E,L,L,E,V
10803,OT Chino Rivera,E,E,V,V,E,E,L,E,L,V
10804,OT Choloy,L,V,V,L,L,E,E,L,E,L
10805,OT Choloy,L,L,V,L,L,L,L,L,L,E
10806,OT Choloy,L,E,V,E,L,L,L,L,V,V
10807,OT Choras,L,E,V,L,L,L,L,L,L,V
10808,OT Chuyon28,L,V,V,E,L,L,E,E,L,V
10809,OT Chuyon28,L,E,V,E,L,L,L,L,L,L
10810,OT Chuyon28,E,V,V,L,L,L,V,L,E,E
10811,OT Coperacha progol,L,L,V,L,L,L,L,L,E,E
10812,OT Coperacha progol,L,L,V,L,L,L,L,E,L,E
10813,OT Coperacha progol,L,L,V,L,L,L,L,E,E,E
10814,OT Coperacha progol,L,L,V,L,L,E,L,L,L,E
10815,OT Coperacha progol,L,L,V,L,L,E,L,L,E,E
10816,OT Coperacha progol,L,L,V,L,L,E,L,E,L,E
10817,OT Coperacha progol,L,L,V,L,L,E,L,E,E,E
10818,OT Coperacha progol,L,L,V,E,L,L,L,L,L,E
10819,OT Coperacha progol,L,L,V,E,L,L,L,L,E,E
10820,OT Coperacha progol,L,L,V,E,L,L,L,E,L,E
10821,OT Coperacha progol,L,L,V,E,L,L,L,E,E,E
10822,OT Coperacha progol,L,L,V,E,L,E,L,L,L,E
10823,OT Coperacha progol,L,L,V,E,L,E,L,L,E,E
10824,OT Coperacha progol,L,L,V,E,L,E,L,E,L,E
10825,OT Coperacha progol,L,L,V,E,L,E,L,E,E,E
10826,OT Coperacha progol,L,E,V,L,L,L,L,L,L,E
10827,OT Coperacha progol,L,E,V,L,L,L,L,L,E,E
10828,OT Coperacha progol,L,E,V,L,L,L,L,E,L,E
10829,OT Coperacha progol,L,E,V,L,L,L,L,E,E,E
10830,OT Coperacha progol,L,E,V,L,L,E,L,L,L,E
10831,OT Coperacha progol,L,E,V,L,L,E,L,L,E,E
10832,OT Coperacha progol,L,E,V,L,L,E,L,E,L,E
10833,OT Coperacha progol,L,E,V,L,L,E,L,E,E,E
10834,OT Coperacha progol,L,E,V,E,L,L,L,L,L,E
10835,OT Coperacha progol,L,E,V,E,L,L,L,L,E,E
10836,OT Coperacha progol,L,E,V,E,L,L,L,E,L,E
10837,OT Coperacha progol,L,E,V,E,L,L,L,E,E,E
10838,OT Coperacha progol,L,E,V,E,L,E,L,L,L,E
10839,OT Coperacha progol,L,E,V,E,L,E,L,L,E,E
10840,OT Coperacha progol,L,E,V,E,L,E,L,E,L,E
10841,OT Coperacha progol,L,E,V,E,L,E,L,E,E,E
10842,OT Coperacha progol ,L,L,V,L,L,L,L,L,L,E
10843,OT D J G M ZG,L,E,V,L,L,L,V,V,V,E
10844,OT D J G M ZG,L,L,V,L,L,L,E,V,E,E
10845,OT D J G M ZG,L,L,V,L,L,L,L,L,L,E
10846,OT D J G M ZG,L,V,V,L,L,L,E,L,L,E
10847,OT D J G M ZG,L,V,V,L,L,L,V,L,L,E
10848,OT Dani,L,V,V,L,L,V,L,L,E,L
10849,OT David JL98,L,E,V,V,L,E,V,L,V,L
10850,OT David JL98,L,V,V,E,L,L,E,L,E,L
10851,OT David JL98,L,V,V,L,L,E,L,L,V,L
10852,OT David JL98,E,L,V,E,L,E,L,L,E,L
10853,OT David JL98,L,E,V,V,L,L,V,L,L,E
10854,OT Delgado,L,V,V,L,L,L,L,L,V,L
10855,OT Delmar lopez,L,E,V,E,L,E,L,V,L,L
10856,OT Delmar lopez,L,V,V,L,L,L,L,L,E,L
10857,OT Delmar lopez,L,E,V,V,V,L,L,E,E,L
10858,OT Delmar lopez,L,E,V,V,E,E,L,E,E,L
10859,OT Delmar lopez,L,L,V,L,L,L,L,L,E,L
10860,OT Disg,L,E,V,E,L,L,E,L,L,V
10861,OT Disg,L,V,V,V,E,E,V,L,E,V
10862,OT Disg,L,L,V,L,L,L,V,L,L,L
10863,OT Disg,L,L,V,V,L,L,L,L,L,L
10864,OT Disg,L,L,V,V,L,L,V,L,L,L
10865,OT Disg,L,V,V,L,L,L,L,L,L,L
10866,OT Disg,L,V,V,L,L,L,V,L,L,L
10867,OT Disg,L,V,V,V,L,L,L,L,L,L
10868,OT Disg,L,V,V,V,L,L,V,L,L,L
10869,OT Disg ,L,L,V,L,L,L,L,L,L,L
10870,OT Doña mago,V,L,V,V,V,L,L,V,V,L
10871,OT Doña mago,L,E,V,V,L,V,L,L,L,E
10872,OT Doña mago,L,L,E,E,V,E,V,E,L,E
10873,OT Doña mago,L,L,V,L,L,L,V,L,E,L
10874,OT Doña mago,L,V,E,E,V,E,L,E,L,L
10875,OT Doña mago,L,L,L,L,V,E,L,E,V,L
10876,OT Doña mago,L,L,L,L,V,V,E,L,V,E
10877,OT Doña mago,V,E,L,E,E,E,E,E,E,L
10878,OT Doña mago,E,V,L,L,L,V,E,E,V,L
10879,OT Doña mago,L,E,L,E,L,L,L,E,L,L
10880,OT Doña mago,L,V,L,V,L,L,L,V,E,L
10881,OT Doña mago,L,V,L,V,L,L,V,L,L,L
10882,OT Doña mago,L,V,E,E,L,L,V,L,L,L
10883,OT Doña mago,L,V,E,V,L,L,V,L,L,L
10884,OT Doña mago,L,E,V,L,E,L,L,E,E,L
10885,OT Doña mago,L,E,V,L,E,L,L,V,E,L
10886,OT Doña mago,V,E,E,V,V,L,V,E,E,E
10887,OT Doña mago,L,E,E,L,E,L,V,E,L,V
10888,OT Doña mago,L,E,E,L,E,E,V,L,L,V
10889,OT Doña mago,L,E,E,L,E,E,V,E,L,V
10890,OT Doña mago,L,E,E,L,V,L,V,L,L,V
10891,OT Doña mago,L,E,E,L,V,L,V,E,L,V
10892,OT Doña mago,L,E,E,L,V,E,V,L,L,V
10893,OT Doña mago,L,E,E,L,V,E,V,E,L,V
10894,OT Doña mago,L,E,V,L,E,L,V,L,L,V
10895,OT Doña mago,L,E,V,L,E,L,V,E,L,V
10896,OT Doña mago,L,E,V,L,E,E,V,L,L,V
10897,OT Doña mago,L,E,V,L,E,E,V,E,L,V
10898,OT Doña mago,L,E,V,L,V,L,V,L,L,V
10899,OT Doña mago,L,E,V,L,V,L,V,E,L,V
10900,OT Doña mago,L,E,V,L,V,E,V,L,L,V
10901,OT Doña mago,L,E,V,L,V,E,V,E,L,V
10902,OT Doña mago,L,V,E,L,E,L,V,L,L,V
10903,OT Doña mago,L,V,E,L,E,L,V,E,L,V
10904,OT Doña mago,L,V,E,L,E,E,V,L,L,V
10905,OT Doña mago,L,V,E,L,E,E,V,E,L,V
10906,OT Doña mago,L,V,E,L,V,L,V,L,L,V
10907,OT Doña mago,L,V,E,L,V,L,V,E,L,V
10908,OT Doña mago,L,V,E,L,V,E,V,L,L,V
10909,OT Doña mago,L,V,E,L,V,E,V,E,L,V
10910,OT Doña mago,L,V,V,L,E,L,V,L,L,V
10911,OT Doña mago,L,V,V,L,E,L,V,E,L,V
10912,OT Doña mago,L,V,V,L,E,E,V,L,L,V
10913,OT Doña mago,L,V,V,L,E,E,V,E,L,V
10914,OT Doña mago,L,V,V,L,V,L,V,L,L,V
10915,OT Doña mago,L,V,V,L,V,L,V,E,L,V
10916,OT Doña mago,L,V,V,L,V,E,V,L,L,V
10917,OT Doña mago,L,V,V,L,V,E,V,E,L,V
10918,OT Doña mago,E,E,E,L,E,L,V,L,L,V
10919,OT Doña mago,E,E,E,L,E,L,V,E,L,V
10920,OT Doña mago,E,E,E,L,E,E,V,L,L,V
10921,OT Doña mago,E,E,E,L,E,E,V,E,L,V
10922,OT Doña mago,E,E,E,L,V,L,V,L,L,V
10923,OT Doña mago,E,E,E,L,V,L,V,E,L,V
10924,OT Doña mago,E,E,E,L,V,E,V,L,L,V
10925,OT Doña mago,E,E,E,L,V,E,V,E,L,V
10926,OT Doña mago,E,E,V,L,E,L,V,L,L,V
10927,OT Doña mago,E,E,V,L,E,L,V,E,L,V
10928,OT Doña mago,E,E,V,L,E,E,V,L,L,V
10929,OT Doña mago,E,E,V,L,E,E,V,E,L,V
10930,OT Doña mago,E,E,V,L,V,L,V,L,L,V
10931,OT Doña mago,E,E,V,L,V,L,V,E,L,V
10932,OT Doña mago,E,E,V,L,V,E,V,L,L,V
10933,OT Doña mago,E,E,V,L,V,E,V,E,L,V
10934,OT Doña mago,E,V,E,L,E,L,V,L,L,V
10935,OT Doña mago,E,V,E,L,E,L,V,E,L,V
10936,OT Doña mago,E,V,E,L,E,E,V,L,L,V
10937,OT Doña mago,E,V,E,L,E,E,V,E,L,V
10938,OT Doña mago,E,V,E,L,V,L,V,L,L,V
10939,OT Doña mago,E,V,E,L,V,L,V,E,L,V
10940,OT Doña mago,E,V,E,L,V,E,V,L,L,V
10941,OT Doña mago,E,V,E,L,V,E,V,E,L,V
10942,OT Doña mago,E,V,V,L,E,L,V,L,L,V
10943,OT Doña mago,E,V,V,L,E,L,V,E,L,V
10944,OT Doña mago,E,V,V,L,E,E,V,L,L,V
10945,OT Doña mago,E,V,V,L,E,E,V,E,L,V
10946,OT Doña mago,E,V,V,L,V,L,V,L,L,V
10947,OT Doña mago,E,V,V,L,V,L,V,E,L,V
10948,OT Doña mago,E,V,V,L,V,E,V,L,L,V
10949,OT Doña mago,E,V,V,L,V,E,V,E,L,V
10950,OT Doña mago ,L,V,L,E,L,L,V,L,L,L
10951,OT Doña mago ,L,E,V,L,E,L,L,L,E,L
10952,OT Doña mago ,E,E,E,V,V,L,V,E,E,E
10953,OT Doña mago ,L,E,E,L,E,L,V,L,L,V
10954,OT Eduardo aboyte,L,E,V,V,L,L,L,E,L,L
10955,OT Eduardo aboyte,L,L,V,E,L,L,E,L,V,L
10956,OT El mejor,L,E,V,E,L,L,E,L,E,L
10957,OT El mejor,L,E,V,L,E,L,L,L,E,L
10958,OT El Mike,L,L,V,V,L,L,E,L,V,L
10959,OT El Mike 2,L,V,V,V,E,L,E,L,V,L
10960,OT El suave 1,L,E,V,E,L,L,V,L,E,V
10961,OT Elias Orlando Gomez,L,V,V,L,L,L,V,L,L,L
10962,OT Elias Orlando Gomez,L,V,V,V,V,L,L,L,L,L
10963,OT Elias Orlando Gomez,L,V,V,L,L,L,E,E,L,V
10964,OT Elias Orlando Gomez,L,V,V,L,V,V,V,L,E,E
10965,OT Elias Orlando Gomez,L,L,V,E,L,L,E,L,E,L
10966,OT Emmamateo+++,L,V,V,L,L,L,L,L,L,L
10967,OT Emmamateo+++,L,V,V,L,L,L,L,L,V,L
10968,OT Emmamateo+++,L,V,V,L,V,L,L,V,L,L
10969,OT Emmamateo+++,L,V,V,L,V,L,L,V,V,L
10970,OT Emmamateo+++,L,E,V,E,L,L,L,L,E,L
10971,OT Ernesto moreno m,L,V,V,L,L,L,V,L,V,L
10972,OT Ernesto moreno m,L,L,V,V,V,L,V,L,L,L
10973,OT Ernesto moreno m,L,E,V,L,E,L,E,L,V,L
10974,OT Fernando huesos,L,V,V,L,L,L,L,L,V,L
10975,OT Fernando Olmos Palaf,L,E,L,V,L,E,V,V,E,L
10976,OT Fernando villalobos,E,L,L,V,L,L,E,L,E,V
10977,OT Fernando villalobos,L,V,V,L,E,L,E,V,L,E
10978,OT Galindo29,L,E,V,L,L,E,V,E,L,L
10979,OT Galindo29,L,V,L,E,V,L,L,V,V,V
10980,OT Gaspar,L,L,V,L,L,L,L,L,E,L
10981,OT Gaspar,L,L,V,L,L,E,L,L,L,L
10982,OT Gaspar,L,L,V,L,L,E,L,L,E,L
10983,OT Gaspar,L,L,V,L,E,L,L,L,L,L
10984,OT Gaspar,L,L,V,L,E,L,L,L,E,L
10985,OT Gaspar,L,L,V,L,E,E,L,L,L,L
10986,OT Gaspar,L,L,V,L,E,E,L,L,E,L
10987,OT Gaspar,L,L,V,V,L,L,L,L,L,L
10988,OT Gaspar,L,L,V,V,L,L,L,L,E,L
10989,OT Gaspar,L,L,V,V,L,E,L,L,L,L
10990,OT Gaspar,L,L,V,V,L,E,L,L,E,L
10991,OT Gaspar,L,L,V,V,E,L,L,L,L,L
10992,OT Gaspar,L,L,V,V,E,L,L,L,E,L
10993,OT Gaspar,L,L,V,V,E,E,L,L,L,L
10994,OT Gaspar,L,L,V,V,E,E,L,L,E,L
10995,OT Gaspar,L,E,V,L,L,L,L,L,L,L
10996,OT Gaspar,L,E,V,L,L,L,L,L,E,L
10997,OT Gaspar,L,E,V,L,L,E,L,L,L,L
10998,OT Gaspar,L,E,V,L,L,E,L,L,E,L
10999,OT Gaspar,L,E,V,L,E,L,L,L,L,L
11000,OT Gaspar,L,E,V,L,E,L,L,L,E,L
11001,OT Gaspar,L,E,V,L,E,E,L,L,L,L
11002,OT Gaspar,L,E,V,L,E,E,L,L,E,L
11003,OT Gaspar,L,E,V,V,L,L,L,L,L,L
11004,OT Gaspar,L,E,V,V,L,L,L,L,E,L
11005,OT Gaspar,L,E,V,V,L,E,L,L,L,L
11006,OT Gaspar,L,E,V,V,L,E,L,L,E,L
11007,OT Gaspar,L,E,V,V,E,L,L,L,L,L
11008,OT Gaspar,L,E,V,V,E,L,L,L,E,L
11009,OT Gaspar,L,E,V,V,E,E,L,L,L,L
11010,OT Gaspar,L,E,V,V,E,E,L,L,E,L
11011,OT Gaspar ,L,L,V,L,L,L,L,L,L,L
11012,OT Guadalupe,L,L,L,L,L,L,L,L,L,L
11013,OT Guadalupe,L,E,L,E,L,E,V,E,E,V
11014,OT Guadalupe,L,E,V,L,E,E,L,V,L,L
11015,OT Guadalupe,L,V,V,E,E,V,V,E,L,L
11016,OT Guadalupe,L,L,L,L,L,L,L,L,L,E
11017,OT Guadalupe,L,L,L,E,L,E,E,V,L,E
11018,OT Guillermo corona san,L,V,V,V,L,L,V,V,L,L
11019,OT Guillermo corona san,L,E,E,V,E,E,V,L,L,L
11020,OT Guillermo corona san,E,V,V,V,L,V,V,V,L,L
11021,OT HMB1987,L,L,V,E,V,L,L,E,L,L
11022,OT HMB1987,L,V,V,L,L,V,E,L,E,V
11023,OT IGNACIO PÉREZ,V,V,E,L,L,V,V,E,L,L
11024,OT IGNACIO PÉREZ ,L,V,V,L,L,E,L,L,L,L
11025,OT IGNACIO PÉREZ ,E,L,V,V,L,L,L,L,E,L
11026,OT IGNACIO PÉREZ ,E,V,V,L,L,E,L,L,E,L
11027,OT IGNACIO PÉREZ ,L,E,V,L,L,E,L,L,L,L
11028,OT IKER CASILLAS,L,L,V,L,L,V,V,L,E,V
11029,OT Jaime,L,V,V,L,L,V,L,V,L,L
11030,OT Jairo Villanueva,L,L,V,L,L,L,E,V,L,V
11031,OT Jairo Villanueva,L,V,V,L,L,E,E,L,E,L
11032,OT JAVIER MELGAREJO,L,V,E,L,E,V,L,V,L,L
11033,OT JNGO11,L,V,V,L,L,L,L,L,L,L
11034,OT JNGO11,L,V,L,L,V,L,L,L,E,L
11035,OT JNGO11,L,L,E,L,L,L,L,L,E,L
11036,OT JNGO11,L,V,E,L,E,L,E,L,V,L
11037,OT JNGO11,V,V,E,L,L,L,E,L,L,L
11038,OT JNGO11,L,V,V,L,L,L,E,E,E,L
11039,OT JNGO11,L,E,E,L,L,L,L,L,L,E
11040,OT JNGO11,L,V,L,E,V,L,E,L,V,L
11041,OT JNGO11,V,L,E,V,L,E,E,V,L,V
11042,OT JNGO11,E,V,V,L,L,E,L,E,E,L
11043,OT José Antonio silvest,L,E,V,L,L,L,L,L,V,L
11044,OT José Antonio silvest,L,E,V,L,L,L,L,E,E,L
11045,OT José Antonio silvest,L,E,V,L,L,L,L,E,V,L
11046,OT José Antonio silvest,L,E,V,L,L,L,E,L,E,L
11047,OT José Antonio silvest,L,E,V,L,L,L,E,L,V,L
11048,OT José Antonio silvest,L,E,V,L,L,L,E,E,E,L
11049,OT José Antonio silvest,L,E,V,L,L,L,E,E,V,L
11050,OT José Antonio silvest,L,E,V,E,L,L,L,L,E,L
11051,OT José Antonio silvest,L,E,V,E,L,L,L,L,V,L
11052,OT José Antonio silvest,L,E,V,E,L,L,L,E,E,L
11053,OT José Antonio silvest,L,E,V,E,L,L,L,E,V,L
11054,OT José Antonio silvest,L,E,V,E,L,L,E,L,E,L
11055,OT José Antonio silvest,L,E,V,E,L,L,E,L,V,L
11056,OT José Antonio silvest,L,E,V,E,L,L,E,E,E,L
11057,OT José Antonio silvest,L,E,V,E,L,L,E,E,V,L
11058,OT José Antonio silvest,L,V,V,L,L,L,L,L,E,L
11059,OT José Antonio silvest,L,V,V,L,L,L,L,L,V,L
11060,OT José Antonio silvest,L,V,V,L,L,L,L,E,E,L
11061,OT José Antonio silvest,L,V,V,L,L,L,L,E,V,L
11062,OT José Antonio silvest,L,V,V,L,L,L,E,L,E,L
11063,OT José Antonio silvest,L,V,V,L,L,L,E,L,V,L
11064,OT José Antonio silvest,L,V,V,L,L,L,E,E,E,L
11065,OT José Antonio silvest,L,V,V,L,L,L,E,E,V,L
11066,OT José Antonio silvest,L,V,V,E,L,L,L,L,E,L
11067,OT José Antonio silvest,L,V,V,E,L,L,L,L,V,L
11068,OT José Antonio silvest,L,V,V,E,L,L,L,E,E,L
11069,OT José Antonio silvest,L,V,V,E,L,L,L,E,V,L
11070,OT José Antonio silvest,L,V,V,E,L,L,E,L,E,L
11071,OT José Antonio silvest,L,V,V,E,L,L,E,L,V,L
11072,OT José Antonio silvest,L,V,V,E,L,L,E,E,E,L
11073,OT José Antonio silvest,L,V,V,E,L,L,E,E,V,L
11074,OT José Antonio silvest ,L,E,V,L,L,L,L,L,E,L
11075,OT José Luis Bonilla Ra,L,L,V,V,L,E,L,L,L,L
11076,OT Jose Urioste,L,L,V,L,L,L,L,L,L,E
11077,OT Jose Urioste,L,V,L,V,V,E,V,L,V,L
11078,OT Jose Urioste,E,E,V,L,L,L,E,E,E,V
11079,OT Juan aguilar,L,V,V,L,L,L,V,L,L,L
11080,OT Juan oblea rivera,L,V,V,L,L,L,V,L,V,V
11081,OT Juan oblea rivera,L,L,V,E,L,E,L,V,L,V
11082,OT Juan oblea rivera,L,L,V,L,L,V,E,V,E,L
11083,OT Juan oblea rivera,L,L,V,V,L,L,E,V,L,V
11084,OT Juan oblea rivera,V,E,L,V,E,V,E,E,L,L
11085,OT Juan oblea rivera,L,L,V,L,E,V,L,L,E,L
11086,OT Juan oblea rivera,L,V,V,V,V,E,V,L,L,L
11087,OT Juan oblea rivera,E,L,V,L,V,V,L,L,E,V
11088,OT Juan oblea rivera,V,V,E,V,L,V,L,V,V,L
11089,OT Juan oblea rivera,V,L,E,L,E,L,L,L,V,L
11090,OT Juan oblea rivera,L,V,V,L,L,V,V,E,L,E
11091,OT Juan oblea rivera,L,E,V,L,L,E,V,V,L,V
11092,OT Juan oblea rivera,E,E,V,E,L,L,E,L,V,L
11093,OT Karla,L,V,V,E,L,L,V,L,V,L
11094,OT Kikiriki,L,E,V,L,L,L,E,L,L,E
11095,OT Luis,E,V,V,E,L,V,L,V,L,L
11096,OT Luis,L,L,V,L,E,L,L,L,L,L
11097,OT Luis,L,E,V,L,L,L,L,E,L,E
11098,OT Luis,L,E,V,L,E,L,L,L,L,E
11099,OT Luis,E,E,V,V,L,L,L,L,L,L
11100,OT Luis,L,L,V,E,E,L,L,E,L,L
11101,OT Luis,V,V,V,V,E,E,L,E,L,L
11102,OT Luis,L,V,V,V,L,E,L,E,L,E
11103,OT Luis,V,E,V,E,L,E,V,V,L,L
11104,OT Luis,L,E,V,E,L,E,V,V,L,L
11105,OT Luis Cesar Rodriguez,L,L,V,E,L,L,L,L,L,L
11106,OT Luis Cesar Rodriguez,L,L,V,E,L,L,V,L,L,L
11107,OT Luis Cesar Rodriguez,L,L,V,V,L,L,L,L,L,L
11108,OT Luis Cesar Rodriguez,L,L,V,V,L,L,V,L,L,L
11109,OT Luis Fernando Prado,L,L,V,V,L,L,L,L,L,L
11110,OT Luis Fernando Prado,V,V,V,V,V,L,L,L,L,L
11111,OT Luis Fernando Prado,L,V,V,L,L,L,L,L,L,L
11112,OT Luis Fernando Prado,L,E,V,E,E,L,L,L,L,L
11113,OT Luis Fernando Prado,L,E,V,E,L,L,E,L,L,L
11114,OT Manu vargas,L,E,V,E,L,L,V,E,L,L
11115,OT Mayra Acosta,L,V,V,L,L,L,V,E,V,L
11116,OT Mayra Acosta,V,E,E,V,L,L,E,L,V,V
11117,OT Mayra Acosta,L,E,L,V,V,L,E,E,L,V
11118,OT Mayra Acosta,L,L,V,V,E,L,V,V,V,V
11119,OT Mayra Acosta,L,E,E,V,E,E,E,V,L,V
11120,OT Mayra Acosta,E,L,V,V,E,L,L,V,L,L
11121,OT Mayra Acosta,E,E,E,E,V,V,L,E,E,E
11122,OT Mayra Acosta,L,V,E,L,L,L,L,V,V,L
11123,OT Mayra Acosta,V,L,L,L,E,V,V,V,E,L
11124,OT Mayra Acosta,L,E,L,E,E,V,V,L,L,L
11125,OT MEMO OCHOA,L,E,V,L,L,L,V,L,V,L
11126,OT MEMO OCHOA,E,L,V,E,L,L,E,L,V,L
11127,OT MEMO OCHOA,L,E,L,V,V,L,E,L,V,E
11128,OT MIKEL BAR,L,V,V,E,L,L,L,E,E,V
11129,OT MIKEL BAR,L,E,V,V,L,E,V,L,V,V
11130,OT MIKEL BAR,L,V,L,V,L,L,V,E,E,V
11131,OT Miki M,L,E,V,L,L,V,V,L,L,V
11132,OT Moycihutlan,L,E,V,L,E,L,E,L,E,V
11133,OT Moycihutlan,E,L,E,V,V,E,V,V,V,E
11134,OT Moycihutlan,V,V,L,E,L,V,L,E,L,E
11135,OT Negro Cozu,L,L,V,L,E,L,L,L,E,L
11136,OT Negro Cozu,L,L,V,L,E,L,E,L,L,L
11137,OT Negro Cozu,L,L,V,L,E,L,E,L,E,L
11138,OT Negro Cozu,L,L,V,L,E,L,V,L,L,L
11139,OT Negro Cozu,L,L,V,L,E,L,V,L,E,L
11140,OT Negro Cozu,L,L,V,L,E,E,L,L,L,L
11141,OT Negro Cozu,L,L,V,L,E,E,L,L,E,L
11142,OT Negro Cozu,L,L,V,L,E,E,E,L,L,L
11143,OT Negro Cozu,L,L,V,L,E,E,E,L,E,L
11144,OT Negro Cozu,L,L,V,L,E,E,V,L,L,L
11145,OT Negro Cozu,L,L,V,L,E,E,V,L,E,L
11146,OT Negro Cozu,L,L,V,L,V,L,L,L,L,L
11147,OT Negro Cozu,L,L,V,L,V,L,L,L,E,L
11148,OT Negro Cozu,L,L,V,L,V,L,E,L,L,L
11149,OT Negro Cozu,L,L,V,L,V,L,E,L,E,L
11150,OT Negro Cozu,L,L,V,L,V,L,V,L,L,L
11151,OT Negro Cozu,L,L,V,L,V,L,V,L,E,L
11152,OT Negro Cozu,L,L,V,L,V,E,L,L,L,L
11153,OT Negro Cozu,L,L,V,L,V,E,L,L,E,L
11154,OT Negro Cozu,L,L,V,L,V,E,E,L,L,L
11155,OT Negro Cozu,L,L,V,L,V,E,E,L,E,L
11156,OT Negro Cozu,L,L,V,L,V,E,V,L,L,L
11157,OT Negro Cozu,L,L,V,L,V,E,V,L,E,L
11158,OT Negro Cozu,L,L,V,E,E,L,L,L,L,L
11159,OT Negro Cozu,L,L,V,E,E,L,L,L,E,L
11160,OT Negro Cozu,L,L,V,E,E,L,E,L,L,L
11161,OT Negro Cozu,L,L,V,E,E,L,E,L,E,L
11162,OT Negro Cozu,L,L,V,E,E,L,V,L,L,L
11163,OT Negro Cozu,L,L,V,E,E,L,V,L,E,L
11164,OT Negro Cozu,L,L,V,E,E,E,L,L,L,L
11165,OT Negro Cozu,L,L,V,E,E,E,L,L,E,L
11166,OT Negro Cozu,L,L,V,E,E,E,E,L,L,L
11167,OT Negro Cozu,L,L,V,E,E,E,E,L,E,L
11168,OT Negro Cozu,L,L,V,E,E,E,V,L,L,L
11169,OT Negro Cozu,L,L,V,E,E,E,V,L,E,L
11170,OT Negro Cozu,L,L,V,E,V,L,L,L,L,L
11171,OT Negro Cozu,L,L,V,E,V,L,L,L,E,L
11172,OT Negro Cozu,L,L,V,E,V,L,E,L,L,L
11173,OT Negro Cozu,L,L,V,E,V,L,E,L,E,L
11174,OT Negro Cozu,L,L,V,E,V,L,V,L,L,L
11175,OT Negro Cozu,L,L,V,E,V,L,V,L,E,L
11176,OT Negro Cozu,L,L,V,E,V,E,L,L,L,L
11177,OT Negro Cozu,L,L,V,E,V,E,L,L,E,L
11178,OT Negro Cozu,L,L,V,E,V,E,E,L,L,L
11179,OT Negro Cozu,L,L,V,E,V,E,E,L,E,L
11180,OT Negro Cozu,L,L,V,E,V,E,V,L,L,L
11181,OT Negro Cozu,L,L,V,E,V,E,V,L,E,L
11182,OT Negro Cozu,L,E,V,L,E,L,L,L,L,L
11183,OT Negro Cozu,L,E,V,L,E,L,L,L,E,L
11184,OT Negro Cozu,L,E,V,L,E,L,E,L,L,L
11185,OT Negro Cozu,L,E,V,L,E,L,E,L,E,L
11186,OT Negro Cozu,L,E,V,L,E,L,V,L,L,L
11187,OT Negro Cozu,L,E,V,L,E,L,V,L,E,L
11188,OT Negro Cozu,L,E,V,L,E,E,L,L,L,L
11189,OT Negro Cozu,L,E,V,L,E,E,L,L,E,L
11190,OT Negro Cozu,L,E,V,L,E,E,E,L,L,L
11191,OT Negro Cozu,L,E,V,L,E,E,E,L,E,L
11192,OT Negro Cozu,L,E,V,L,E,E,V,L,L,L
11193,OT Negro Cozu,L,E,V,L,E,E,V,L,E,L
11194,OT Negro Cozu,L,E,V,L,V,L,L,L,L,L
11195,OT Negro Cozu,L,E,V,L,V,L,L,L,E,L
11196,OT Negro Cozu,L,E,V,L,V,L,E,L,L,L
11197,OT Negro Cozu,L,E,V,L,V,L,E,L,E,L
11198,OT Negro Cozu,L,E,V,L,V,L,V,L,L,L
11199,OT Negro Cozu,L,E,V,L,V,L,V,L,E,L
11200,OT Negro Cozu,L,E,V,L,V,E,L,L,L,L
11201,OT Negro Cozu,L,E,V,L,V,E,L,L,E,L
11202,OT Negro Cozu,L,E,V,L,V,E,E,L,L,L
11203,OT Negro Cozu,L,E,V,L,V,E,E,L,E,L
11204,OT Negro Cozu,L,E,V,L,V,E,V,L,L,L
11205,OT Negro Cozu,L,E,V,L,V,E,V,L,E,L
11206,OT Negro Cozu,L,E,V,E,E,L,L,L,L,L
11207,OT Negro Cozu,L,E,V,E,E,L,L,L,E,L
11208,OT Negro Cozu,L,E,V,E,E,L,E,L,L,L
11209,OT Negro Cozu,L,E,V,E,E,L,E,L,E,L
11210,OT Negro Cozu,L,E,V,E,E,L,V,L,L,L
11211,OT Negro Cozu,L,E,V,E,E,L,V,L,E,L
11212,OT Negro Cozu,L,E,V,E,E,E,L,L,L,L
11213,OT Negro Cozu,L,E,V,E,E,E,L,L,E,L
11214,OT Negro Cozu,L,E,V,E,E,E,E,L,L,L
11215,OT Negro Cozu,L,E,V,E,E,E,E,L,E,L
11216,OT Negro Cozu,L,E,V,E,E,E,V,L,L,L
11217,OT Negro Cozu,L,E,V,E,E,E,V,L,E,L
11218,OT Negro Cozu,L,E,V,E,V,L,L,L,L,L
11219,OT Negro Cozu,L,E,V,E,V,L,L,L,E,L
11220,OT Negro Cozu,L,E,V,E,V,L,E,L,L,L
11221,OT Negro Cozu,L,E,V,E,V,L,E,L,E,L
11222,OT Negro Cozu,L,E,V,E,V,L,V,L,L,L
11223,OT Negro Cozu,L,E,V,E,V,L,V,L,E,L
11224,OT Negro Cozu,L,E,V,E,V,E,L,L,L,L
11225,OT Negro Cozu,L,E,V,E,V,E,L,L,E,L
11226,OT Negro Cozu,L,E,V,E,V,E,E,L,L,L
11227,OT Negro Cozu,L,E,V,E,V,E,E,L,E,L
11228,OT Negro Cozu,L,E,V,E,V,E,V,L,L,L
11229,OT Negro Cozu,L,E,V,E,V,E,V,L,E,L
11230,OT Negro Cozu,L,V,V,L,E,L,L,L,L,L
11231,OT Negro Cozu,L,V,V,L,E,L,L,L,E,L
11232,OT Negro Cozu,L,V,V,L,E,L,E,L,L,L
11233,OT Negro Cozu,L,V,V,L,E,L,E,L,E,L
11234,OT Negro Cozu,L,V,V,L,E,L,V,L,L,L
11235,OT Negro Cozu,L,V,V,L,E,L,V,L,E,L
11236,OT Negro Cozu,L,V,V,L,E,E,L,L,L,L
11237,OT Negro Cozu,L,V,V,L,E,E,L,L,E,L
11238,OT Negro Cozu,L,V,V,L,E,E,E,L,L,L
11239,OT Negro Cozu,L,V,V,L,E,E,E,L,E,L
11240,OT Negro Cozu,L,V,V,L,E,E,V,L,L,L
11241,OT Negro Cozu,L,V,V,L,E,E,V,L,E,L
11242,OT Negro Cozu,L,V,V,L,V,L,L,L,L,L
11243,OT Negro Cozu,L,V,V,L,V,L,L,L,E,L
11244,OT Negro Cozu,L,V,V,L,V,L,E,L,L,L
11245,OT Negro Cozu,L,V,V,L,V,L,E,L,E,L
11246,OT Negro Cozu,L,V,V,L,V,L,V,L,L,L
11247,OT Negro Cozu,L,V,V,L,V,L,V,L,E,L
11248,OT Negro Cozu,L,V,V,L,V,E,L,L,L,L
11249,OT Negro Cozu,L,V,V,L,V,E,L,L,E,L
11250,OT Negro Cozu,L,V,V,L,V,E,E,L,L,L
11251,OT Negro Cozu,L,V,V,L,V,E,E,L,E,L
11252,OT Negro Cozu,L,V,V,L,V,E,V,L,L,L
11253,OT Negro Cozu,L,V,V,L,V,E,V,L,E,L
11254,OT Negro Cozu,L,V,V,E,E,L,L,L,L,L
11255,OT Negro Cozu,L,V,V,E,E,L,L,L,E,L
11256,OT Negro Cozu,L,V,V,E,E,L,E,L,L,L
11257,OT Negro Cozu,L,V,V,E,E,L,E,L,E,L
11258,OT Negro Cozu,L,V,V,E,E,L,V,L,L,L
11259,OT Negro Cozu,L,V,V,E,E,L,V,L,E,L
11260,OT Negro Cozu,L,V,V,E,E,E,L,L,L,L
11261,OT Negro Cozu,L,V,V,E,E,E,L,L,E,L
11262,OT Negro Cozu,L,V,V,E,E,E,E,L,L,L
11263,OT Negro Cozu,L,V,V,E,E,E,E,L,E,L
11264,OT Negro Cozu,L,V,V,E,E,E,V,L,L,L
11265,OT Negro Cozu,L,V,V,E,E,E,V,L,E,L
11266,OT Negro Cozu,L,V,V,E,V,L,L,L,L,L
11267,OT Negro Cozu,L,V,V,E,V,L,L,L,E,L
11268,OT Negro Cozu,L,V,V,E,V,L,E,L,L,L
11269,OT Negro Cozu,L,V,V,E,V,L,E,L,E,L
11270,OT Negro Cozu,L,V,V,E,V,L,V,L,L,L
11271,OT Negro Cozu,L,V,V,E,V,L,V,L,E,L
11272,OT Negro Cozu,L,V,V,E,V,E,L,L,L,L
11273,OT Negro Cozu,L,V,V,E,V,E,L,L,E,L
11274,OT Negro Cozu,L,V,V,E,V,E,E,L,L,L
11275,OT Negro Cozu,L,V,V,E,V,E,E,L,E,L
11276,OT Negro Cozu,L,V,V,E,V,E,V,L,L,L
11277,OT Negro Cozu,L,V,V,E,V,E,V,L,E,L
11278,OT Negro Cozu ,L,L,V,L,E,L,L,L,L,L
11279,OT nene30,V,L,E,E,V,V,E,V,V,L
11280,OT nene30,L,V,E,L,V,L,E,L,V,L
11281,OT nene30,L,V,E,L,V,L,V,L,L,L
11282,OT nene30,L,V,E,L,V,L,V,L,V,L
11283,OT nene30,L,V,V,L,V,L,E,L,L,L
11284,OT nene30,L,V,V,L,V,L,E,L,V,L
11285,OT nene30,L,V,V,L,V,L,V,L,L,L
11286,OT nene30,L,V,V,L,V,L,V,L,V,L
11287,OT nene30,E,V,E,L,V,L,E,L,L,L
11288,OT nene30,E,V,E,L,V,L,E,L,V,L
11289,OT nene30,E,V,E,L,V,L,V,L,L,L
11290,OT nene30,E,V,E,L,V,L,V,L,V,L
11291,OT nene30,E,V,V,L,V,L,E,L,L,L
11292,OT nene30,E,V,V,L,V,L,E,L,V,L
11293,OT nene30,E,V,V,L,V,L,V,L,L,L
11294,OT nene30,E,V,V,L,V,L,V,L,V,L
11295,OT nene30,V,V,E,L,V,L,E,L,L,L
11296,OT nene30,V,V,E,L,V,L,E,L,V,L
11297,OT nene30,V,V,E,L,V,L,V,L,L,L
11298,OT nene30,V,V,E,L,V,L,V,L,V,L
11299,OT nene30,V,V,V,L,V,L,E,L,L,L
11300,OT nene30,V,V,V,L,V,L,E,L,V,L
11301,OT nene30,V,V,V,L,V,L,V,L,L,L
11302,OT nene30,V,V,V,L,V,L,V,L,V,L
11303,OT nene30 ,L,V,E,L,V,L,E,L,L,L
11304,OT Octavio Romero,L,V,V,E,L,L,V,L,E,V
11305,OT Octavio Romero,L,V,E,L,E,V,E,L,V,V
11306,OT Octavio Romero,L,V,E,L,V,L,E,V,L,E
11307,OT Oxkr,E,L,V,L,L,L,E,L,L,E
11308,OT Oxkr,L,E,V,E,L,L,E,L,E,V
11309,OT Oxkr,L,E,L,L,E,L,V,L,L,V
11310,OT Oxkr,L,V,V,E,L,L,V,L,L,L
11311,OT Oxkr,L,E,E,L,V,L,E,L,L,L
11312,OT Oxkr,L,E,L,L,E,L,V,L,L,V
11313,OT Oxkr,L,L,V,E,L,V,L,E,L,V
11314,OT Oxkr,L,E,V,L,E,L,V,E,L,E
11315,OT Oxkr,L,E,V,E,L,L,E,L,E,V
11316,OT Oxkr,L,L,E,E,L,E,V,E,L,L
11317,OT Oxkr,L,V,V,L,L,E,V,E,L,V
11318,OT Oxkr,L,V,L,E,L,E,V,L,L,L
11319,OT Oxkr,L,L,V,E,L,L,V,E,L,V
11320,OT Oxkr,L,L,L,E,L,E,E,L,L,V
11321,OT Oxkr,E,E,V,L,L,E,V,L,L,V
11322,OT Pablo Diaz,L,L,V,L,V,L,L,L,V,L
11323,OT Pablo Diaz,L,L,V,V,V,L,L,L,L,L
11324,OT Pablo Diaz,L,L,V,V,V,L,L,L,V,L
11325,OT Pablo Diaz,L,E,V,L,V,L,L,L,L,L
11326,OT Pablo Diaz,L,E,V,L,V,L,L,L,V,L
11327,OT Pablo Diaz,L,E,V,V,V,L,L,L,L,L
11328,OT Pablo Diaz,L,E,V,V,V,L,L,L,V,L
11329,OT Pablo Diaz,L,V,V,L,V,L,L,L,L,L
11330,OT Pablo Diaz,L,V,V,L,V,L,L,L,V,L
11331,OT Pablo Diaz,L,V,V,V,V,L,L,L,L,L
11332,OT Pablo Diaz,L,V,V,V,V,L,L,L,V,L
11333,OT Pablo Diaz ,L,L,V,L,V,L,L,L,L,L
11334,OT PEGASSO,L,V,E,L,L,E,V,V,V,V
11335,OT PEGASSO,L,E,V,L,L,E,V,V,V,V
11336,OT Piputo2310,L,E,V,V,E,L,E,L,E,E
11337,OT Piputo2310,L,V,L,L,V,L,L,L,L,V
11338,OT Piputo2310,L,L,E,L,E,V,V,E,L,L
11339,OT Pirinola,L,E,V,L,L,L,E,E,E,L
11340,OT Pirinola,L,E,V,L,E,L,E,L,E,L
11341,OT Rafa pintor,L,V,V,L,L,V,V,V,V,L
11342,OT Rafael,L,L,V,L,L,L,V,L,L,V
11343,OT Rafael,L,L,V,E,L,E,V,L,L,L
11344,OT Rafael,L,E,V,L,L,E,E,L,L,E
11345,OT Rafael Castillo G,L,L,V,L,L,L,L,L,E,L
11346,OT Rafael Castillo G,L,L,V,L,L,L,E,L,L,L
11347,OT Rafael Castillo G,L,L,V,L,L,L,E,L,E,L
11348,OT Rafael Castillo G,L,L,V,E,L,L,L,L,L,L
11349,OT Rafael Castillo G,L,L,V,E,L,L,L,L,E,L
11350,OT Rafael Castillo G,L,L,V,E,L,L,E,L,L,L
11351,OT Rafael Castillo G,L,L,V,E,L,L,E,L,E,L
11352,OT Rafael Castillo G,L,E,V,L,L,L,L,L,L,L
11353,OT Rafael Castillo G,L,E,V,L,L,L,L,L,E,L
11354,OT Rafael Castillo G,L,E,V,L,L,L,E,L,L,L
11355,OT Rafael Castillo G,L,E,V,L,L,L,E,L,E,L
11356,OT Rafael Castillo G,L,E,V,E,L,L,L,L,L,L
11357,OT Rafael Castillo G,L,E,V,E,L,L,L,L,E,L
11358,OT Rafael Castillo G,L,E,V,E,L,L,E,L,L,L
11359,OT Rafael Castillo G,L,E,V,E,L,L,E,L,E,L
11360,OT Rafael Castillo G ,L,L,V,L,L,L,L,L,L,L
11361,OT RAFAEL PASCUAL SOTO,L,L,E,L,V,L,V,V,L,L
11362,OT RAFAEL PASCUAL SOTO,L,L,L,L,E,V,E,V,V,L
11363,OT RAFAEL PASCUAL SOTO,L,L,E,L,E,E,L,V,L,V
11364,OT RAFAEL PASCUAL SOTO,L,L,L,L,V,V,L,V,E,L
11365,OT RAFAEL PASCUAL SOTO,L,V,E,L,E,L,E,V,V,V
11366,OT RAFAEL PASCUAL SOTO,L,E,L,E,L,L,E,E,L,V
11367,OT RAFAEL PASCUAL SOTO,V,V,E,E,V,E,E,E,L,V
11368,OT RAFAEL PASCUAL SOTO,L,L,L,V,E,V,E,E,L,L
11369,OT RAFAEL PASCUAL SOTO,L,L,E,L,V,L,V,L,V,V
11370,OT RAFAEL PASCUAL SOTO,E,V,E,V,V,E,E,V,V,E
11371,OT RAFAEL PASCUAL SOTO,L,L,L,L,E,E,E,V,E,L
11372,OT RAFAEL PASCUAL SOTO,L,E,L,L,E,E,L,L,V,L
11373,OT RAFAEL PASCUAL SOTO,L,L,L,L,L,V,V,E,E,E
11374,OT RAFAEL PASCUAL SOTO,L,L,V,L,V,V,L,L,E,V
11375,OT RAFAEL PASCUAL SOTO,E,E,V,L,E,V,V,E,V,V
11376,OT RAFAEL PASCUAL SOTO,L,L,V,L,V,L,E,L,L,V
11377,OT RAFAEL PASCUAL SOTO,L,L,V,L,L,E,L,L,V,V
11378,OT RAFAEL PASCUAL SOTO,L,V,V,L,V,E,E,L,V,V
11379,OT RAFAEL PASCUAL SOTO,L,V,V,L,L,E,L,E,V,V
11380,OT RAFAEL PASCUAL SOTO,L,L,V,L,L,L,L,V,V,L
11381,OT Raúl tapatio,L,E,L,E,L,V,L,V,E,L
11382,OT Raúl tapatio,E,L,V,V,E,L,V,L,L,V
11383,OT Raúl tapatio,E,L,L,E,L,V,E,V,V,L
11384,OT Raúl tapatio,L,L,L,E,E,L,E,E,V,L
11385,OT Raúl tapatio,V,E,L,L,L,E,V,V,L,V
11386,OT Raúl tapatio,E,L,L,V,V,L,V,E,V,L
11387,OT Raúl tapatio,V,E,E,L,V,V,E,E,L,V
11388,OT Raúl tapatio,L,E,V,E,V,E,V,V,E,V
11389,OT Raúl tapatio,V,L,V,L,V,L,V,E,E,E
11390,OT Raúl tapatio,L,L,V,L,L,E,V,L,V,L
11391,OT Raúl tapatio,L,V,L,L,L,L,E,L,E,L
11392,OT Raúl tapatio,L,L,E,V,L,L,E,L,L,L
11393,OT Raúl tapatio,V,V,L,E,L,L,L,L,E,E
11394,OT Rubén cobra 1,L,E,V,L,E,L,L,L,E,L
11395,OT Rubén cobra 2,L,V,E,E,L,E,E,V,V,L
11396,OT Rubén cobra 3,E,L,V,L,V,L,E,E,E,E
11397,OT Saavedra 11,L,E,E,E,V,V,V,L,E,E
11398,OT Saavedra 7,L,L,V,V,L,L,L,L,V,L
11399,OT Salvador Nolasco,L,E,V,E,L,L,V,L,E,L
11400,OT Salvador Nolasco,E,V,V,E,V,E,E,E,E,L
11401,OT Salvador Nolasco,L,L,V,L,L,L,V,E,L,E
11402,OT San Judas Tadeo 1984,L,V,V,E,L,L,V,L,V,V
11403,OT San Judas Tadeo 1984,L,E,V,E,L,E,V,L,V,E
11404,OT SANTÍSIMO SACRAMENTO,E,E,V,E,E,E,V,L,E,L
11405,OT Solo,L,L,V,L,E,E,V,L,V,L
11406,OT Solo,L,L,E,V,L,L,E,E,V,V
11407,OT Ssj4,E,E,V,L,L,L,V,L,L,L
11408,OT Ssj4,L,V,V,V,L,L,E,E,L,L
11409,OT Ssj4,L,V,V,L,L,L,L,V,L,L
11410,OT Ssj4,L,V,V,L,L,L,E,L,L,L
11411,OT Ssj4,L,V,V,L,L,L,E,V,L,L
11412,OT Ssj4,L,V,V,L,L,L,V,L,L,L
11413,OT Ssj4,L,V,V,L,L,L,V,V,L,L
11414,OT Ssj4,L,V,V,E,L,L,L,L,L,L
11415,OT Ssj4,L,V,V,E,L,L,L,V,L,L
11416,OT Ssj4,L,V,V,E,L,L,E,L,L,L
11417,OT Ssj4,L,V,V,E,L,L,E,V,L,L
11418,OT Ssj4,L,V,V,E,L,L,V,L,L,L
11419,OT Ssj4,L,V,V,E,L,L,V,V,L,L
11420,OT Ssj4 ,L,L,V,V,L,L,E,E,L,L
11421,OT Ssj4 ,L,V,V,L,L,L,L,L,L,L
11422,OT Super Kings,L,L,E,L,L,L,E,L,E,V
11423,OT Super Kings,L,L,E,L,L,L,E,E,L,V
11424,OT Super Kings,L,L,E,L,L,L,E,E,E,V
11425,OT Super Kings,L,L,E,L,L,L,V,L,L,V
11426,OT Super Kings,L,L,E,L,L,L,V,L,E,V
11427,OT Super Kings,L,L,E,L,L,L,V,E,L,V
11428,OT Super Kings,L,L,E,L,L,L,V,E,E,V
11429,OT Super Kings,L,L,E,L,L,E,E,L,L,V
11430,OT Super Kings,L,L,E,L,L,E,E,L,E,V
11431,OT Super Kings,L,L,E,L,L,E,E,E,L,V
11432,OT Super Kings,L,L,E,L,L,E,E,E,E,V
11433,OT Super Kings,L,L,E,L,L,E,V,L,L,V
11434,OT Super Kings,L,L,E,L,L,E,V,L,E,V
11435,OT Super Kings,L,L,E,L,L,E,V,E,L,V
11436,OT Super Kings,L,L,E,L,L,E,V,E,E,V
11437,OT Super Kings,L,L,E,E,L,L,E,L,L,V
11438,OT Super Kings,L,L,E,E,L,L,E,L,E,V
11439,OT Super Kings,L,L,E,E,L,L,E,E,L,V
11440,OT Super Kings,L,L,E,E,L,L,E,E,E,V
11441,OT Super Kings,L,L,E,E,L,L,V,L,L,V
11442,OT Super Kings,L,L,E,E,L,L,V,L,E,V
11443,OT Super Kings,L,L,E,E,L,L,V,E,L,V
11444,OT Super Kings,L,L,E,E,L,L,V,E,E,V
11445,OT Super Kings,L,L,E,E,L,E,E,L,L,V
11446,OT Super Kings,L,L,E,E,L,E,E,L,E,V
11447,OT Super Kings,L,L,E,E,L,E,E,E,L,V
11448,OT Super Kings,L,L,E,E,L,E,E,E,E,V
11449,OT Super Kings,L,L,E,E,L,E,V,L,L,V
11450,OT Super Kings,L,L,E,E,L,E,V,L,E,V
11451,OT Super Kings,L,L,E,E,L,E,V,E,L,V
11452,OT Super Kings,L,L,E,E,L,E,V,E,E,V
11453,OT Super Kings,L,L,V,L,L,L,E,L,L,V
11454,OT Super Kings,L,L,V,L,L,L,E,L,E,V
11455,OT Super Kings,L,L,V,L,L,L,E,E,L,V
11456,OT Super Kings,L,L,V,L,L,L,E,E,E,V
11457,OT Super Kings,L,L,V,L,L,L,V,L,L,V
11458,OT Super Kings,L,L,V,L,L,L,V,L,E,V
11459,OT Super Kings,L,L,V,L,L,L,V,E,L,V
11460,OT Super Kings,L,L,V,L,L,L,V,E,E,V
11461,OT Super Kings,L,L,V,L,L,E,E,L,L,V
11462,OT Super Kings,L,L,V,L,L,E,E,L,E,V
11463,OT Super Kings,L,L,V,L,L,E,E,E,L,V
11464,OT Super Kings,L,L,V,L,L,E,E,E,E,V
11465,OT Super Kings,L,L,V,L,L,E,V,L,L,V
11466,OT Super Kings,L,L,V,L,L,E,V,L,E,V
11467,OT Super Kings,L,L,V,L,L,E,V,E,L,V
11468,OT Super Kings,L,L,V,L,L,E,V,E,E,V
11469,OT Super Kings,L,L,V,E,L,L,E,L,L,V
11470,OT Super Kings,L,L,V,E,L,L,E,L,E,V
11471,OT Super Kings,L,L,V,E,L,L,E,E,L,V
11472,OT Super Kings,L,L,V,E,L,L,E,E,E,V
11473,OT Super Kings,L,L,V,E,L,L,V,L,L,V
11474,OT Super Kings,L,L,V,E,L,L,V,L,E,V
11475,OT Super Kings,L,L,V,E,L,L,V,E,L,V
11476,OT Super Kings,L,L,V,E,L,L,V,E,E,V
11477,OT Super Kings,L,L,V,E,L,E,E,L,L,V
11478,OT Super Kings,L,L,V,E,L,E,E,L,E,V
11479,OT Super Kings,L,L,V,E,L,E,E,E,L,V
11480,OT Super Kings,L,L,V,E,L,E,E,E,E,V
11481,OT Super Kings,L,L,V,E,L,E,V,L,L,V
11482,OT Super Kings,L,L,V,E,L,E,V,L,E,V
11483,OT Super Kings,L,L,V,E,L,E,V,E,L,V
11484,OT Super Kings,L,L,V,E,L,E,V,E,E,V
11485,OT Super Kings,L,E,E,L,L,L,E,L,L,V
11486,OT Super Kings,L,E,E,L,L,L,E,L,E,V
11487,OT Super Kings,L,E,E,L,L,L,E,E,L,V
11488,OT Super Kings,L,E,E,L,L,L,E,E,E,V
11489,OT Super Kings,L,E,E,L,L,L,V,L,L,V
11490,OT Super Kings,L,E,E,L,L,L,V,L,E,V
11491,OT Super Kings,L,E,E,L,L,L,V,E,L,V
11492,OT Super Kings,L,E,E,L,L,L,V,E,E,V
11493,OT Super Kings,L,E,E,L,L,E,E,L,L,V
11494,OT Super Kings,L,E,E,L,L,E,E,L,E,V
11495,OT Super Kings,L,E,E,L,L,E,E,E,L,V
11496,OT Super Kings,L,E,E,L,L,E,E,E,E,V
11497,OT Super Kings,L,E,E,L,L,E,V,L,L,V
11498,OT Super Kings,L,E,E,L,L,E,V,L,E,V
11499,OT Super Kings,L,E,E,L,L,E,V,E,L,V
11500,OT Super Kings,L,E,E,L,L,E,V,E,E,V
11501,OT Super Kings,L,E,E,E,L,L,E,L,L,V
11502,OT Super Kings,L,E,E,E,L,L,E,L,E,V
11503,OT Super Kings,L,E,E,E,L,L,E,E,L,V
11504,OT Super Kings,L,E,E,E,L,L,E,E,E,V
11505,OT Super Kings,L,E,E,E,L,L,V,L,L,V
11506,OT Super Kings,L,E,E,E,L,L,V,L,E,V
11507,OT Super Kings,L,E,E,E,L,L,V,E,L,V
11508,OT Super Kings,L,E,E,E,L,L,V,E,E,V
11509,OT Super Kings,L,E,E,E,L,E,E,L,L,V
11510,OT Super Kings,L,E,E,E,L,E,E,L,E,V
11511,OT Super Kings,L,E,E,E,L,E,E,E,L,V
11512,OT Super Kings,L,E,E,E,L,E,E,E,E,V
11513,OT Super Kings,L,E,E,E,L,E,V,L,L,V
11514,OT Super Kings,L,E,E,E,L,E,V,L,E,V
11515,OT Super Kings,L,E,E,E,L,E,V,E,L,V
11516,OT Super Kings,L,E,E,E,L,E,V,E,E,V
11517,OT Super Kings,L,E,V,L,L,L,E,L,L,V
11518,OT Super Kings,L,E,V,L,L,L,E,L,E,V
11519,OT Super Kings,L,E,V,L,L,L,E,E,L,V
11520,OT Super Kings,L,E,V,L,L,L,E,E,E,V
11521,OT Super Kings,L,E,V,L,L,L,V,L,L,V
11522,OT Super Kings,L,E,V,L,L,L,V,L,E,V
11523,OT Super Kings,L,E,V,L,L,L,V,E,L,V
11524,OT Super Kings,L,E,V,L,L,L,V,E,E,V
11525,OT Super Kings,L,E,V,L,L,E,E,L,L,V
11526,OT Super Kings,L,E,V,L,L,E,E,L,E,V
11527,OT Super Kings,L,E,V,L,L,E,E,E,L,V
11528,OT Super Kings,L,E,V,L,L,E,E,E,E,V
11529,OT Super Kings,L,E,V,L,L,E,V,L,L,V
11530,OT Super Kings,L,E,V,L,L,E,V,L,E,V
11531,OT Super Kings,L,E,V,L,L,E,V,E,L,V
11532,OT Super Kings,L,E,V,L,L,E,V,E,E,V
11533,OT Super Kings,L,E,V,E,L,L,E,L,L,V
11534,OT Super Kings,L,E,V,E,L,L,E,L,E,V
11535,OT Super Kings,L,E,V,E,L,L,E,E,L,V
11536,OT Super Kings,L,E,V,E,L,L,E,E,E,V
11537,OT Super Kings,L,E,V,E,L,L,V,L,L,V
11538,OT Super Kings,L,E,V,E,L,L,V,L,E,V
11539,OT Super Kings,L,E,V,E,L,L,V,E,L,V
11540,OT Super Kings,L,E,V,E,L,L,V,E,E,V
11541,OT Super Kings,L,E,V,E,L,E,E,L,L,V
11542,OT Super Kings,L,E,V,E,L,E,E,L,E,V
11543,OT Super Kings,L,E,V,E,L,E,E,E,L,V
11544,OT Super Kings,L,E,V,E,L,E,E,E,E,V
11545,OT Super Kings,L,E,V,E,L,E,V,L,L,V
11546,OT Super Kings,L,E,V,E,L,E,V,L,E,V
11547,OT Super Kings,L,E,V,E,L,E,V,E,L,V
11548,OT Super Kings,L,E,V,E,L,E,V,E,E,V
11549,OT Super Kings,L,V,E,L,L,L,E,L,L,V
11550,OT Super Kings,L,V,E,L,L,L,E,L,E,V
11551,OT Super Kings,L,V,E,L,L,L,E,E,L,V
11552,OT Super Kings,L,V,E,L,L,L,E,E,E,V
11553,OT Super Kings,L,V,E,L,L,L,V,L,L,V
11554,OT Super Kings,L,V,E,L,L,L,V,L,E,V
11555,OT Super Kings,L,V,E,L,L,L,V,E,L,V
11556,OT Super Kings,L,V,E,L,L,L,V,E,E,V
11557,OT Super Kings,L,V,E,L,L,E,E,L,L,V
11558,OT Super Kings,L,V,E,L,L,E,E,L,E,V
11559,OT Super Kings,L,V,E,L,L,E,E,E,L,V
11560,OT Super Kings,L,V,E,L,L,E,E,E,E,V
11561,OT Super Kings,L,V,E,L,L,E,V,L,L,V
11562,OT Super Kings,L,V,E,L,L,E,V,L,E,V
11563,OT Super Kings,L,V,E,L,L,E,V,E,L,V
11564,OT Super Kings,L,V,E,L,L,E,V,E,E,V
11565,OT Super Kings,L,V,E,E,L,L,E,L,L,V
11566,OT Super Kings,L,V,E,E,L,L,E,L,E,V
11567,OT Super Kings,L,V,E,E,L,L,E,E,L,V
11568,OT Super Kings,L,V,E,E,L,L,E,E,E,V
11569,OT Super Kings,L,V,E,E,L,L,V,L,L,V
11570,OT Super Kings,L,V,E,E,L,L,V,L,E,V
11571,OT Super Kings,L,V,E,E,L,L,V,E,L,V
11572,OT Super Kings,L,V,E,E,L,L,V,E,E,V
11573,OT Super Kings,L,V,E,E,L,E,E,L,L,V
11574,OT Super Kings,L,V,E,E,L,E,E,L,E,V
11575,OT Super Kings,L,V,E,E,L,E,E,E,L,V
11576,OT Super Kings,L,V,E,E,L,E,E,E,E,V
11577,OT Super Kings,L,V,E,E,L,E,V,L,L,V
11578,OT Super Kings,L,V,E,E,L,E,V,L,E,V
11579,OT Super Kings,L,V,E,E,L,E,V,E,L,V
11580,OT Super Kings,L,V,E,E,L,E,V,E,E,V
11581,OT Super Kings,L,V,V,L,L,L,E,L,L,V
11582,OT Super Kings,L,V,V,L,L,L,E,L,E,V
11583,OT Super Kings,L,V,V,L,L,L,E,E,L,V
11584,OT Super Kings,L,V,V,L,L,L,E,E,E,V
11585,OT Super Kings,L,V,V,L,L,L,V,L,L,V
11586,OT Super Kings,L,V,V,L,L,L,V,L,E,V
11587,OT Super Kings,L,V,V,L,L,L,V,E,L,V
11588,OT Super Kings,L,V,V,L,L,L,V,E,E,V
11589,OT Super Kings,L,V,V,L,L,E,E,L,L,V
11590,OT Super Kings,L,V,V,L,L,E,E,L,E,V
11591,OT Super Kings,L,V,V,L,L,E,E,E,L,V
11592,OT Super Kings,L,V,V,L,L,E,E,E,E,V
11593,OT Super Kings,L,V,V,L,L,E,V,L,L,V
11594,OT Super Kings,L,V,V,L,L,E,V,L,E,V
11595,OT Super Kings,L,V,V,L,L,E,V,E,L,V
11596,OT Super Kings,L,V,V,L,L,E,V,E,E,V
11597,OT Super Kings,L,V,V,E,L,L,E,L,L,V
11598,OT Super Kings,L,V,V,E,L,L,E,L,E,V
11599,OT Super Kings,L,V,V,E,L,L,E,E,L,V
11600,OT Super Kings,L,V,V,E,L,L,E,E,E,V
11601,OT Super Kings,L,V,V,E,L,L,V,L,L,V
11602,OT Super Kings,L,V,V,E,L,L,V,L,E,V
11603,OT Super Kings,L,V,V,E,L,L,V,E,L,V
11604,OT Super Kings,L,V,V,E,L,L,V,E,E,V
11605,OT Super Kings,L,V,V,E,L,E,E,L,L,V
11606,OT Super Kings,L,V,V,E,L,E,E,L,E,V
11607,OT Super Kings,L,V,V,E,L,E,E,E,L,V
11608,OT Super Kings,L,V,V,E,L,E,E,E,E,V
11609,OT Super Kings,L,V,V,E,L,E,V,L,L,V
11610,OT Super Kings,L,V,V,E,L,E,V,L,E,V
11611,OT Super Kings,L,V,V,E,L,E,V,E,L,V
11612,OT Super Kings,L,V,V,E,L,E,V,E,E,V
11613,OT Super Kings ,L,L,E,L,L,L,E,L,L,V
11614,OT Talpa Muñiz,L,V,V,V,L,L,E,L,V,L
11615,OT The King,L,L,L,V,L,L,L,L,V,L
11616,OT The King,L,L,V,L,L,L,L,L,V,L
11617,OT The King,L,L,V,V,L,L,L,L,V,L
11618,OT The King ,L,L,L,L,L,L,L,L,V,L
11619,OT Tita,L,V,V,L,L,V,E,V,L,L
11620,OT Toño Ortiz,L,L,L,L,L,L,V,L,V,L
11621,OT Uriel Morales,L,V,V,L,L,V,V,L,L,V
11622,OT Uriel Morales,L,L,V,L,V,V,V,L,L,V
11623,OT Uriel Morales,L,V,L,V,L,L,V,V,V,V
11624,OT Uriel Morales,L,E,V,L,E,L,V,E,V,V
11625,OT Warrior25,L,V,E,L,L,L,V,L,L,L
11626,OT Warrior25,L,E,V,L,L,L,L,L,L,V
11627,OT Zepeda,V,L,V,L,E,L,E,L,E,V
11628,OT Zepeda,L,V,V,L,V,L,E,L,E,V
11629,OT Zepeda,L,L,V,L,L,L,E,L,E,V
11630,OT Zepeda,V,V,V,L,E,L,V,L,E,V
11631,OT Zepeda,V,L,V,L,V,L,V,L,E,V
11632,OT Zepeda,L,V,V,L,L,L,V,L,E,V
11633,OT Zepeda,L,L,V,L,E,L,L,L,E,V
11634,OT Zepeda,V,V,V,L,V,L,L,L,E,V
11635,OT Zepeda,V,L,V,L,L,L,L,L,E,V
11636,OT Zepeda,L,V,V,L,E,L,E,L,V,V
11637,OT Zepeda,L,L,V,L,V,L,E,L,V,V
11638,OT Zepeda,V,V,V,L,L,L,E,L,V,V
11639,OT Zepeda,V,L,V,L,E,L,V,L,V,V
11640,OT Zepeda,L,V,V,L,V,L,V,L,V,V
11641,OT Zepeda,L,L,V,L,L,L,V,L,V,V
11642,OT Zepeda,V,V,V,L,E,L,L,L,V,V
11643,OT Zepeda,V,L,V,L,V,L,L,L,V,V
11644,OT Zepeda,L,V,V,L,L,L,L,L,V,V
11645,OT Zepeda,L,L,V,L,E,L,E,L,L,V
11646,OT Zepeda,V,V,V,L,V,L,E,L,L,V
11647,OT Zepeda,V,L,V,L,L,L,E,L,L,V
11648,OT Zepeda,L,V,V,L,E,L,V,L,L,V
11649,OT Zepeda,L,L,V,L,V,L,V,L,L,V
11650,OT Zepeda,V,V,V,L,L,L,V,L,L,V
11651,OT Zepeda,V,L,V,L,E,L,L,L,L,V
11652,OT Zepeda,L,V,V,L,V,L,L,L,L,V
11653,OT Zepeda,L,L,V,L,L,L,L,L,L,V
11654,OT ZHODA21,L,L,V,L,L,L,E,L,L,E
11655,OT ZHODA21,L,E,V,L,L,L,E,L,L,E
11656,OT ZHODA21,L,V,V,L,L,L,E,L,L,E
11657,OT ZHODA21,L,L,V,L,L,L,V,L,L,E
11658,OT ZHODA21,L,E,V,L,L,L,V,L,L,E
11659,OT ZHODA21,L,V,V,L,L,L,V,L,L,E
11660,OT ZHODA21,L,L,V,L,L,L,E,L,E,E
11661,OT ZHODA21,L,E,V,L,L,L,E,L,E,E
11662,OT ZHODA21,L,V,V,L,L,L,E,L,E,E
11663,OT ZHODA21,L,L,V,L,L,L,V,L,E,E
11664,OT ZHODA21,L,E,V,L,L,L,V,L,E,E
11665,OT ZHODA21,L,V,V,L,L,L,V,L,E,E
11666,Ovidio alvarez,L,V,V,V,L,V,E,L,E,E
11667,Ovidio alvarez,E,V,V,E,L,E,L,L,L,V
11668,Ovidio alvarez,L,E,V,V,L,E,E,L,E,V
11669,Ovilla Aguilar,L,L,V,L,L,L,L,L,L,L
11670,Ovilla Aguilar,L,V,V,E,L,V,V,E,L,E
11671,Ozama,L,L,V,L,E,E,V,L,V,L
11672,Ozama,L,E,V,L,E,V,E,L,E,L
11673,Ozama,L,L,V,L,L,E,E,E,E,L
11674,P-11 ,L,V,V,V,L,L,E,E,V,V
11675,P-11 ,L,V,V,V,E,L,E,E,V,V
11676,P-11 ,L,V,V,E,L,L,E,E,V,V
11677,P-11 ,L,V,V,E,E,L,E,E,V,V
11678,Pablo arredondo 9,L,E,V,L,L,L,L,L,E,L
11679,Pablo arredondo 9,V,E,V,L,L,L,L,L,L,L
11680,Pablo arredondo 9,L,E,V,L,E,L,V,L,V,L
11681,Pablo arredondo 9,L,L,V,E,L,E,E,L,L,V
11682,Pablo arredondo 9,L,L,V,L,L,L,E,L,L,V
11683,Pablo fiol ,L,V,V,L,L,L,L,L,L,L
11684,Pablo fiol ,L,L,V,L,L,L,L,L,L,L
11685,Pablo Pérez Espitia,L,L,V,L,L,L,L,L,V,L
11686,Pablo Pérez Espitia,L,E,V,E,E,L,V,L,V,E
11687,Pachicho,L,V,V,L,L,L,E,L,V,L
11688,Pachicho,L,V,V,E,L,L,V,L,V,E
11689,PACHON ,L,E,V,L,E,L,V,L,E,L
11690,PACHON ,L,E,V,L,E,L,E,L,E,L
11691,PACHON ,L,E,V,L,V,L,V,L,E,L
11692,PACHON ,L,E,V,L,V,L,E,L,E,L
11693,PACHON ,L,E,E,L,E,L,V,L,E,L
11694,PACHON ,L,E,E,L,E,L,E,L,E,L
11695,PACHON ,L,E,E,L,V,L,V,L,E,L
11696,PACHON ,L,E,E,L,V,L,E,L,E,L
11697,PACMAN,E,L,V,V,E,E,V,V,L,L
11698,PACMAN,V,V,E,E,L,L,V,V,E,E
11699,PACMAN ,L,L,L,L,V,V,V,V,L,V
11700,PACMAN ,L,L,L,L,V,V,V,V,E,V
11701,PACMAN ,L,L,V,L,V,V,V,V,L,V
11702,PACMAN ,L,L,V,L,V,V,V,V,E,V
11703,PACMAN ,L,E,L,L,V,V,V,V,L,V
11704,PACMAN ,L,E,L,L,V,V,V,V,E,V
11705,PACMAN ,L,E,V,L,V,V,V,V,L,V
11706,PACMAN ,L,E,V,L,V,V,V,V,E,V
11707,Padillas F,L,E,V,V,L,E,E,L,E,L
11708,Padillas FU,L,V,V,L,L,V,V,L,L,V
11709,Padillas J,L,V,V,L,L,L,L,L,E,L
11710,Padillas Y,L,V,V,L,L,L,V,L,V,V
11711,Padrino 13 ,L,V,V,L,L,L,V,L,L,L
11712,Padrino 13 ,L,V,V,V,L,L,V,L,L,L
11713,Padrino 13 ,L,L,V,L,L,L,V,L,L,L
11714,Padrino 13 ,L,L,V,V,L,L,V,L,L,L
11715,PADRON TENEBROZO,L,E,V,L,L,E,L,L,L,L
11716,PADRON TENEBROZO,L,L,V,E,E,V,L,L,L,L
11717,PADRON TENEBROZO,L,V,V,E,V,E,L,L,V,L
11718,PADRON TENEBROZO,L,E,V,E,E,L,E,L,L,L
11719,PADRON TENEBROZO,E,L,V,L,E,E,E,L,L,L
11720,PADRON TENEBROZO,E,V,V,V,L,V,V,L,E,L
11721,PADRON TENEBROZO,V,V,V,E,E,V,L,L,L,L
11722,PADRON TENEBROZO,V,E,V,L,L,E,E,L,E,L
11723,PADRON TENEBROZO,E,E,V,E,E,E,L,E,L,L
11724,PADRON TENEBROZO,L,L,V,E,V,V,E,L,L,L
11725,Pakillo☘️☘️,L,V,V,L,L,L,L,V,E,L
11726,Pakillo☘️☘️,L,L,V,L,L,L,V,V,V,L
11727,Pako Campos,V,L,L,V,L,L,L,V,V,L
11728,Pako Campos,L,V,L,V,V,V,V,L,E,L
11729,Pako Campos,L,L,V,E,L,V,L,V,E,L
11730,Palomino Álvaro,L,E,V,E,L,L,E,L,L,L
11731,Palomino Álvaro,L,L,V,L,L,L,E,L,E,L
11732,Palomino Álvaro,E,V,V,L,E,L,V,L,L,L
11733,Palomo Mtz ,L,E,E,L,L,L,L,L,L,L
11734,Palomo Mtz ,L,E,E,L,L,L,L,L,E,L
11735,Palomo Mtz ,L,E,E,L,L,L,L,L,V,L
11736,Palomo Mtz ,L,E,E,L,L,L,E,L,L,L
11737,Palomo Mtz ,L,E,E,L,L,L,E,L,E,L
11738,Palomo Mtz ,L,E,E,L,L,L,E,L,V,L
11739,Palomo Mtz ,L,E,E,L,L,L,V,L,L,L
11740,Palomo Mtz ,L,E,E,L,L,L,V,L,E,L
11741,Palomo Mtz ,L,E,E,L,L,L,V,L,V,L
11742,Palomo Mtz ,L,E,E,L,E,L,L,L,L,L
11743,Palomo Mtz ,L,E,E,L,E,L,L,L,E,L
11744,Palomo Mtz ,L,E,E,L,E,L,L,L,V,L
11745,Palomo Mtz ,L,E,E,L,E,L,E,L,L,L
11746,Palomo Mtz ,L,E,E,L,E,L,E,L,E,L
11747,Palomo Mtz ,L,E,E,L,E,L,E,L,V,L
11748,Palomo Mtz ,L,E,E,L,E,L,V,L,L,L
11749,Palomo Mtz ,L,E,E,L,E,L,V,L,E,L
11750,Palomo Mtz ,L,E,E,L,E,L,V,L,V,L
11751,Palomo Mtz ,L,E,E,E,L,L,L,L,L,L
11752,Palomo Mtz ,L,E,E,E,L,L,L,L,E,L
11753,Palomo Mtz ,L,E,E,E,L,L,L,L,V,L
11754,Palomo Mtz ,L,E,E,E,L,L,E,L,L,L
11755,Palomo Mtz ,L,E,E,E,L,L,E,L,E,L
11756,Palomo Mtz ,L,E,E,E,L,L,E,L,V,L
11757,Palomo Mtz ,L,E,E,E,L,L,V,L,L,L
11758,Palomo Mtz ,L,E,E,E,L,L,V,L,E,L
11759,Palomo Mtz ,L,E,E,E,L,L,V,L,V,L
11760,Palomo Mtz ,L,E,E,E,E,L,L,L,L,L
11761,Palomo Mtz ,L,E,E,E,E,L,L,L,E,L
11762,Palomo Mtz ,L,E,E,E,E,L,L,L,V,L
11763,Palomo Mtz ,L,E,E,E,E,L,E,L,L,L
11764,Palomo Mtz ,L,E,E,E,E,L,E,L,E,L
11765,Palomo Mtz ,L,E,E,E,E,L,E,L,V,L
11766,Palomo Mtz ,L,E,E,E,E,L,V,L,L,L
11767,Palomo Mtz ,L,E,E,E,E,L,V,L,E,L
11768,Palomo Mtz ,L,E,E,E,E,L,V,L,V,L
11769,Palomo Mtz ,L,E,V,L,L,L,L,L,L,L
11770,Palomo Mtz ,L,E,V,L,L,L,L,L,E,L
11771,Palomo Mtz ,L,E,V,L,L,L,L,L,V,L
11772,Palomo Mtz ,L,E,V,L,L,L,E,L,L,L
11773,Palomo Mtz ,L,E,V,L,L,L,E,L,E,L
11774,Palomo Mtz ,L,E,V,L,L,L,E,L,V,L
11775,Palomo Mtz ,L,E,V,L,L,L,V,L,L,L
11776,Palomo Mtz ,L,E,V,L,L,L,V,L,E,L
11777,Palomo Mtz ,L,E,V,L,L,L,V,L,V,L
11778,Palomo Mtz ,L,E,V,L,E,L,L,L,L,L
11779,Palomo Mtz ,L,E,V,L,E,L,L,L,E,L
11780,Palomo Mtz ,L,E,V,L,E,L,L,L,V,L
11781,Palomo Mtz ,L,E,V,L,E,L,E,L,L,L
11782,Palomo Mtz ,L,E,V,L,E,L,E,L,E,L
11783,Palomo Mtz ,L,E,V,L,E,L,E,L,V,L
11784,Palomo Mtz ,L,E,V,L,E,L,V,L,L,L
11785,Palomo Mtz ,L,E,V,L,E,L,V,L,E,L
11786,Palomo Mtz ,L,E,V,L,E,L,V,L,V,L
11787,Palomo Mtz ,L,E,V,E,L,L,L,L,L,L
11788,Palomo Mtz ,L,E,V,E,L,L,L,L,E,L
11789,Palomo Mtz ,L,E,V,E,L,L,L,L,V,L
11790,Palomo Mtz ,L,E,V,E,L,L,E,L,L,L
11791,Palomo Mtz ,L,E,V,E,L,L,E,L,E,L
11792,Palomo Mtz ,L,E,V,E,L,L,E,L,V,L
11793,Palomo Mtz ,L,E,V,E,L,L,V,L,L,L
11794,Palomo Mtz ,L,E,V,E,L,L,V,L,E,L
11795,Palomo Mtz ,L,E,V,E,L,L,V,L,V,L
11796,Palomo Mtz ,L,E,V,E,E,L,L,L,L,L
11797,Palomo Mtz ,L,E,V,E,E,L,L,L,E,L
11798,Palomo Mtz ,L,E,V,E,E,L,L,L,V,L
11799,Palomo Mtz ,L,E,V,E,E,L,E,L,L,L
11800,Palomo Mtz ,L,E,V,E,E,L,E,L,E,L
11801,Palomo Mtz ,L,E,V,E,E,L,E,L,V,L
11802,Palomo Mtz ,L,E,V,E,E,L,V,L,L,L
11803,Palomo Mtz ,L,E,V,E,E,L,V,L,E,L
11804,Palomo Mtz ,L,E,V,E,E,L,V,L,V,L
11805,Palomo Mtz ,L,E,L,L,L,L,L,L,L,L
11806,Palomo Mtz ,L,E,L,L,L,L,L,L,E,L
11807,Palomo Mtz ,L,E,L,L,L,L,L,L,V,L
11808,Palomo Mtz ,L,E,L,L,L,L,E,L,L,L
11809,Palomo Mtz ,L,E,L,L,L,L,E,L,E,L
11810,Palomo Mtz ,L,E,L,L,L,L,E,L,V,L
11811,Palomo Mtz ,L,E,L,L,L,L,V,L,L,L
11812,Palomo Mtz ,L,E,L,L,L,L,V,L,E,L
11813,Palomo Mtz ,L,E,L,L,L,L,V,L,V,L
11814,Palomo Mtz ,L,E,L,L,E,L,L,L,L,L
11815,Palomo Mtz ,L,E,L,L,E,L,L,L,E,L
11816,Palomo Mtz ,L,E,L,L,E,L,L,L,V,L
11817,Palomo Mtz ,L,E,L,L,E,L,E,L,L,L
11818,Palomo Mtz ,L,E,L,L,E,L,E,L,E,L
11819,Palomo Mtz ,L,E,L,L,E,L,E,L,V,L
11820,Palomo Mtz ,L,E,L,L,E,L,V,L,L,L
11821,Palomo Mtz ,L,E,L,L,E,L,V,L,E,L
11822,Palomo Mtz ,L,E,L,L,E,L,V,L,V,L
11823,Palomo Mtz ,L,E,L,E,L,L,L,L,L,L
11824,Palomo Mtz ,L,E,L,E,L,L,L,L,E,L
11825,Palomo Mtz ,L,E,L,E,L,L,L,L,V,L
11826,Palomo Mtz ,L,E,L,E,L,L,E,L,L,L
11827,Palomo Mtz ,L,E,L,E,L,L,E,L,E,L
11828,Palomo Mtz ,L,E,L,E,L,L,E,L,V,L
11829,Palomo Mtz ,L,E,L,E,L,L,V,L,L,L
11830,Palomo Mtz ,L,E,L,E,L,L,V,L,E,L
11831,Palomo Mtz ,L,E,L,E,L,L,V,L,V,L
11832,Palomo Mtz ,L,E,L,E,E,L,L,L,L,L
11833,Palomo Mtz ,L,E,L,E,E,L,L,L,E,L
11834,Palomo Mtz ,L,E,L,E,E,L,L,L,V,L
11835,Palomo Mtz ,L,E,L,E,E,L,E,L,L,L
11836,Palomo Mtz ,L,E,L,E,E,L,E,L,E,L
11837,Palomo Mtz ,L,E,L,E,E,L,E,L,V,L
11838,Palomo Mtz ,L,E,L,E,E,L,V,L,L,L
11839,Palomo Mtz ,L,E,L,E,E,L,V,L,E,L
11840,Palomo Mtz ,L,E,L,E,E,L,V,L,V,L
11841,Pamus 1,L,L,V,L,L,L,L,L,L,L
11842,Pamus 1,L,V,V,V,L,L,V,L,V,L
11843,Pamus 1,L,E,V,E,E,L,E,L,E,L
11844,Pamus 1,L,L,L,L,L,L,L,L,L,L
11845,Pancho keno,L,E,V,L,L,L,E,L,E,L
11846,Pancho keno,L,V,V,L,V,L,L,L,L,L
11847,Pancho keno,L,V,V,L,L,L,V,L,L,L
11848,Pancho keno,L,V,L,E,L,E,V,L,V,L
11849,Pancho keno,L,L,V,L,V,V,V,L,V,L
11850,Pancho keno,L,E,V,L,E,E,E,L,E,L
11851,Pancho keno,V,V,V,L,L,L,L,L,V,L
11852,Pancho y bara,L,L,V,L,E,L,V,E,E,L
11853,Pancho y bara,L,L,V,V,L,L,V,L,L,L
11854,Pantera Negra 🐈‍⬛ ,L,L,E,L,L,L,L,L,L,L
11855,Pantera Negra 🐈‍⬛ ,L,L,E,L,L,L,L,L,E,L
11856,Pantera Negra 🐈‍⬛ ,L,L,E,L,L,L,L,L,V,L
11857,Pantera Negra 🐈‍⬛ ,L,L,E,L,L,L,L,E,L,L
11858,Pantera Negra 🐈‍⬛ ,L,L,E,L,L,L,L,E,E,L
11859,Pantera Negra 🐈‍⬛ ,L,L,E,L,L,L,L,E,V,L
11860,Pantera Negra 🐈‍⬛ ,L,L,E,L,L,L,E,L,L,L
11861,Pantera Negra 🐈‍⬛ ,L,L,E,L,L,L,E,L,E,L
11862,Pantera Negra 🐈‍⬛ ,L,L,E,L,L,L,E,L,V,L
11863,Pantera Negra 🐈‍⬛ ,L,L,E,L,L,L,E,E,L,L
11864,Pantera Negra 🐈‍⬛ ,L,L,E,L,L,L,E,E,E,L
11865,Pantera Negra 🐈‍⬛ ,L,L,E,L,L,L,E,E,V,L
11866,Pantera Negra 🐈‍⬛ ,L,L,E,L,L,L,V,L,L,L
11867,Pantera Negra 🐈‍⬛ ,L,L,E,L,L,L,V,L,E,L
11868,Pantera Negra 🐈‍⬛ ,L,L,E,L,L,L,V,L,V,L
11869,Pantera Negra 🐈‍⬛ ,L,L,E,L,L,L,V,E,L,L
11870,Pantera Negra 🐈‍⬛ ,L,L,E,L,L,L,V,E,E,L
11871,Pantera Negra 🐈‍⬛ ,L,L,E,L,L,L,V,E,V,L
11872,Pantera Negra 🐈‍⬛ ,L,L,E,L,E,L,L,L,L,L
11873,Pantera Negra 🐈‍⬛ ,L,L,E,L,E,L,L,L,E,L
11874,Pantera Negra 🐈‍⬛ ,L,L,E,L,E,L,L,L,V,L
11875,Pantera Negra 🐈‍⬛ ,L,L,E,L,E,L,L,E,L,L
11876,Pantera Negra 🐈‍⬛ ,L,L,E,L,E,L,L,E,E,L
11877,Pantera Negra 🐈‍⬛ ,L,L,E,L,E,L,L,E,V,L
11878,Pantera Negra 🐈‍⬛ ,L,L,E,L,E,L,E,L,L,L
11879,Pantera Negra 🐈‍⬛ ,L,L,E,L,E,L,E,L,E,L
11880,Pantera Negra 🐈‍⬛ ,L,L,E,L,E,L,E,L,V,L
11881,Pantera Negra 🐈‍⬛ ,L,L,E,L,E,L,E,E,L,L
11882,Pantera Negra 🐈‍⬛ ,L,L,E,L,E,L,E,E,E,L
11883,Pantera Negra 🐈‍⬛ ,L,L,E,L,E,L,E,E,V,L
11884,Pantera Negra 🐈‍⬛ ,L,L,E,L,E,L,V,L,L,L
11885,Pantera Negra 🐈‍⬛ ,L,L,E,L,E,L,V,L,E,L
11886,Pantera Negra 🐈‍⬛ ,L,L,E,L,E,L,V,L,V,L
11887,Pantera Negra 🐈‍⬛ ,L,L,E,L,E,L,V,E,L,L
11888,Pantera Negra 🐈‍⬛ ,L,L,E,L,E,L,V,E,E,L
11889,Pantera Negra 🐈‍⬛ ,L,L,E,L,E,L,V,E,V,L
11890,Pantera Negra 🐈‍⬛ ,L,L,E,E,L,L,L,L,L,L
11891,Pantera Negra 🐈‍⬛ ,L,L,E,E,L,L,L,L,E,L
11892,Pantera Negra 🐈‍⬛ ,L,L,E,E,L,L,L,L,V,L
11893,Pantera Negra 🐈‍⬛ ,L,L,E,E,L,L,L,E,L,L
11894,Pantera Negra 🐈‍⬛ ,L,L,E,E,L,L,L,E,E,L
11895,Pantera Negra 🐈‍⬛ ,L,L,E,E,L,L,L,E,V,L
11896,Pantera Negra 🐈‍⬛ ,L,L,E,E,L,L,E,L,L,L
11897,Pantera Negra 🐈‍⬛ ,L,L,E,E,L,L,E,L,E,L
11898,Pantera Negra 🐈‍⬛ ,L,L,E,E,L,L,E,L,V,L
11899,Pantera Negra 🐈‍⬛ ,L,L,E,E,L,L,E,E,L,L
11900,Pantera Negra 🐈‍⬛ ,L,L,E,E,L,L,E,E,E,L
11901,Pantera Negra 🐈‍⬛ ,L,L,E,E,L,L,E,E,V,L
11902,Pantera Negra 🐈‍⬛ ,L,L,E,E,L,L,V,L,L,L
11903,Pantera Negra 🐈‍⬛ ,L,L,E,E,L,L,V,L,E,L
11904,Pantera Negra 🐈‍⬛ ,L,L,E,E,L,L,V,L,V,L
11905,Pantera Negra 🐈‍⬛ ,L,L,E,E,L,L,V,E,L,L
11906,Pantera Negra 🐈‍⬛ ,L,L,E,E,L,L,V,E,E,L
11907,Pantera Negra 🐈‍⬛ ,L,L,E,E,L,L,V,E,V,L
11908,Pantera Negra 🐈‍⬛ ,L,L,E,E,E,L,L,L,L,L
11909,Pantera Negra 🐈‍⬛ ,L,L,E,E,E,L,L,L,E,L
11910,Pantera Negra 🐈‍⬛ ,L,L,E,E,E,L,L,L,V,L
11911,Pantera Negra 🐈‍⬛ ,L,L,E,E,E,L,L,E,L,L
11912,Pantera Negra 🐈‍⬛ ,L,L,E,E,E,L,L,E,E,L
11913,Pantera Negra 🐈‍⬛ ,L,L,E,E,E,L,L,E,V,L
11914,Pantera Negra 🐈‍⬛ ,L,L,E,E,E,L,E,L,L,L
11915,Pantera Negra 🐈‍⬛ ,L,L,E,E,E,L,E,L,E,L
11916,Pantera Negra 🐈‍⬛ ,L,L,E,E,E,L,E,L,V,L
11917,Pantera Negra 🐈‍⬛ ,L,L,E,E,E,L,E,E,L,L
11918,Pantera Negra 🐈‍⬛ ,L,L,E,E,E,L,E,E,E,L
11919,Pantera Negra 🐈‍⬛ ,L,L,E,E,E,L,E,E,V,L
11920,Pantera Negra 🐈‍⬛ ,L,L,E,E,E,L,V,L,L,L
11921,Pantera Negra 🐈‍⬛ ,L,L,E,E,E,L,V,L,E,L
11922,Pantera Negra 🐈‍⬛ ,L,L,E,E,E,L,V,L,V,L
11923,Pantera Negra 🐈‍⬛ ,L,L,E,E,E,L,V,E,L,L
11924,Pantera Negra 🐈‍⬛ ,L,L,E,E,E,L,V,E,E,L
11925,Pantera Negra 🐈‍⬛ ,L,L,E,E,E,L,V,E,V,L
11926,Pantera Negra 🐈‍⬛ ,L,L,E,V,L,L,L,L,L,L
11927,Pantera Negra 🐈‍⬛ ,L,L,E,V,L,L,L,L,E,L
11928,Pantera Negra 🐈‍⬛ ,L,L,E,V,L,L,L,L,V,L
11929,Pantera Negra 🐈‍⬛ ,L,L,E,V,L,L,L,E,L,L
11930,Pantera Negra 🐈‍⬛ ,L,L,E,V,L,L,L,E,E,L
11931,Pantera Negra 🐈‍⬛ ,L,L,E,V,L,L,L,E,V,L
11932,Pantera Negra 🐈‍⬛ ,L,L,E,V,L,L,E,L,L,L
11933,Pantera Negra 🐈‍⬛ ,L,L,E,V,L,L,E,L,E,L
11934,Pantera Negra 🐈‍⬛ ,L,L,E,V,L,L,E,L,V,L
11935,Pantera Negra 🐈‍⬛ ,L,L,E,V,L,L,E,E,L,L
11936,Pantera Negra 🐈‍⬛ ,L,L,E,V,L,L,E,E,E,L
11937,Pantera Negra 🐈‍⬛ ,L,L,E,V,L,L,E,E,V,L
11938,Pantera Negra 🐈‍⬛ ,L,L,E,V,L,L,V,L,L,L
11939,Pantera Negra 🐈‍⬛ ,L,L,E,V,L,L,V,L,E,L
11940,Pantera Negra 🐈‍⬛ ,L,L,E,V,L,L,V,L,V,L
11941,Pantera Negra 🐈‍⬛ ,L,L,E,V,L,L,V,E,L,L
11942,Pantera Negra 🐈‍⬛ ,L,L,E,V,L,L,V,E,E,L
11943,Pantera Negra 🐈‍⬛ ,L,L,E,V,L,L,V,E,V,L
11944,Pantera Negra 🐈‍⬛ ,L,L,E,V,E,L,L,L,L,L
11945,Pantera Negra 🐈‍⬛ ,L,L,E,V,E,L,L,L,E,L
11946,Pantera Negra 🐈‍⬛ ,L,L,E,V,E,L,L,L,V,L
11947,Pantera Negra 🐈‍⬛ ,L,L,E,V,E,L,L,E,L,L
11948,Pantera Negra 🐈‍⬛ ,L,L,E,V,E,L,L,E,E,L
11949,Pantera Negra 🐈‍⬛ ,L,L,E,V,E,L,L,E,V,L
11950,Pantera Negra 🐈‍⬛ ,L,L,E,V,E,L,E,L,L,L
11951,Pantera Negra 🐈‍⬛ ,L,L,E,V,E,L,E,L,E,L
11952,Pantera Negra 🐈‍⬛ ,L,L,E,V,E,L,E,L,V,L
11953,Pantera Negra 🐈‍⬛ ,L,L,E,V,E,L,E,E,L,L
11954,Pantera Negra 🐈‍⬛ ,L,L,E,V,E,L,E,E,E,L
11955,Pantera Negra 🐈‍⬛ ,L,L,E,V,E,L,E,E,V,L
11956,Pantera Negra 🐈‍⬛ ,L,L,E,V,E,L,V,L,L,L
11957,Pantera Negra 🐈‍⬛ ,L,L,E,V,E,L,V,L,E,L
11958,Pantera Negra 🐈‍⬛ ,L,L,E,V,E,L,V,L,V,L
11959,Pantera Negra 🐈‍⬛ ,L,L,E,V,E,L,V,E,L,L
11960,Pantera Negra 🐈‍⬛ ,L,L,E,V,E,L,V,E,E,L
11961,Pantera Negra 🐈‍⬛ ,L,L,E,V,E,L,V,E,V,L
11962,Pantera Negra 🐈‍⬛ ,L,L,V,L,L,L,L,L,L,L
11963,Pantera Negra 🐈‍⬛ ,L,L,V,L,L,L,L,L,E,L
11964,Pantera Negra 🐈‍⬛ ,L,L,V,L,L,L,L,L,V,L
11965,Pantera Negra 🐈‍⬛ ,L,L,V,L,L,L,L,E,L,L
11966,Pantera Negra 🐈‍⬛ ,L,L,V,L,L,L,L,E,E,L
11967,Pantera Negra 🐈‍⬛ ,L,L,V,L,L,L,L,E,V,L
11968,Pantera Negra 🐈‍⬛ ,L,L,V,L,L,L,E,L,L,L
11969,Pantera Negra 🐈‍⬛ ,L,L,V,L,L,L,E,L,E,L
11970,Pantera Negra 🐈‍⬛ ,L,L,V,L,L,L,E,L,V,L
11971,Pantera Negra 🐈‍⬛ ,L,L,V,L,L,L,E,E,L,L
11972,Pantera Negra 🐈‍⬛ ,L,L,V,L,L,L,E,E,E,L
11973,Pantera Negra 🐈‍⬛ ,L,L,V,L,L,L,E,E,V,L
11974,Pantera Negra 🐈‍⬛ ,L,L,V,L,L,L,V,L,L,L
11975,Pantera Negra 🐈‍⬛ ,L,L,V,L,L,L,V,L,E,L
11976,Pantera Negra 🐈‍⬛ ,L,L,V,L,L,L,V,L,V,L
11977,Pantera Negra 🐈‍⬛ ,L,L,V,L,L,L,V,E,L,L
11978,Pantera Negra 🐈‍⬛ ,L,L,V,L,L,L,V,E,E,L
11979,Pantera Negra 🐈‍⬛ ,L,L,V,L,L,L,V,E,V,L
11980,Pantera Negra 🐈‍⬛ ,L,L,V,L,E,L,L,L,L,L
11981,Pantera Negra 🐈‍⬛ ,L,L,V,L,E,L,L,L,E,L
11982,Pantera Negra 🐈‍⬛ ,L,L,V,L,E,L,L,L,V,L
11983,Pantera Negra 🐈‍⬛ ,L,L,V,L,E,L,L,E,L,L
11984,Pantera Negra 🐈‍⬛ ,L,L,V,L,E,L,L,E,E,L
11985,Pantera Negra 🐈‍⬛ ,L,L,V,L,E,L,L,E,V,L
11986,Pantera Negra 🐈‍⬛ ,L,L,V,L,E,L,E,L,L,L
11987,Pantera Negra 🐈‍⬛ ,L,L,V,L,E,L,E,L,E,L
11988,Pantera Negra 🐈‍⬛ ,L,L,V,L,E,L,E,L,V,L
11989,Pantera Negra 🐈‍⬛ ,L,L,V,L,E,L,E,E,L,L
11990,Pantera Negra 🐈‍⬛ ,L,L,V,L,E,L,E,E,E,L
11991,Pantera Negra 🐈‍⬛ ,L,L,V,L,E,L,E,E,V,L
11992,Pantera Negra 🐈‍⬛ ,L,L,V,L,E,L,V,L,L,L
11993,Pantera Negra 🐈‍⬛ ,L,L,V,L,E,L,V,L,E,L
11994,Pantera Negra 🐈‍⬛ ,L,L,V,L,E,L,V,L,V,L
11995,Pantera Negra 🐈‍⬛ ,L,L,V,L,E,L,V,E,L,L
11996,Pantera Negra 🐈‍⬛ ,L,L,V,L,E,L,V,E,E,L
11997,Pantera Negra 🐈‍⬛ ,L,L,V,L,E,L,V,E,V,L
11998,Pantera Negra 🐈‍⬛ ,L,L,V,E,L,L,L,L,L,L
11999,Pantera Negra 🐈‍⬛ ,L,L,V,E,L,L,L,L,E,L
12000,Pantera Negra 🐈‍⬛ ,L,L,V,E,L,L,L,L,V,L
12001,Pantera Negra 🐈‍⬛ ,L,L,V,E,L,L,L,E,L,L
12002,Pantera Negra 🐈‍⬛ ,L,L,V,E,L,L,L,E,E,L
12003,Pantera Negra 🐈‍⬛ ,L,L,V,E,L,L,L,E,V,L
12004,Pantera Negra 🐈‍⬛ ,L,L,V,E,L,L,E,L,L,L
12005,Pantera Negra 🐈‍⬛ ,L,L,V,E,L,L,E,L,E,L
12006,Pantera Negra 🐈‍⬛ ,L,L,V,E,L,L,E,L,V,L
12007,Pantera Negra 🐈‍⬛ ,L,L,V,E,L,L,E,E,L,L
12008,Pantera Negra 🐈‍⬛ ,L,L,V,E,L,L,E,E,E,L
12009,Pantera Negra 🐈‍⬛ ,L,L,V,E,L,L,E,E,V,L
12010,Pantera Negra 🐈‍⬛ ,L,L,V,E,L,L,V,L,L,L
12011,Pantera Negra 🐈‍⬛ ,L,L,V,E,L,L,V,L,E,L
12012,Pantera Negra 🐈‍⬛ ,L,L,V,E,L,L,V,L,V,L
12013,Pantera Negra 🐈‍⬛ ,L,L,V,E,L,L,V,E,L,L
12014,Pantera Negra 🐈‍⬛ ,L,L,V,E,L,L,V,E,E,L
12015,Pantera Negra 🐈‍⬛ ,L,L,V,E,L,L,V,E,V,L
12016,Pantera Negra 🐈‍⬛ ,L,L,V,E,E,L,L,L,L,L
12017,Pantera Negra 🐈‍⬛ ,L,L,V,E,E,L,L,L,E,L
12018,Pantera Negra 🐈‍⬛ ,L,L,V,E,E,L,L,L,V,L
12019,Pantera Negra 🐈‍⬛ ,L,L,V,E,E,L,L,E,L,L
12020,Pantera Negra 🐈‍⬛ ,L,L,V,E,E,L,L,E,E,L
12021,Pantera Negra 🐈‍⬛ ,L,L,V,E,E,L,L,E,V,L
12022,Pantera Negra 🐈‍⬛ ,L,L,V,E,E,L,E,L,L,L
12023,Pantera Negra 🐈‍⬛ ,L,L,V,E,E,L,E,L,E,L
12024,Pantera Negra 🐈‍⬛ ,L,L,V,E,E,L,E,L,V,L
12025,Pantera Negra 🐈‍⬛ ,L,L,V,E,E,L,E,E,L,L
12026,Pantera Negra 🐈‍⬛ ,L,L,V,E,E,L,E,E,E,L
12027,Pantera Negra 🐈‍⬛ ,L,L,V,E,E,L,E,E,V,L
12028,Pantera Negra 🐈‍⬛ ,L,L,V,E,E,L,V,L,L,L
12029,Pantera Negra 🐈‍⬛ ,L,L,V,E,E,L,V,L,E,L
12030,Pantera Negra 🐈‍⬛ ,L,L,V,E,E,L,V,L,V,L
12031,Pantera Negra 🐈‍⬛ ,L,L,V,E,E,L,V,E,L,L
12032,Pantera Negra 🐈‍⬛ ,L,L,V,E,E,L,V,E,E,L
12033,Pantera Negra 🐈‍⬛ ,L,L,V,E,E,L,V,E,V,L
12034,Pantera Negra 🐈‍⬛ ,L,L,V,V,L,L,L,L,L,L
12035,Pantera Negra 🐈‍⬛ ,L,L,V,V,L,L,L,L,E,L
12036,Pantera Negra 🐈‍⬛ ,L,L,V,V,L,L,L,L,V,L
12037,Pantera Negra 🐈‍⬛ ,L,L,V,V,L,L,L,E,L,L
12038,Pantera Negra 🐈‍⬛ ,L,L,V,V,L,L,L,E,E,L
12039,Pantera Negra 🐈‍⬛ ,L,L,V,V,L,L,L,E,V,L
12040,Pantera Negra 🐈‍⬛ ,L,L,V,V,L,L,E,L,L,L
12041,Pantera Negra 🐈‍⬛ ,L,L,V,V,L,L,E,L,E,L
12042,Pantera Negra 🐈‍⬛ ,L,L,V,V,L,L,E,L,V,L
12043,Pantera Negra 🐈‍⬛ ,L,L,V,V,L,L,E,E,L,L
12044,Pantera Negra 🐈‍⬛ ,L,L,V,V,L,L,E,E,E,L
12045,Pantera Negra 🐈‍⬛ ,L,L,V,V,L,L,E,E,V,L
12046,Pantera Negra 🐈‍⬛ ,L,L,V,V,L,L,V,L,L,L
12047,Pantera Negra 🐈‍⬛ ,L,L,V,V,L,L,V,L,E,L
12048,Pantera Negra 🐈‍⬛ ,L,L,V,V,L,L,V,L,V,L
12049,Pantera Negra 🐈‍⬛ ,L,L,V,V,L,L,V,E,L,L
12050,Pantera Negra 🐈‍⬛ ,L,L,V,V,L,L,V,E,E,L
12051,Pantera Negra 🐈‍⬛ ,L,L,V,V,L,L,V,E,V,L
12052,Pantera Negra 🐈‍⬛ ,L,L,V,V,E,L,L,L,L,L
12053,Pantera Negra 🐈‍⬛ ,L,L,V,V,E,L,L,L,E,L
12054,Pantera Negra 🐈‍⬛ ,L,L,V,V,E,L,L,L,V,L
12055,Pantera Negra 🐈‍⬛ ,L,L,V,V,E,L,L,E,L,L
12056,Pantera Negra 🐈‍⬛ ,L,L,V,V,E,L,L,E,E,L
12057,Pantera Negra 🐈‍⬛ ,L,L,V,V,E,L,L,E,V,L
12058,Pantera Negra 🐈‍⬛ ,L,L,V,V,E,L,E,L,L,L
12059,Pantera Negra 🐈‍⬛ ,L,L,V,V,E,L,E,L,E,L
12060,Pantera Negra 🐈‍⬛ ,L,L,V,V,E,L,E,L,V,L
12061,Pantera Negra 🐈‍⬛ ,L,L,V,V,E,L,E,E,L,L
12062,Pantera Negra 🐈‍⬛ ,L,L,V,V,E,L,E,E,E,L
12063,Pantera Negra 🐈‍⬛ ,L,L,V,V,E,L,E,E,V,L
12064,Pantera Negra 🐈‍⬛ ,L,L,V,V,E,L,V,L,L,L
12065,Pantera Negra 🐈‍⬛ ,L,L,V,V,E,L,V,L,E,L
12066,Pantera Negra 🐈‍⬛ ,L,L,V,V,E,L,V,L,V,L
12067,Pantera Negra 🐈‍⬛ ,L,L,V,V,E,L,V,E,L,L
12068,Pantera Negra 🐈‍⬛ ,L,L,V,V,E,L,V,E,E,L
12069,Pantera Negra 🐈‍⬛ ,L,L,V,V,E,L,V,E,V,L
12070,Pantera Negra 🐈‍⬛ ,L,E,E,L,L,L,L,L,L,L
12071,Pantera Negra 🐈‍⬛ ,L,E,E,L,L,L,L,L,E,L
12072,Pantera Negra 🐈‍⬛ ,L,E,E,L,L,L,L,L,V,L
12073,Pantera Negra 🐈‍⬛ ,L,E,E,L,L,L,L,E,L,L
12074,Pantera Negra 🐈‍⬛ ,L,E,E,L,L,L,L,E,E,L
12075,Pantera Negra 🐈‍⬛ ,L,E,E,L,L,L,L,E,V,L
12076,Pantera Negra 🐈‍⬛ ,L,E,E,L,L,L,E,L,L,L
12077,Pantera Negra 🐈‍⬛ ,L,E,E,L,L,L,E,L,E,L
12078,Pantera Negra 🐈‍⬛ ,L,E,E,L,L,L,E,L,V,L
12079,Pantera Negra 🐈‍⬛ ,L,E,E,L,L,L,E,E,L,L
12080,Pantera Negra 🐈‍⬛ ,L,E,E,L,L,L,E,E,E,L
12081,Pantera Negra 🐈‍⬛ ,L,E,E,L,L,L,E,E,V,L
12082,Pantera Negra 🐈‍⬛ ,L,E,E,L,L,L,V,L,L,L
12083,Pantera Negra 🐈‍⬛ ,L,E,E,L,L,L,V,L,E,L
12084,Pantera Negra 🐈‍⬛ ,L,E,E,L,L,L,V,L,V,L
12085,Pantera Negra 🐈‍⬛ ,L,E,E,L,L,L,V,E,L,L
12086,Pantera Negra 🐈‍⬛ ,L,E,E,L,L,L,V,E,E,L
12087,Pantera Negra 🐈‍⬛ ,L,E,E,L,L,L,V,E,V,L
12088,Pantera Negra 🐈‍⬛ ,L,E,E,L,E,L,L,L,L,L
12089,Pantera Negra 🐈‍⬛ ,L,E,E,L,E,L,L,L,E,L
12090,Pantera Negra 🐈‍⬛ ,L,E,E,L,E,L,L,L,V,L
12091,Pantera Negra 🐈‍⬛ ,L,E,E,L,E,L,L,E,L,L
12092,Pantera Negra 🐈‍⬛ ,L,E,E,L,E,L,L,E,E,L
12093,Pantera Negra 🐈‍⬛ ,L,E,E,L,E,L,L,E,V,L
12094,Pantera Negra 🐈‍⬛ ,L,E,E,L,E,L,E,L,L,L
12095,Pantera Negra 🐈‍⬛ ,L,E,E,L,E,L,E,L,E,L
12096,Pantera Negra 🐈‍⬛ ,L,E,E,L,E,L,E,L,V,L
12097,Pantera Negra 🐈‍⬛ ,L,E,E,L,E,L,E,E,L,L
12098,Pantera Negra 🐈‍⬛ ,L,E,E,L,E,L,E,E,E,L
12099,Pantera Negra 🐈‍⬛ ,L,E,E,L,E,L,E,E,V,L
12100,Pantera Negra 🐈‍⬛ ,L,E,E,L,E,L,V,L,L,L
12101,Pantera Negra 🐈‍⬛ ,L,E,E,L,E,L,V,L,E,L
12102,Pantera Negra 🐈‍⬛ ,L,E,E,L,E,L,V,L,V,L
12103,Pantera Negra 🐈‍⬛ ,L,E,E,L,E,L,V,E,L,L
12104,Pantera Negra 🐈‍⬛ ,L,E,E,L,E,L,V,E,E,L
12105,Pantera Negra 🐈‍⬛ ,L,E,E,L,E,L,V,E,V,L
12106,Pantera Negra 🐈‍⬛ ,L,E,E,E,L,L,L,L,L,L
12107,Pantera Negra 🐈‍⬛ ,L,E,E,E,L,L,L,L,E,L
12108,Pantera Negra 🐈‍⬛ ,L,E,E,E,L,L,L,L,V,L
12109,Pantera Negra 🐈‍⬛ ,L,E,E,E,L,L,L,E,L,L
12110,Pantera Negra 🐈‍⬛ ,L,E,E,E,L,L,L,E,E,L
12111,Pantera Negra 🐈‍⬛ ,L,E,E,E,L,L,L,E,V,L
12112,Pantera Negra 🐈‍⬛ ,L,E,E,E,L,L,E,L,L,L
12113,Pantera Negra 🐈‍⬛ ,L,E,E,E,L,L,E,L,E,L
12114,Pantera Negra 🐈‍⬛ ,L,E,E,E,L,L,E,L,V,L
12115,Pantera Negra 🐈‍⬛ ,L,E,E,E,L,L,E,E,L,L
12116,Pantera Negra 🐈‍⬛ ,L,E,E,E,L,L,E,E,E,L
12117,Pantera Negra 🐈‍⬛ ,L,E,E,E,L,L,E,E,V,L
12118,Pantera Negra 🐈‍⬛ ,L,E,E,E,L,L,V,L,L,L
12119,Pantera Negra 🐈‍⬛ ,L,E,E,E,L,L,V,L,E,L
12120,Pantera Negra 🐈‍⬛ ,L,E,E,E,L,L,V,L,V,L
12121,Pantera Negra 🐈‍⬛ ,L,E,E,E,L,L,V,E,L,L
12122,Pantera Negra 🐈‍⬛ ,L,E,E,E,L,L,V,E,E,L
12123,Pantera Negra 🐈‍⬛ ,L,E,E,E,L,L,V,E,V,L
12124,Pantera Negra 🐈‍⬛ ,L,E,E,E,E,L,L,L,L,L
12125,Pantera Negra 🐈‍⬛ ,L,E,E,E,E,L,L,L,E,L
12126,Pantera Negra 🐈‍⬛ ,L,E,E,E,E,L,L,L,V,L
12127,Pantera Negra 🐈‍⬛ ,L,E,E,E,E,L,L,E,L,L
12128,Pantera Negra 🐈‍⬛ ,L,E,E,E,E,L,L,E,E,L
12129,Pantera Negra 🐈‍⬛ ,L,E,E,E,E,L,L,E,V,L
12130,Pantera Negra 🐈‍⬛ ,L,E,E,E,E,L,E,L,L,L
12131,Pantera Negra 🐈‍⬛ ,L,E,E,E,E,L,E,L,E,L
12132,Pantera Negra 🐈‍⬛ ,L,E,E,E,E,L,E,L,V,L
12133,Pantera Negra 🐈‍⬛ ,L,E,E,E,E,L,E,E,L,L
12134,Pantera Negra 🐈‍⬛ ,L,E,E,E,E,L,E,E,E,L
12135,Pantera Negra 🐈‍⬛ ,L,E,E,E,E,L,E,E,V,L
12136,Pantera Negra 🐈‍⬛ ,L,E,E,E,E,L,V,L,L,L
12137,Pantera Negra 🐈‍⬛ ,L,E,E,E,E,L,V,L,E,L
12138,Pantera Negra 🐈‍⬛ ,L,E,E,E,E,L,V,L,V,L
12139,Pantera Negra 🐈‍⬛ ,L,E,E,E,E,L,V,E,L,L
12140,Pantera Negra 🐈‍⬛ ,L,E,E,E,E,L,V,E,E,L
12141,Pantera Negra 🐈‍⬛ ,L,E,E,E,E,L,V,E,V,L
12142,Pantera Negra 🐈‍⬛ ,L,E,E,V,L,L,L,L,L,L
12143,Pantera Negra 🐈‍⬛ ,L,E,E,V,L,L,L,L,E,L
12144,Pantera Negra 🐈‍⬛ ,L,E,E,V,L,L,L,L,V,L
12145,Pantera Negra 🐈‍⬛ ,L,E,E,V,L,L,L,E,L,L
12146,Pantera Negra 🐈‍⬛ ,L,E,E,V,L,L,L,E,E,L
12147,Pantera Negra 🐈‍⬛ ,L,E,E,V,L,L,L,E,V,L
12148,Pantera Negra 🐈‍⬛ ,L,E,E,V,L,L,E,L,L,L
12149,Pantera Negra 🐈‍⬛ ,L,E,E,V,L,L,E,L,E,L
12150,Pantera Negra 🐈‍⬛ ,L,E,E,V,L,L,E,L,V,L
12151,Pantera Negra 🐈‍⬛ ,L,E,E,V,L,L,E,E,L,L
12152,Pantera Negra 🐈‍⬛ ,L,E,E,V,L,L,E,E,E,L
12153,Pantera Negra 🐈‍⬛ ,L,E,E,V,L,L,E,E,V,L
12154,Pantera Negra 🐈‍⬛ ,L,E,E,V,L,L,V,L,L,L
12155,Pantera Negra 🐈‍⬛ ,L,E,E,V,L,L,V,L,E,L
12156,Pantera Negra 🐈‍⬛ ,L,E,E,V,L,L,V,L,V,L
12157,Pantera Negra 🐈‍⬛ ,L,E,E,V,L,L,V,E,L,L
12158,Pantera Negra 🐈‍⬛ ,L,E,E,V,L,L,V,E,E,L
12159,Pantera Negra 🐈‍⬛ ,L,E,E,V,L,L,V,E,V,L
12160,Pantera Negra 🐈‍⬛ ,L,E,E,V,E,L,L,L,L,L
12161,Pantera Negra 🐈‍⬛ ,L,E,E,V,E,L,L,L,E,L
12162,Pantera Negra 🐈‍⬛ ,L,E,E,V,E,L,L,L,V,L
12163,Pantera Negra 🐈‍⬛ ,L,E,E,V,E,L,L,E,L,L
12164,Pantera Negra 🐈‍⬛ ,L,E,E,V,E,L,L,E,E,L
12165,Pantera Negra 🐈‍⬛ ,L,E,E,V,E,L,L,E,V,L
12166,Pantera Negra 🐈‍⬛ ,L,E,E,V,E,L,E,L,L,L
12167,Pantera Negra 🐈‍⬛ ,L,E,E,V,E,L,E,L,E,L
12168,Pantera Negra 🐈‍⬛ ,L,E,E,V,E,L,E,L,V,L
12169,Pantera Negra 🐈‍⬛ ,L,E,E,V,E,L,E,E,L,L
12170,Pantera Negra 🐈‍⬛ ,L,E,E,V,E,L,E,E,E,L
12171,Pantera Negra 🐈‍⬛ ,L,E,E,V,E,L,E,E,V,L
12172,Pantera Negra 🐈‍⬛ ,L,E,E,V,E,L,V,L,L,L
12173,Pantera Negra 🐈‍⬛ ,L,E,E,V,E,L,V,L,E,L
12174,Pantera Negra 🐈‍⬛ ,L,E,E,V,E,L,V,L,V,L
12175,Pantera Negra 🐈‍⬛ ,L,E,E,V,E,L,V,E,L,L
12176,Pantera Negra 🐈‍⬛ ,L,E,E,V,E,L,V,E,E,L
12177,Pantera Negra 🐈‍⬛ ,L,E,E,V,E,L,V,E,V,L
12178,Pantera Negra 🐈‍⬛ ,L,E,V,L,L,L,L,L,L,L
12179,Pantera Negra 🐈‍⬛ ,L,E,V,L,L,L,L,L,E,L
12180,Pantera Negra 🐈‍⬛ ,L,E,V,L,L,L,L,L,V,L
12181,Pantera Negra 🐈‍⬛ ,L,E,V,L,L,L,L,E,L,L
12182,Pantera Negra 🐈‍⬛ ,L,E,V,L,L,L,L,E,E,L
12183,Pantera Negra 🐈‍⬛ ,L,E,V,L,L,L,L,E,V,L
12184,Pantera Negra 🐈‍⬛ ,L,E,V,L,L,L,E,L,L,L
12185,Pantera Negra 🐈‍⬛ ,L,E,V,L,L,L,E,L,E,L
12186,Pantera Negra 🐈‍⬛ ,L,E,V,L,L,L,E,L,V,L
12187,Pantera Negra 🐈‍⬛ ,L,E,V,L,L,L,E,E,L,L
12188,Pantera Negra 🐈‍⬛ ,L,E,V,L,L,L,E,E,E,L
12189,Pantera Negra 🐈‍⬛ ,L,E,V,L,L,L,E,E,V,L
12190,Pantera Negra 🐈‍⬛ ,L,E,V,L,L,L,V,L,L,L
12191,Pantera Negra 🐈‍⬛ ,L,E,V,L,L,L,V,L,E,L
12192,Pantera Negra 🐈‍⬛ ,L,E,V,L,L,L,V,L,V,L
12193,Pantera Negra 🐈‍⬛ ,L,E,V,L,L,L,V,E,L,L
12194,Pantera Negra 🐈‍⬛ ,L,E,V,L,L,L,V,E,E,L
12195,Pantera Negra 🐈‍⬛ ,L,E,V,L,L,L,V,E,V,L
12196,Pantera Negra 🐈‍⬛ ,L,E,V,L,E,L,L,L,L,L
12197,Pantera Negra 🐈‍⬛ ,L,E,V,L,E,L,L,L,E,L
12198,Pantera Negra 🐈‍⬛ ,L,E,V,L,E,L,L,L,V,L
12199,Pantera Negra 🐈‍⬛ ,L,E,V,L,E,L,L,E,L,L
12200,Pantera Negra 🐈‍⬛ ,L,E,V,L,E,L,L,E,E,L
12201,Pantera Negra 🐈‍⬛ ,L,E,V,L,E,L,L,E,V,L
12202,Pantera Negra 🐈‍⬛ ,L,E,V,L,E,L,E,L,L,L
12203,Pantera Negra 🐈‍⬛ ,L,E,V,L,E,L,E,L,E,L
12204,Pantera Negra 🐈‍⬛ ,L,E,V,L,E,L,E,L,V,L
12205,Pantera Negra 🐈‍⬛ ,L,E,V,L,E,L,E,E,L,L
12206,Pantera Negra 🐈‍⬛ ,L,E,V,L,E,L,E,E,E,L
12207,Pantera Negra 🐈‍⬛ ,L,E,V,L,E,L,E,E,V,L
12208,Pantera Negra 🐈‍⬛ ,L,E,V,L,E,L,V,L,L,L
12209,Pantera Negra 🐈‍⬛ ,L,E,V,L,E,L,V,L,E,L
12210,Pantera Negra 🐈‍⬛ ,L,E,V,L,E,L,V,L,V,L
12211,Pantera Negra 🐈‍⬛ ,L,E,V,L,E,L,V,E,L,L
12212,Pantera Negra 🐈‍⬛ ,L,E,V,L,E,L,V,E,E,L
12213,Pantera Negra 🐈‍⬛ ,L,E,V,L,E,L,V,E,V,L
12214,Pantera Negra 🐈‍⬛ ,L,E,V,E,L,L,L,L,L,L
12215,Pantera Negra 🐈‍⬛ ,L,E,V,E,L,L,L,L,E,L
12216,Pantera Negra 🐈‍⬛ ,L,E,V,E,L,L,L,L,V,L
12217,Pantera Negra 🐈‍⬛ ,L,E,V,E,L,L,L,E,L,L
12218,Pantera Negra 🐈‍⬛ ,L,E,V,E,L,L,L,E,E,L
12219,Pantera Negra 🐈‍⬛ ,L,E,V,E,L,L,L,E,V,L
12220,Pantera Negra 🐈‍⬛ ,L,E,V,E,L,L,E,L,L,L
12221,Pantera Negra 🐈‍⬛ ,L,E,V,E,L,L,E,L,E,L
12222,Pantera Negra 🐈‍⬛ ,L,E,V,E,L,L,E,L,V,L
12223,Pantera Negra 🐈‍⬛ ,L,E,V,E,L,L,E,E,L,L
12224,Pantera Negra 🐈‍⬛ ,L,E,V,E,L,L,E,E,E,L
12225,Pantera Negra 🐈‍⬛ ,L,E,V,E,L,L,E,E,V,L
12226,Pantera Negra 🐈‍⬛ ,L,E,V,E,L,L,V,L,L,L
12227,Pantera Negra 🐈‍⬛ ,L,E,V,E,L,L,V,L,E,L
12228,Pantera Negra 🐈‍⬛ ,L,E,V,E,L,L,V,L,V,L
12229,Pantera Negra 🐈‍⬛ ,L,E,V,E,L,L,V,E,L,L
12230,Pantera Negra 🐈‍⬛ ,L,E,V,E,L,L,V,E,E,L
12231,Pantera Negra 🐈‍⬛ ,L,E,V,E,L,L,V,E,V,L
12232,Pantera Negra 🐈‍⬛ ,L,E,V,E,E,L,L,L,L,L
12233,Pantera Negra 🐈‍⬛ ,L,E,V,E,E,L,L,L,E,L
12234,Pantera Negra 🐈‍⬛ ,L,E,V,E,E,L,L,L,V,L
12235,Pantera Negra 🐈‍⬛ ,L,E,V,E,E,L,L,E,L,L
12236,Pantera Negra 🐈‍⬛ ,L,E,V,E,E,L,L,E,E,L
12237,Pantera Negra 🐈‍⬛ ,L,E,V,E,E,L,L,E,V,L
12238,Pantera Negra 🐈‍⬛ ,L,E,V,E,E,L,E,L,L,L
12239,Pantera Negra 🐈‍⬛ ,L,E,V,E,E,L,E,L,E,L
12240,Pantera Negra 🐈‍⬛ ,L,E,V,E,E,L,E,L,V,L
12241,Pantera Negra 🐈‍⬛ ,L,E,V,E,E,L,E,E,L,L
12242,Pantera Negra 🐈‍⬛ ,L,E,V,E,E,L,E,E,E,L
12243,Pantera Negra 🐈‍⬛ ,L,E,V,E,E,L,E,E,V,L
12244,Pantera Negra 🐈‍⬛ ,L,E,V,E,E,L,V,L,L,L
12245,Pantera Negra 🐈‍⬛ ,L,E,V,E,E,L,V,L,E,L
12246,Pantera Negra 🐈‍⬛ ,L,E,V,E,E,L,V,L,V,L
12247,Pantera Negra 🐈‍⬛ ,L,E,V,E,E,L,V,E,L,L
12248,Pantera Negra 🐈‍⬛ ,L,E,V,E,E,L,V,E,E,L
12249,Pantera Negra 🐈‍⬛ ,L,E,V,E,E,L,V,E,V,L
12250,Pantera Negra 🐈‍⬛ ,L,E,V,V,L,L,L,L,L,L
12251,Pantera Negra 🐈‍⬛ ,L,E,V,V,L,L,L,L,E,L
12252,Pantera Negra 🐈‍⬛ ,L,E,V,V,L,L,L,L,V,L
12253,Pantera Negra 🐈‍⬛ ,L,E,V,V,L,L,L,E,L,L
12254,Pantera Negra 🐈‍⬛ ,L,E,V,V,L,L,L,E,E,L
12255,Pantera Negra 🐈‍⬛ ,L,E,V,V,L,L,L,E,V,L
12256,Pantera Negra 🐈‍⬛ ,L,E,V,V,L,L,E,L,L,L
12257,Pantera Negra 🐈‍⬛ ,L,E,V,V,L,L,E,L,E,L
12258,Pantera Negra 🐈‍⬛ ,L,E,V,V,L,L,E,L,V,L
12259,Pantera Negra 🐈‍⬛ ,L,E,V,V,L,L,E,E,L,L
12260,Pantera Negra 🐈‍⬛ ,L,E,V,V,L,L,E,E,E,L
12261,Pantera Negra 🐈‍⬛ ,L,E,V,V,L,L,E,E,V,L
12262,Pantera Negra 🐈‍⬛ ,L,E,V,V,L,L,V,L,L,L
12263,Pantera Negra 🐈‍⬛ ,L,E,V,V,L,L,V,L,E,L
12264,Pantera Negra 🐈‍⬛ ,L,E,V,V,L,L,V,L,V,L
12265,Pantera Negra 🐈‍⬛ ,L,E,V,V,L,L,V,E,L,L
12266,Pantera Negra 🐈‍⬛ ,L,E,V,V,L,L,V,E,E,L
12267,Pantera Negra 🐈‍⬛ ,L,E,V,V,L,L,V,E,V,L
12268,Pantera Negra 🐈‍⬛ ,L,E,V,V,E,L,L,L,L,L
12269,Pantera Negra 🐈‍⬛ ,L,E,V,V,E,L,L,L,E,L
12270,Pantera Negra 🐈‍⬛ ,L,E,V,V,E,L,L,L,V,L
12271,Pantera Negra 🐈‍⬛ ,L,E,V,V,E,L,L,E,L,L
12272,Pantera Negra 🐈‍⬛ ,L,E,V,V,E,L,L,E,E,L
12273,Pantera Negra 🐈‍⬛ ,L,E,V,V,E,L,L,E,V,L
12274,Pantera Negra 🐈‍⬛ ,L,E,V,V,E,L,E,L,L,L
12275,Pantera Negra 🐈‍⬛ ,L,E,V,V,E,L,E,L,E,L
12276,Pantera Negra 🐈‍⬛ ,L,E,V,V,E,L,E,L,V,L
12277,Pantera Negra 🐈‍⬛ ,L,E,V,V,E,L,E,E,L,L
12278,Pantera Negra 🐈‍⬛ ,L,E,V,V,E,L,E,E,E,L
12279,Pantera Negra 🐈‍⬛ ,L,E,V,V,E,L,E,E,V,L
12280,Pantera Negra 🐈‍⬛ ,L,E,V,V,E,L,V,L,L,L
12281,Pantera Negra 🐈‍⬛ ,L,E,V,V,E,L,V,L,E,L
12282,Pantera Negra 🐈‍⬛ ,L,E,V,V,E,L,V,L,V,L
12283,Pantera Negra 🐈‍⬛ ,L,E,V,V,E,L,V,E,L,L
12284,Pantera Negra 🐈‍⬛ ,L,E,V,V,E,L,V,E,E,L
12285,Pantera Negra 🐈‍⬛ ,L,E,V,V,E,L,V,E,V,L
12286,Pantera Negra 🐈‍⬛ ,L,V,E,L,L,L,L,L,L,L
12287,Pantera Negra 🐈‍⬛ ,L,V,E,L,L,L,L,L,E,L
12288,Pantera Negra 🐈‍⬛ ,L,V,E,L,L,L,L,L,V,L
12289,Pantera Negra 🐈‍⬛ ,L,V,E,L,L,L,L,E,L,L
12290,Pantera Negra 🐈‍⬛ ,L,V,E,L,L,L,L,E,E,L
12291,Pantera Negra 🐈‍⬛ ,L,V,E,L,L,L,L,E,V,L
12292,Pantera Negra 🐈‍⬛ ,L,V,E,L,L,L,E,L,L,L
12293,Pantera Negra 🐈‍⬛ ,L,V,E,L,L,L,E,L,E,L
12294,Pantera Negra 🐈‍⬛ ,L,V,E,L,L,L,E,L,V,L
12295,Pantera Negra 🐈‍⬛ ,L,V,E,L,L,L,E,E,L,L
12296,Pantera Negra 🐈‍⬛ ,L,V,E,L,L,L,E,E,E,L
12297,Pantera Negra 🐈‍⬛ ,L,V,E,L,L,L,E,E,V,L
12298,Pantera Negra 🐈‍⬛ ,L,V,E,L,L,L,V,L,L,L
12299,Pantera Negra 🐈‍⬛ ,L,V,E,L,L,L,V,L,E,L
12300,Pantera Negra 🐈‍⬛ ,L,V,E,L,L,L,V,L,V,L
12301,Pantera Negra 🐈‍⬛ ,L,V,E,L,L,L,V,E,L,L
12302,Pantera Negra 🐈‍⬛ ,L,V,E,L,L,L,V,E,E,L
12303,Pantera Negra 🐈‍⬛ ,L,V,E,L,L,L,V,E,V,L
12304,Pantera Negra 🐈‍⬛ ,L,V,E,L,E,L,L,L,L,L
12305,Pantera Negra 🐈‍⬛ ,L,V,E,L,E,L,L,L,E,L
12306,Pantera Negra 🐈‍⬛ ,L,V,E,L,E,L,L,L,V,L
12307,Pantera Negra 🐈‍⬛ ,L,V,E,L,E,L,L,E,L,L
12308,Pantera Negra 🐈‍⬛ ,L,V,E,L,E,L,L,E,E,L
12309,Pantera Negra 🐈‍⬛ ,L,V,E,L,E,L,L,E,V,L
12310,Pantera Negra 🐈‍⬛ ,L,V,E,L,E,L,E,L,L,L
12311,Pantera Negra 🐈‍⬛ ,L,V,E,L,E,L,E,L,E,L
12312,Pantera Negra 🐈‍⬛ ,L,V,E,L,E,L,E,L,V,L
12313,Pantera Negra 🐈‍⬛ ,L,V,E,L,E,L,E,E,L,L
12314,Pantera Negra 🐈‍⬛ ,L,V,E,L,E,L,E,E,E,L
12315,Pantera Negra 🐈‍⬛ ,L,V,E,L,E,L,E,E,V,L
12316,Pantera Negra 🐈‍⬛ ,L,V,E,L,E,L,V,L,L,L
12317,Pantera Negra 🐈‍⬛ ,L,V,E,L,E,L,V,L,E,L
12318,Pantera Negra 🐈‍⬛ ,L,V,E,L,E,L,V,L,V,L
12319,Pantera Negra 🐈‍⬛ ,L,V,E,L,E,L,V,E,L,L
12320,Pantera Negra 🐈‍⬛ ,L,V,E,L,E,L,V,E,E,L
12321,Pantera Negra 🐈‍⬛ ,L,V,E,L,E,L,V,E,V,L
12322,Pantera Negra 🐈‍⬛ ,L,V,E,E,L,L,L,L,L,L
12323,Pantera Negra 🐈‍⬛ ,L,V,E,E,L,L,L,L,E,L
12324,Pantera Negra 🐈‍⬛ ,L,V,E,E,L,L,L,L,V,L
12325,Pantera Negra 🐈‍⬛ ,L,V,E,E,L,L,L,E,L,L
12326,Pantera Negra 🐈‍⬛ ,L,V,E,E,L,L,L,E,E,L
12327,Pantera Negra 🐈‍⬛ ,L,V,E,E,L,L,L,E,V,L
12328,Pantera Negra 🐈‍⬛ ,L,V,E,E,L,L,E,L,L,L
12329,Pantera Negra 🐈‍⬛ ,L,V,E,E,L,L,E,L,E,L
12330,Pantera Negra 🐈‍⬛ ,L,V,E,E,L,L,E,L,V,L
12331,Pantera Negra 🐈‍⬛ ,L,V,E,E,L,L,E,E,L,L
12332,Pantera Negra 🐈‍⬛ ,L,V,E,E,L,L,E,E,E,L
12333,Pantera Negra 🐈‍⬛ ,L,V,E,E,L,L,E,E,V,L
12334,Pantera Negra 🐈‍⬛ ,L,V,E,E,L,L,V,L,L,L
12335,Pantera Negra 🐈‍⬛ ,L,V,E,E,L,L,V,L,E,L
12336,Pantera Negra 🐈‍⬛ ,L,V,E,E,L,L,V,L,V,L
12337,Pantera Negra 🐈‍⬛ ,L,V,E,E,L,L,V,E,L,L
12338,Pantera Negra 🐈‍⬛ ,L,V,E,E,L,L,V,E,E,L
12339,Pantera Negra 🐈‍⬛ ,L,V,E,E,L,L,V,E,V,L
12340,Pantera Negra 🐈‍⬛ ,L,V,E,E,E,L,L,L,L,L
12341,Pantera Negra 🐈‍⬛ ,L,V,E,E,E,L,L,L,E,L
12342,Pantera Negra 🐈‍⬛ ,L,V,E,E,E,L,L,L,V,L
12343,Pantera Negra 🐈‍⬛ ,L,V,E,E,E,L,L,E,L,L
12344,Pantera Negra 🐈‍⬛ ,L,V,E,E,E,L,L,E,E,L
12345,Pantera Negra 🐈‍⬛ ,L,V,E,E,E,L,L,E,V,L
12346,Pantera Negra 🐈‍⬛ ,L,V,E,E,E,L,E,L,L,L
12347,Pantera Negra 🐈‍⬛ ,L,V,E,E,E,L,E,L,E,L
12348,Pantera Negra 🐈‍⬛ ,L,V,E,E,E,L,E,L,V,L
12349,Pantera Negra 🐈‍⬛ ,L,V,E,E,E,L,E,E,L,L
12350,Pantera Negra 🐈‍⬛ ,L,V,E,E,E,L,E,E,E,L
12351,Pantera Negra 🐈‍⬛ ,L,V,E,E,E,L,E,E,V,L
12352,Pantera Negra 🐈‍⬛ ,L,V,E,E,E,L,V,L,L,L
12353,Pantera Negra 🐈‍⬛ ,L,V,E,E,E,L,V,L,E,L
12354,Pantera Negra 🐈‍⬛ ,L,V,E,E,E,L,V,L,V,L
12355,Pantera Negra 🐈‍⬛ ,L,V,E,E,E,L,V,E,L,L
12356,Pantera Negra 🐈‍⬛ ,L,V,E,E,E,L,V,E,E,L
12357,Pantera Negra 🐈‍⬛ ,L,V,E,E,E,L,V,E,V,L
12358,Pantera Negra 🐈‍⬛ ,L,V,E,V,L,L,L,L,L,L
12359,Pantera Negra 🐈‍⬛ ,L,V,E,V,L,L,L,L,E,L
12360,Pantera Negra 🐈‍⬛ ,L,V,E,V,L,L,L,L,V,L
12361,Pantera Negra 🐈‍⬛ ,L,V,E,V,L,L,L,E,L,L
12362,Pantera Negra 🐈‍⬛ ,L,V,E,V,L,L,L,E,E,L
12363,Pantera Negra 🐈‍⬛ ,L,V,E,V,L,L,L,E,V,L
12364,Pantera Negra 🐈‍⬛ ,L,V,E,V,L,L,E,L,L,L
12365,Pantera Negra 🐈‍⬛ ,L,V,E,V,L,L,E,L,E,L
12366,Pantera Negra 🐈‍⬛ ,L,V,E,V,L,L,E,L,V,L
12367,Pantera Negra 🐈‍⬛ ,L,V,E,V,L,L,E,E,L,L
12368,Pantera Negra 🐈‍⬛ ,L,V,E,V,L,L,E,E,E,L
12369,Pantera Negra 🐈‍⬛ ,L,V,E,V,L,L,E,E,V,L
12370,Pantera Negra 🐈‍⬛ ,L,V,E,V,L,L,V,L,L,L
12371,Pantera Negra 🐈‍⬛ ,L,V,E,V,L,L,V,L,E,L
12372,Pantera Negra 🐈‍⬛ ,L,V,E,V,L,L,V,L,V,L
12373,Pantera Negra 🐈‍⬛ ,L,V,E,V,L,L,V,E,L,L
12374,Pantera Negra 🐈‍⬛ ,L,V,E,V,L,L,V,E,E,L
12375,Pantera Negra 🐈‍⬛ ,L,V,E,V,L,L,V,E,V,L
12376,Pantera Negra 🐈‍⬛ ,L,V,E,V,E,L,L,L,L,L
12377,Pantera Negra 🐈‍⬛ ,L,V,E,V,E,L,L,L,E,L
12378,Pantera Negra 🐈‍⬛ ,L,V,E,V,E,L,L,L,V,L
12379,Pantera Negra 🐈‍⬛ ,L,V,E,V,E,L,L,E,L,L
12380,Pantera Negra 🐈‍⬛ ,L,V,E,V,E,L,L,E,E,L
12381,Pantera Negra 🐈‍⬛ ,L,V,E,V,E,L,L,E,V,L
12382,Pantera Negra 🐈‍⬛ ,L,V,E,V,E,L,E,L,L,L
12383,Pantera Negra 🐈‍⬛ ,L,V,E,V,E,L,E,L,E,L
12384,Pantera Negra 🐈‍⬛ ,L,V,E,V,E,L,E,L,V,L
12385,Pantera Negra 🐈‍⬛ ,L,V,E,V,E,L,E,E,L,L
12386,Pantera Negra 🐈‍⬛ ,L,V,E,V,E,L,E,E,E,L
12387,Pantera Negra 🐈‍⬛ ,L,V,E,V,E,L,E,E,V,L
12388,Pantera Negra 🐈‍⬛ ,L,V,E,V,E,L,V,L,L,L
12389,Pantera Negra 🐈‍⬛ ,L,V,E,V,E,L,V,L,E,L
12390,Pantera Negra 🐈‍⬛ ,L,V,E,V,E,L,V,L,V,L
12391,Pantera Negra 🐈‍⬛ ,L,V,E,V,E,L,V,E,L,L
12392,Pantera Negra 🐈‍⬛ ,L,V,E,V,E,L,V,E,E,L
12393,Pantera Negra 🐈‍⬛ ,L,V,E,V,E,L,V,E,V,L
12394,Pantera Negra 🐈‍⬛ ,L,V,V,L,L,L,L,L,L,L
12395,Pantera Negra 🐈‍⬛ ,L,V,V,L,L,L,L,L,E,L
12396,Pantera Negra 🐈‍⬛ ,L,V,V,L,L,L,L,L,V,L
12397,Pantera Negra 🐈‍⬛ ,L,V,V,L,L,L,L,E,L,L
12398,Pantera Negra 🐈‍⬛ ,L,V,V,L,L,L,L,E,E,L
12399,Pantera Negra 🐈‍⬛ ,L,V,V,L,L,L,L,E,V,L
12400,Pantera Negra 🐈‍⬛ ,L,V,V,L,L,L,E,L,L,L
12401,Pantera Negra 🐈‍⬛ ,L,V,V,L,L,L,E,L,E,L
12402,Pantera Negra 🐈‍⬛ ,L,V,V,L,L,L,E,L,V,L
12403,Pantera Negra 🐈‍⬛ ,L,V,V,L,L,L,E,E,L,L
12404,Pantera Negra 🐈‍⬛ ,L,V,V,L,L,L,E,E,E,L
12405,Pantera Negra 🐈‍⬛ ,L,V,V,L,L,L,E,E,V,L
12406,Pantera Negra 🐈‍⬛ ,L,V,V,L,L,L,V,L,L,L
12407,Pantera Negra 🐈‍⬛ ,L,V,V,L,L,L,V,L,E,L
12408,Pantera Negra 🐈‍⬛ ,L,V,V,L,L,L,V,L,V,L
12409,Pantera Negra 🐈‍⬛ ,L,V,V,L,L,L,V,E,L,L
12410,Pantera Negra 🐈‍⬛ ,L,V,V,L,L,L,V,E,E,L
12411,Pantera Negra 🐈‍⬛ ,L,V,V,L,L,L,V,E,V,L
12412,Pantera Negra 🐈‍⬛ ,L,V,V,L,E,L,L,L,L,L
12413,Pantera Negra 🐈‍⬛ ,L,V,V,L,E,L,L,L,E,L
12414,Pantera Negra 🐈‍⬛ ,L,V,V,L,E,L,L,L,V,L
12415,Pantera Negra 🐈‍⬛ ,L,V,V,L,E,L,L,E,L,L
12416,Pantera Negra 🐈‍⬛ ,L,V,V,L,E,L,L,E,E,L
12417,Pantera Negra 🐈‍⬛ ,L,V,V,L,E,L,L,E,V,L
12418,Pantera Negra 🐈‍⬛ ,L,V,V,L,E,L,E,L,L,L
12419,Pantera Negra 🐈‍⬛ ,L,V,V,L,E,L,E,L,E,L
12420,Pantera Negra 🐈‍⬛ ,L,V,V,L,E,L,E,L,V,L
12421,Pantera Negra 🐈‍⬛ ,L,V,V,L,E,L,E,E,L,L
12422,Pantera Negra 🐈‍⬛ ,L,V,V,L,E,L,E,E,E,L
12423,Pantera Negra 🐈‍⬛ ,L,V,V,L,E,L,E,E,V,L
12424,Pantera Negra 🐈‍⬛ ,L,V,V,L,E,L,V,L,L,L
12425,Pantera Negra 🐈‍⬛ ,L,V,V,L,E,L,V,L,E,L
12426,Pantera Negra 🐈‍⬛ ,L,V,V,L,E,L,V,L,V,L
12427,Pantera Negra 🐈‍⬛ ,L,V,V,L,E,L,V,E,L,L
12428,Pantera Negra 🐈‍⬛ ,L,V,V,L,E,L,V,E,E,L
12429,Pantera Negra 🐈‍⬛ ,L,V,V,L,E,L,V,E,V,L
12430,Pantera Negra 🐈‍⬛ ,L,V,V,E,L,L,L,L,L,L
12431,Pantera Negra 🐈‍⬛ ,L,V,V,E,L,L,L,L,E,L
12432,Pantera Negra 🐈‍⬛ ,L,V,V,E,L,L,L,L,V,L
12433,Pantera Negra 🐈‍⬛ ,L,V,V,E,L,L,L,E,L,L
12434,Pantera Negra 🐈‍⬛ ,L,V,V,E,L,L,L,E,E,L
12435,Pantera Negra 🐈‍⬛ ,L,V,V,E,L,L,L,E,V,L
12436,Pantera Negra 🐈‍⬛ ,L,V,V,E,L,L,E,L,L,L
12437,Pantera Negra 🐈‍⬛ ,L,V,V,E,L,L,E,L,E,L
12438,Pantera Negra 🐈‍⬛ ,L,V,V,E,L,L,E,L,V,L
12439,Pantera Negra 🐈‍⬛ ,L,V,V,E,L,L,E,E,L,L
12440,Pantera Negra 🐈‍⬛ ,L,V,V,E,L,L,E,E,E,L
12441,Pantera Negra 🐈‍⬛ ,L,V,V,E,L,L,E,E,V,L
12442,Pantera Negra 🐈‍⬛ ,L,V,V,E,L,L,V,L,L,L
12443,Pantera Negra 🐈‍⬛ ,L,V,V,E,L,L,V,L,E,L
12444,Pantera Negra 🐈‍⬛ ,L,V,V,E,L,L,V,L,V,L
12445,Pantera Negra 🐈‍⬛ ,L,V,V,E,L,L,V,E,L,L
12446,Pantera Negra 🐈‍⬛ ,L,V,V,E,L,L,V,E,E,L
12447,Pantera Negra 🐈‍⬛ ,L,V,V,E,L,L,V,E,V,L
12448,Pantera Negra 🐈‍⬛ ,L,V,V,E,E,L,L,L,L,L
12449,Pantera Negra 🐈‍⬛ ,L,V,V,E,E,L,L,L,E,L
12450,Pantera Negra 🐈‍⬛ ,L,V,V,E,E,L,L,L,V,L
12451,Pantera Negra 🐈‍⬛ ,L,V,V,E,E,L,L,E,L,L
12452,Pantera Negra 🐈‍⬛ ,L,V,V,E,E,L,L,E,E,L
12453,Pantera Negra 🐈‍⬛ ,L,V,V,E,E,L,L,E,V,L
12454,Pantera Negra 🐈‍⬛ ,L,V,V,E,E,L,E,L,L,L
12455,Pantera Negra 🐈‍⬛ ,L,V,V,E,E,L,E,L,E,L
12456,Pantera Negra 🐈‍⬛ ,L,V,V,E,E,L,E,L,V,L
12457,Pantera Negra 🐈‍⬛ ,L,V,V,E,E,L,E,E,L,L
12458,Pantera Negra 🐈‍⬛ ,L,V,V,E,E,L,E,E,E,L
12459,Pantera Negra 🐈‍⬛ ,L,V,V,E,E,L,E,E,V,L
12460,Pantera Negra 🐈‍⬛ ,L,V,V,E,E,L,V,L,L,L
12461,Pantera Negra 🐈‍⬛ ,L,V,V,E,E,L,V,L,E,L
12462,Pantera Negra 🐈‍⬛ ,L,V,V,E,E,L,V,L,V,L
12463,Pantera Negra 🐈‍⬛ ,L,V,V,E,E,L,V,E,L,L
12464,Pantera Negra 🐈‍⬛ ,L,V,V,E,E,L,V,E,E,L
12465,Pantera Negra 🐈‍⬛ ,L,V,V,E,E,L,V,E,V,L
12466,Pantera Negra 🐈‍⬛ ,L,V,V,V,L,L,L,L,L,L
12467,Pantera Negra 🐈‍⬛ ,L,V,V,V,L,L,L,L,E,L
12468,Pantera Negra 🐈‍⬛ ,L,V,V,V,L,L,L,L,V,L
12469,Pantera Negra 🐈‍⬛ ,L,V,V,V,L,L,L,E,L,L
12470,Pantera Negra 🐈‍⬛ ,L,V,V,V,L,L,L,E,E,L
12471,Pantera Negra 🐈‍⬛ ,L,V,V,V,L,L,L,E,V,L
12472,Pantera Negra 🐈‍⬛ ,L,V,V,V,L,L,E,L,L,L
12473,Pantera Negra 🐈‍⬛ ,L,V,V,V,L,L,E,L,E,L
12474,Pantera Negra 🐈‍⬛ ,L,V,V,V,L,L,E,L,V,L
12475,Pantera Negra 🐈‍⬛ ,L,V,V,V,L,L,E,E,L,L
12476,Pantera Negra 🐈‍⬛ ,L,V,V,V,L,L,E,E,E,L
12477,Pantera Negra 🐈‍⬛ ,L,V,V,V,L,L,E,E,V,L
12478,Pantera Negra 🐈‍⬛ ,L,V,V,V,L,L,V,L,L,L
12479,Pantera Negra 🐈‍⬛ ,L,V,V,V,L,L,V,L,E,L
12480,Pantera Negra 🐈‍⬛ ,L,V,V,V,L,L,V,L,V,L
12481,Pantera Negra 🐈‍⬛ ,L,V,V,V,L,L,V,E,L,L
12482,Pantera Negra 🐈‍⬛ ,L,V,V,V,L,L,V,E,E,L
12483,Pantera Negra 🐈‍⬛ ,L,V,V,V,L,L,V,E,V,L
12484,Pantera Negra 🐈‍⬛ ,L,V,V,V,E,L,L,L,L,L
12485,Pantera Negra 🐈‍⬛ ,L,V,V,V,E,L,L,L,E,L
12486,Pantera Negra 🐈‍⬛ ,L,V,V,V,E,L,L,L,V,L
12487,Pantera Negra 🐈‍⬛ ,L,V,V,V,E,L,L,E,L,L
12488,Pantera Negra 🐈‍⬛ ,L,V,V,V,E,L,L,E,E,L
12489,Pantera Negra 🐈‍⬛ ,L,V,V,V,E,L,L,E,V,L
12490,Pantera Negra 🐈‍⬛ ,L,V,V,V,E,L,E,L,L,L
12491,Pantera Negra 🐈‍⬛ ,L,V,V,V,E,L,E,L,E,L
12492,Pantera Negra 🐈‍⬛ ,L,V,V,V,E,L,E,L,V,L
12493,Pantera Negra 🐈‍⬛ ,L,V,V,V,E,L,E,E,L,L
12494,Pantera Negra 🐈‍⬛ ,L,V,V,V,E,L,E,E,E,L
12495,Pantera Negra 🐈‍⬛ ,L,V,V,V,E,L,E,E,V,L
12496,Pantera Negra 🐈‍⬛ ,L,V,V,V,E,L,V,L,L,L
12497,Pantera Negra 🐈‍⬛ ,L,V,V,V,E,L,V,L,E,L
12498,Pantera Negra 🐈‍⬛ ,L,V,V,V,E,L,V,L,V,L
12499,Pantera Negra 🐈‍⬛ ,L,V,V,V,E,L,V,E,L,L
12500,Pantera Negra 🐈‍⬛ ,L,V,V,V,E,L,V,E,E,L
12501,Pantera Negra 🐈‍⬛ ,L,V,V,V,E,L,V,E,V,L
12502,Papá Andrés,E,V,V,E,V,E,E,L,E,L
12503,Papá Andrés1,L,E,V,E,L,V,E,E,V,L
12504,Papá Andrés2,L,L,E,V,E,E,V,L,E,L
12505,Papá de los pollitos,L,V,V,L,L,L,L,L,L,V
12506,Papacito 1987,L,E,V,L,L,L,L,L,V,V
12507,Papacito 1987,L,L,V,L,L,E,L,V,V,L
12508,Papacito 1987,L,V,L,L,V,V,L,L,L,V
12509,Papacito 1987,L,V,V,L,L,L,L,V,V,L
12510,Papacito 1987,L,L,E,E,V,V,V,E,E,E
12511,Papacito 1987,E,E,L,L,E,E,E,L,L,L
12512,Papacito 1987,V,L,V,V,L,L,V,V,V,V
12513,Papacito 1987,L,V,L,L,V,V,L,E,E,E
12514,Papacito 1987,V,E,E,V,L,L,E,L,L,L
12515,Papacito 1987,E,V,V,L,L,L,L,L,V,V
12516,Papacito 1987,L,V,V,L,L,L,L,L,L,L
12517,Papirrín,L,V,V,L,L,L,L,L,L,V
12518,Papirrín,V,L,V,L,V,L,L,V,V,V
12519,Papirrín,L,E,E,E,L,V,L,E,L,V
12520,Papytas13pa la boda ,L,L,V,V,L,L,V,L,L,V
12521,Papytas13pa la boda ,L,L,V,E,L,L,V,L,L,V
12522,Papytas13pa la boda ,L,E,V,V,L,L,V,L,L,V
12523,Papytas13pa la boda ,L,E,V,E,L,L,V,L,L,V
12524,pardilloS 7 ,L,E,V,L,L,E,E,V,L,E
12525,pardilloS 7 ,L,E,E,L,L,E,E,V,L,E
12526,Parientitos CDMX 1,E,V,V,L,V,L,V,V,L,V
12527,Parientitos CDMX 2,L,E,L,E,V,E,L,V,V,L
12528,Pascual 19,L,E,V,L,L,V,L,L,V,L
12529,Pascual 19,L,V,V,E,E,E,L,L,V,L
12530,Paty arroyo,E,V,V,L,V,L,V,L,L,V
12531,Paulita Victor,L,L,E,L,V,E,V,L,E,V
12532,Paulita Victor,E,E,L,L,V,V,V,E,L,L
12533,Paulita Victor,E,L,L,L,V,V,V,E,L,L
12534,Paulita Victor,L,L,V,V,L,V,L,L,L,V
12535,Paulita Victor,L,L,V,V,L,V,V,L,L,V
12536,Pedro Andrade,L,V,V,L,L,L,V,V,V,V
12537,Pedro Andrade,V,V,V,L,V,L,L,V,V,L
12538,Pedro Andrade,L,L,V,V,L,L,V,L,V,E
12539,Pedro Andrade,V,L,V,L,V,L,V,L,L,L
12540,Pedro Andrade,L,E,V,E,V,L,V,E,V,V
12541,Pedro chavez.s,L,E,V,L,E,L,E,L,L,L
12542,Pedro chavez.s,L,L,E,L,L,L,E,L,E,L
12543,Pedro chavez.s,L,L,V,L,L,L,V,L,E,L
12544,Pedro chavez.s,L,L,E,E,E,L,V,L,E,E
12545,Pedro chavez.s,L,E,V,V,E,L,L,L,V,L
12546,Pedro Daniel Contrer,L,V,V,L,L,L,E,L,V,L
12547,Pedro Daniel Contrer,L,L,V,L,L,L,V,E,E,L
12548,Pedro Julian,E,E,V,V,L,L,V,L,L,L
12549,Pedro Julian,L,E,V,E,L,L,E,L,V,L
12550,Pedro Julian,L,V,V,L,L,L,L,L,E,L
12551,Pedro Julian,L,V,E,E,E,L,V,L,L,L
12552,Pedro Julian,E,L,L,V,E,E,E,V,E,L
12553,Pedro Julian,V,L,L,E,E,E,E,E,L,E
12554,Pedro Julian,L,V,L,L,E,E,E,E,E,L
12555,Pedro Julian,E,V,V,V,L,E,V,E,V,V
12556,Pedro Julian,E,L,E,V,L,L,L,V,V,E
12557,Pedro Julian,E,E,V,E,V,V,L,L,L,L
12558,Pedro Julian,L,V,V,L,L,L,V,E,V,E
12559,Pedro Julian,E,V,E,E,L,L,V,V,V,V
12560,Pedro Julian,L,L,V,V,V,L,L,L,V,L
12561,Pedro Julian,E,V,V,V,V,L,E,L,E,E
12562,Pedro Julian,V,L,L,V,V,E,E,L,L,L
12563,Pedro mendoza,V,L,V,L,L,V,L,V,L,E
12564,Pedro mendoza,V,L,L,E,E,L,L,V,V,L
12565,Pedro mendoza,L,V,E,V,V,E,V,E,L,V
12566,Pedro mendoza,E,V,V,L,L,V,E,L,E,L
12567,Pedro mendoza,L,V,E,E,V,L,V,L,V,E
12568,Pedro robles,L,E,V,E,L,L,V,E,E,L
12569,Pedro robles,L,L,V,L,L,L,E,L,V,L
12570,PEDRO ZÁRATE 1,V,V,V,L,V,V,V,L,V,L
12571,PEDRO ZÁRATE 2,L,L,L,L,L,L,V,L,L,V
12572,Pelle1001,L,L,V,E,L,L,V,L,V,V
12573,Pelle1001,L,L,V,V,L,L,E,L,V,V
12574,Pelle1001,L,L,V,V,L,L,V,L,L,V
12575,Pelle1001,L,V,V,L,L,L,V,L,E,L
12576,Pelle1001,E,V,V,L,L,E,V,L,E,E
12577,Pelle1001,E,V,V,L,L,E,L,E,V,V
12578,PELÓN GUILLEN,L,L,V,L,L,L,V,L,V,V
12579,PELÓN GUILLEN,L,V,V,V,V,V,V,L,L,L
12580,PELÓN GUILLEN,L,L,L,L,L,L,L,L,L,L
12581,PELÓN GUILLEN,L,V,V,V,L,V,L,L,V,L
12582,PELÓN GUILLEN,V,V,V,L,V,L,V,L,V,V
12583,Pelon sotol,L,V,V,L,E,L,V,L,L,E
12584,Pelon sotol,L,L,L,L,V,L,V,L,L,L
12585,Pelon sotol,L,L,V,L,V,V,V,L,L,L
12586,Pelon sotol,L,L,L,L,E,E,V,L,E,E
12587,Pelon sotol,V,V,V,L,E,L,V,L,E,V
12588,PELUCHIN AYALA ,L,E,L,L,L,L,L,L,L,L
12589,PELUCHIN AYALA ,L,E,L,L,L,L,L,L,V,L
12590,PELUCHIN AYALA ,L,E,L,L,L,L,L,E,L,L
12591,PELUCHIN AYALA ,L,E,L,L,L,L,L,E,V,L
12592,PELUCHIN AYALA ,L,E,L,L,L,E,L,L,L,L
12593,PELUCHIN AYALA ,L,E,L,L,L,E,L,L,V,L
12594,PELUCHIN AYALA ,L,E,L,L,L,E,L,E,L,L
12595,PELUCHIN AYALA ,L,E,L,L,L,E,L,E,V,L
12596,PELUCHIN AYALA ,L,E,L,E,L,L,L,L,L,L
12597,PELUCHIN AYALA ,L,E,L,E,L,L,L,L,V,L
12598,PELUCHIN AYALA ,L,E,L,E,L,L,L,E,L,L
12599,PELUCHIN AYALA ,L,E,L,E,L,L,L,E,V,L
12600,PELUCHIN AYALA ,L,E,L,E,L,E,L,L,L,L
12601,PELUCHIN AYALA ,L,E,L,E,L,E,L,L,V,L
12602,PELUCHIN AYALA ,L,E,L,E,L,E,L,E,L,L
12603,PELUCHIN AYALA ,L,E,L,E,L,E,L,E,V,L
12604,PELUCHIN AYALA ,L,E,V,L,L,L,L,L,L,L
12605,PELUCHIN AYALA ,L,E,V,L,L,L,L,L,V,L
12606,PELUCHIN AYALA ,L,E,V,L,L,L,L,E,L,L
12607,PELUCHIN AYALA ,L,E,V,L,L,L,L,E,V,L
12608,PELUCHIN AYALA ,L,E,V,L,L,E,L,L,L,L
12609,PELUCHIN AYALA ,L,E,V,L,L,E,L,L,V,L
12610,PELUCHIN AYALA ,L,E,V,L,L,E,L,E,L,L
12611,PELUCHIN AYALA ,L,E,V,L,L,E,L,E,V,L
12612,PELUCHIN AYALA ,L,E,V,E,L,L,L,L,L,L
12613,PELUCHIN AYALA ,L,E,V,E,L,L,L,L,V,L
12614,PELUCHIN AYALA ,L,E,V,E,L,L,L,E,L,L
12615,PELUCHIN AYALA ,L,E,V,E,L,L,L,E,V,L
12616,PELUCHIN AYALA ,L,E,V,E,L,E,L,L,L,L
12617,PELUCHIN AYALA ,L,E,V,E,L,E,L,L,V,L
12618,PELUCHIN AYALA ,L,E,V,E,L,E,L,E,L,L
12619,PELUCHIN AYALA ,L,E,V,E,L,E,L,E,V,L
12620,PELUCHIN AYALA 2 ,L,L,L,L,L,L,L,L,L,L
12621,PELUCHIN AYALA 2 ,L,L,L,L,L,L,L,L,V,L
12622,PELUCHIN AYALA 2 ,L,L,L,L,L,L,L,E,L,L
12623,PELUCHIN AYALA 2 ,L,L,L,L,L,L,L,E,V,L
12624,PELUCHIN AYALA 2 ,L,L,L,E,L,L,L,L,L,L
12625,PELUCHIN AYALA 2 ,L,L,L,E,L,L,L,L,V,L
12626,PELUCHIN AYALA 2 ,L,L,L,E,L,L,L,E,L,L
12627,PELUCHIN AYALA 2 ,L,L,L,E,L,L,L,E,V,L
12628,PELUCHIN AYALA 2 ,L,L,V,L,L,L,L,L,L,L
12629,PELUCHIN AYALA 2 ,L,L,V,L,L,L,L,L,V,L
12630,PELUCHIN AYALA 2 ,L,L,V,L,L,L,L,E,L,L
12631,PELUCHIN AYALA 2 ,L,L,V,L,L,L,L,E,V,L
12632,PELUCHIN AYALA 2 ,L,L,V,E,L,L,L,L,L,L
12633,PELUCHIN AYALA 2 ,L,L,V,E,L,L,L,L,V,L
12634,PELUCHIN AYALA 2 ,L,L,V,E,L,L,L,E,L,L
12635,PELUCHIN AYALA 2 ,L,L,V,E,L,L,L,E,V,L
12636,PELUCHIN AYALA 2 ,L,V,L,L,L,L,L,L,L,L
12637,PELUCHIN AYALA 2 ,L,V,L,L,L,L,L,L,V,L
12638,PELUCHIN AYALA 2 ,L,V,L,L,L,L,L,E,L,L
12639,PELUCHIN AYALA 2 ,L,V,L,L,L,L,L,E,V,L
12640,PELUCHIN AYALA 2 ,L,V,L,E,L,L,L,L,L,L
12641,PELUCHIN AYALA 2 ,L,V,L,E,L,L,L,L,V,L
12642,PELUCHIN AYALA 2 ,L,V,L,E,L,L,L,E,L,L
12643,PELUCHIN AYALA 2 ,L,V,L,E,L,L,L,E,V,L
12644,PELUCHIN AYALA 2 ,L,V,V,L,L,L,L,L,L,L
12645,PELUCHIN AYALA 2 ,L,V,V,L,L,L,L,L,V,L
12646,PELUCHIN AYALA 2 ,L,V,V,L,L,L,L,E,L,L
12647,PELUCHIN AYALA 2 ,L,V,V,L,L,L,L,E,V,L
12648,PELUCHIN AYALA 2 ,L,V,V,E,L,L,L,L,L,L
12649,PELUCHIN AYALA 2 ,L,V,V,E,L,L,L,L,V,L
12650,PELUCHIN AYALA 2 ,L,V,V,E,L,L,L,E,L,L
12651,PELUCHIN AYALA 2 ,L,V,V,E,L,L,L,E,V,L
12652,Peluza azul,L,L,L,L,L,L,V,L,L,L
12653,Peluza azul,V,V,V,V,V,V,V,L,L,L
12654,Peluza azul,L,E,L,V,V,V,V,L,L,L
12655,Peluza azul,E,E,V,V,L,L,V,L,L,L
12656,Pepe chuy mauricio,L,L,V,V,L,L,V,L,E,V
12657,Pepe chuy mauricio,L,V,V,V,L,L,L,V,L,V
12658,Pepe chuy mauricio,L,L,V,V,V,V,L,V,L,L
12659,Pepe chuy mauricio,V,V,V,L,L,L,V,L,V,L
12660,Pepe chuy mauricio,V,V,V,V,V,L,E,L,E,L
12661,Pepe chuy mauricio,L,E,V,V,L,E,L,E,V,L
12662,Pepe chuy mauricio,V,E,V,E,L,L,V,L,V,V
12663,Pepe López,L,L,V,L,L,L,E,L,V,L
12664,Pepe López,L,L,V,L,L,L,V,L,E,L
12665,Pepe López,L,V,V,L,L,L,L,L,L,L
12666,Pepe López,L,E,V,E,L,L,E,L,V,L
12667,Pepe López,E,E,V,V,L,L,V,E,L,L
12668,Pepe López,L,L,V,E,L,L,V,V,E,E
12669,Pepe López,L,V,V,L,L,E,L,L,L,L
12670,Pepe López,L,L,V,L,L,L,L,L,L,L
12671,Pepe López,L,E,V,L,L,L,E,E,E,L
12672,Pepe López,L,L,V,V,L,L,L,L,L,L
12673,PEPINO TPK,L,E,V,L,L,L,L,L,L,L
12674,PEPINO TPK,L,L,V,L,L,L,L,L,L,L
12675,PEPINO TPK,L,V,V,E,L,E,L,E,L,E
12676,PEPINO TPK,L,E,V,L,E,V,L,L,E,E
12677,PEPINO TPK,E,L,V,E,V,L,V,V,E,E
12678,Perra H,L,E,V,E,E,L,L,E,L,L
12679,Perra H,L,L,E,L,V,V,V,V,V,L
12680,Perra H,L,L,V,V,E,E,L,E,E,L
12681,Perra H,L,E,V,V,L,L,L,L,L,L
12682,Perra H,L,E,V,V,L,L,L,L,L,L
12683,Perrón J 88,L,V,V,E,L,L,V,V,L,L
12684,PET 3 DIAMANTES,L,E,V,E,L,L,V,E,L,L
12685,PET 3 DIAMANTES,L,L,E,L,E,L,L,L,E,L
12686,PET 3 DIAMANTES,E,V,L,V,E,L,V,E,L,E
12687,PET 3 DIAMANTES,L,V,V,L,L,E,V,L,E,L
12688,PET 3 DIAMANTES,E,L,V,L,E,L,E,V,L,E
12689,PET 3 DIAMANTES,E,L,V,E,L,V,L,L,V,L
12690,PET 3 DIAMANTES,L,E,V,E,V,L,V,E,L,L
12691,PET 3 DIAMANTES,V,L,V,E,L,V,V,L,V,L
12692,PET 755 101 90 33,L,V,V,E,L,L,V,E,V,E
12693,PET 755 101 90 33,L,L,V,V,V,V,L,L,E,E
12694,PET 755 101 90 33,L,E,V,V,L,L,E,L,V,E
12695,PET 755 101 90 33,L,L,V,L,L,L,E,L,L,E
12696,PET 755 106 84 39,L,E,V,V,L,L,E,L,V,E
12697,PET 755 106 84 39,L,V,V,E,L,L,E,L,V,E
12698,PET 755 106 84 39,L,E,V,E,L,L,E,L,V,E
12699,PET 755 106 84 39,L,V,V,V,L,L,E,L,E,E
12700,PET 755 139 74 23,L,V,V,V,L,E,E,L,L,L
12701,PET 755 139 74 23,L,V,V,V,L,L,E,E,L,L
12702,PET ALAN CAMPESINO,L,E,V,L,L,E,V,L,V,L
12703,PET BEIZA BEIZA,L,L,V,L,L,V,E,L,L,E
12704,PET BEIZA BEIZA,L,E,L,L,E,E,E,L,E,E
12705,PET BRITANY,L,V,V,L,L,L,E,L,L,V
12706,PET BRITANY,L,E,V,E,L,E,V,L,E,E
12707,PET BRITANY,L,V,V,L,L,L,L,L,V,L
12708,PET BRS,L,E,L,E,L,L,E,L,L,L
12709,PET BRS,L,L,V,L,L,E,L,E,L,L
12710,PET CANO,L,E,V,E,L,L,L,E,L,V
12711,PET CHEQUE,L,L,V,L,L,L,E,L,L,L
12712,PET CHEQUE,L,E,V,E,L,L,E,L,L,L
12713,PET CHEQUE,L,E,V,E,L,L,L,L,E,L
12714,PET CHINO GOOL,L,V,L,L,L,L,E,E,V,L
12715,PET CHINO GOOL,L,V,V,L,L,L,L,L,L,L
12716,PET CHINO GOOL,V,L,L,V,V,V,V,V,V,L
12717,PET CHINO GOOL,L,V,V,V,V,V,V,V,V,L
12718,PET CHINO GOOL,E,E,V,L,E,L,E,L,E,L
12719,PET CHINO GOOL,L,L,V,L,E,L,E,L,V,L
12720,PET CIRO CIRO,V,V,V,L,L,L,L,L,L,L
12721,PET CIRO CIRO,E,V,V,E,E,L,L,L,L,L
12722,PET CIRO CIRO,L,E,L,V,E,V,E,E,E,E
12723,PET CLUTCH,L,L,V,L,L,L,E,V,V,L
12724,PET CLUTCH,L,E,V,L,L,L,L,E,E,E
12725,PET COYOTE,V,V,V,V,L,E,L,E,E,L
12726,PET COYOTE,L,V,L,V,L,L,L,E,E,L
12727,PET COYOTE,L,L,E,E,L,E,L,E,E,L
12728,PET COYOTE,L,E,L,E,L,E,L,E,L,L
12729,PET CUAMONS,L,L,V,L,L,V,L,L,V,L
12730,PET CUAMONS,V,V,V,L,V,L,V,E,V,V
12731,PET CUAMONS,E,L,V,V,V,L,V,L,L,V
12732,PET CUAMONS,L,E,L,V,L,V,L,V,V,V
12733,PET CUATE MAGANDA,L,V,V,V,V,L,V,L,L,V
12734,PET CUATE MAGANDA,V,L,V,L,L,V,V,V,V,L
12735,PET CUATE MAGANDA,L,E,V,E,V,L,V,L,E,E
12736,PET CUATE MAGANDA,E,V,V,V,V,L,E,E,E,E
12737,PET DAVID DASA,L,E,V,E,E,V,L,E,E,V
12738,PET EL PORKI,V,L,E,V,L,V,E,V,L,L
12739,PET EL PORKI,L,V,V,L,V,L,V,L,V,V
12740,PET EL TIZON,L,E,V,L,L,E,V,L,L,L
12741,PET EL TIZON,L,V,V,L,L,V,L,L,V,L
12742,PET GALLETA,L,V,V,L,V,L,V,L,L,L
12743,PET GALLETA,L,L,V,L,L,L,L,L,L,L
12744,PET GALLETA,L,E,V,L,L,L,E,L,E,E
12745,PET GALLETA,L,E,V,L,E,L,E,L,L,L
12746,PET GALLETA,L,V,V,L,L,L,E,L,V,L
12747,PET HONDA POPOCA,E,E,V,L,L,V,L,L,V,L
12748,PET HONDA POPOCA,L,V,V,L,E,L,E,L,V,L
12749,PET HONDA POPOCA,L,V,V,L,V,E,L,V,V,L
12750,PET HONDA POPOCA,L,V,V,E,L,L,V,V,V,L
12751,PET HONMDA POPOCA,E,L,V,L,V,L,V,L,E,L
12752,PET J.A,V,E,V,L,L,L,E,L,E,L
12753,PET J.A,L,L,V,L,L,L,L,L,L,L
12754,PET J.A,L,E,V,E,L,E,E,E,E,L
12755,PET J.A,L,V,V,V,V,V,V,V,V,E
12756,PET J.A,E,L,V,L,L,L,E,E,V,V
12757,PET J.C.M,L,L,V,V,L,L,V,L,V,L
12758,PET J.C.M,L,L,V,V,L,E,L,L,V,V
12759,PET J.C.M,V,L,V,V,L,L,V,L,V,E
12760,PET J.C.M,E,L,V,V,E,E,V,L,V,E
12761,PET JAVIER RIOS,L,E,V,E,L,L,L,E,L,L
12762,PET JAVIER RIOS,L,L,V,V,E,E,E,L,V,L
12763,PET JAVIER RIOS,L,L,V,L,L,V,L,L,E,E
12764,PET JAVIER RIOS,L,V,V,V,L,L,E,E,E,V
12765,PET JAVIER RIOS,L,E,V,E,L,L,L,L,V,L
12766,PET JAVIER RIOS,L,L,V,V,V,L,V,V,E,L
12767,PET JAVIER RIOS,L,E,V,L,E,L,L,E,E,L
12768,PET LALITO V.,L,V,E,L,V,L,E,L,E,L
12769,PET LAMPARA,L,V,V,L,E,L,E,L,V,L
12770,PET LAMPARA,L,V,V,L,L,V,V,L,V,L
12771,PET LAMPARA,L,V,V,V,L,L,L,E,V,L
12772,PET LAMPARA,E,L,L,L,V,V,L,V,V,E
12773,PET LAMPARA,V,L,V,L,V,L,V,L,V,V
12774,PET LINO ALONZO,E,V,V,E,E,E,E,E,E,V
12775,PET LINO ALONZO,E,V,V,V,E,V,V,E,V,E
12776,PET LUISGON 1,L,L,V,L,L,L,L,L,L,L
12777,PET LUISGON 10,L,L,V,E,L,L,E,L,L,L
12778,PET LUISGON 11,L,E,V,E,L,E,E,L,E,L
12779,PET LUISGON 12,L,V,V,E,L,V,E,L,V,L
12780,PET LUISGON 2,L,E,V,L,L,E,L,L,L,L
12781,PET LUISGON 3,L,V,V,L,L,V,L,L,L,L
12782,PET LUISGON 4,L,L,V,L,L,E,L,L,L,L
12783,PET LUISGON 5,L,E,V,L,L,V,L,L,L,L
12784,PET LUISGON 6,L,V,V,L,L,L,L,L,L,L
12785,PET LUISGON 7,L,L,V,L,L,V,L,L,L,L
12786,PET LUISGON 8,L,E,V,L,L,L,L,L,L,L
12787,PET LUISGON 9,L,V,V,L,L,E,L,L,L,L
12788,PET MARIANA TACOS,L,V,V,L,L,L,L,L,E,L
12789,PET MARIANA TACOS,L,V,V,L,L,L,V,L,L,L
12790,PET MARIANA TACOS,L,E,V,E,L,L,E,L,E,L
12791,PET MARIANA TACOS,L,L,V,V,L,L,E,L,V,E
12792,PET MARIANA TACOS,L,V,V,E,L,L,L,L,E,V
12793,PET MARTIN SIERRA,L,L,V,V,E,L,V,L,L,E
12794,PET MARTIN SIERRA,L,L,V,V,V,L,V,L,L,E
12795,PET MAYLIN,L,E,V,L,V,L,V,L,V,L
12796,PET MAYLIN,L,V,V,L,V,V,V,E,V,V
12797,PET MCA,E,V,L,E,L,V,V,E,L,L
12798,PET MCA,L,L,V,L,L,V,V,L,V,L
12799,PET MIGUEL .V,L,E,V,L,L,L,E,L,V,L
12800,PET MONPER,E,E,V,L,E,E,E,E,E,V
12801,PET MONTAÑO,L,E,V,E,V,L,L,L,V,L
12802,PET MONTAÑO,L,L,V,E,L,E,L,E,L,L
12803,PET MONTAÑO,E,E,V,V,L,L,V,L,E,L
12804,PET MONTAÑO,E,E,V,V,L,E,V,L,E,L
12805,PET MONTAÑO,L,E,V,E,L,L,E,L,L,L
12806,PET MYBE,V,L,V,L,E,E,E,E,L,V
12807,PET MYBE,L,L,V,V,E,L,V,E,E,V
12808,PET NECHO 1,L,L,V,L,L,L,L,L,E,L
12809,PET NECHO 10,L,V,L,L,V,E,E,L,L,V
12810,PET NECHO 11,L,V,E,L,V,L,V,L,E,V
12811,PET NECHO 12,L,L,V,V,L,E,V,E,E,V
12812,PET NECHO 2,L,V,V,L,L,V,V,L,L,L
12813,PET NECHO 3,L,E,V,V,L,L,V,L,V,L
12814,PET NECHO 4,L,V,E,V,E,V,L,V,L,L
12815,PET NECHO 5,L,L,V,E,V,L,L,E,V,L
12816,PET NECHO 6,L,E,L,V,E,V,E,V,E,L
12817,PET NECHO 7,L,E,V,L,L,E,V,L,L,V
12818,PET NECHO 8,E,L,E,L,L,L,L,E,V,V
12819,PET NECHO 9,V,L,L,E,V,L,E,V,L,V
12820,PET OPTICA,L,E,V,L,E,E,V,L,L,L
12821,PET OPTICA,L,V,V,L,E,L,V,L,L,L
12822,PET OPTICA,E,V,V,V,E,E,E,L,E,L
12823,PET OPTICA,E,E,V,E,E,L,E,L,L,L
12824,PET ORI NAY,L,L,V,L,E,V,V,V,L,L
12825,PET ORI NAY,L,L,V,L,E,L,V,V,L,L
12826,PET PALOMO,L,V,L,V,L,L,V,L,V,L
12827,PET PALOMO,L,V,L,V,L,L,V,L,V,L
12828,PET PALOMO,L,E,V,L,V,V,L,L,L,L
12829,PET PALOMO,L,E,V,E,V,E,E,L,L,L
12830,PET PALOMO,L,L,V,L,V,V,L,L,L,L
12831,PET PANO,L,V,V,L,V,L,V,L,L,L
12832,PET PANO,L,V,V,L,V,E,E,L,E,L
12833,PET PATTY,L,E,V,L,E,L,V,E,L,L
12834,PET PESCADERIA YANI,L,E,V,L,L,L,E,E,E,V
12835,PET RAFAEL PEREGRINO,L,L,V,L,V,L,V,L,L,L
12836,PET RAFAEL PEREGRINO,L,V,V,V,L,L,V,L,L,V
12837,PET RAFAEL PEREGRINO,L,V,L,E,L,L,V,L,V,L
12838,PET RAFAEL PEREGRINO,L,V,L,V,L,L,V,L,L,V
12839,PET SOMOS NOSOTROS,L,L,V,L,E,E,V,L,V,L
12840,PET SOMOS NOSOTROS,L,L,V,L,E,V,V,L,V,L
12841,PET SOMOS NOSOTROS,L,V,V,L,E,E,V,L,V,L
12842,PET SOMOS NOSOTROS,L,V,V,L,E,V,V,L,V,L
12843,PET SOMOS NOSOTROS,E,L,V,L,E,E,V,L,V,L
12844,PET SOMOS NOSOTROS,E,L,V,L,E,V,V,L,V,L
12845,PET SOMOS NOSOTROS,E,V,V,L,E,E,V,L,V,L
12846,PET SOMOS NOSOTROS,E,V,V,L,E,V,V,L,V,L
12847,PET SRA FRUTAS,E,E,E,E,E,E,E,E,E,E
12848,PET SRA FRUTAS,L,E,V,L,E,L,V,L,L,E
12849,PET TOÑO GALLARDO,E,E,E,V,L,L,V,V,E,L
12850,PET TOÑO GALLARDO,L,L,V,V,E,L,E,E,E,E
12851,PET TOÑO GALLARDO,L,E,V,V,E,L,V,E,V,L
12852,PET VISCERA,L,L,V,L,V,L,L,L,V,L
12853,PET VISCERA,E,V,E,V,L,L,V,L,V,L
12854,PET ZAPATITO CAPAZ,L,L,V,E,V,L,V,E,V,V
12855,PET ZAPATITO CAPAZ,L,V,V,L,E,V,L,L,V,L
12856,PET ZAPATITO CAPAZ,L,V,E,L,V,E,V,L,L,E
12857,PET ZAPATITO CAPAZ,E,E,L,V,L,L,V,V,E,V
12858,PET ZAPATITO CAPAZ,V,E,L,V,L,L,V,V,E,L
12859,PET ZAPATITO CAPAZ,V,V,E,L,E,V,E,L,L,E
12860,Pichi flores,L,V,V,L,V,V,V,L,L,E
12861,Pichi flores,L,L,V,V,L,L,L,V,V,E
12862,Pichi flores,V,L,L,V,L,V,L,V,V,E
12863,Pichi flores,V,V,L,V,L,V,L,V,L,E
12864,Pichi flores,L,E,V,V,E,L,V,L,L,E
12865,Piedrisky,L,V,V,E,L,L,V,E,L,L
12866,Piedrisky,L,V,V,V,L,E,E,V,E,E
12867,pillazo,L,V,V,L,L,V,E,L,E,E
12868,pillazo,L,E,V,E,E,L,V,L,L,L
12869,pillazo,E,L,V,V,L,L,V,E,V,V
12870,Pirruleiro 28,L,V,V,V,L,L,V,L,E,L
12871,Pirruleiro 28,L,L,E,L,L,L,V,L,V,L
12872,Pirruleiro 28,L,V,V,L,V,L,V,L,L,V
12873,Pirruleiro 28,L,E,V,V,L,E,V,L,L,L
12874,Pirruleiro 28,L,E,V,L,L,L,V,E,V,L
12875,Pirruleiro 28,L,E,V,V,L,L,V,L,V,L
12876,Pirruleiro 28,L,V,V,L,L,L,L,L,V,L
12877,Pirruleiro 28,L,V,V,L,V,L,V,L,V,L
12878,Pirruleiro 28,L,V,V,L,E,L,E,L,E,L
12879,Pirruleiro 28,L,V,V,L,L,L,E,L,V,L
12880,Pirruleiro 28,L,V,V,E,L,L,L,L,E,L
12881,Pirruleiro 28,L,L,V,E,L,L,V,V,L,L
12882,Pirruleiro 28,L,V,V,V,L,E,V,L,L,L
12883,Pirruleiro 28,L,E,V,L,E,L,E,L,E,L
12884,Pirruleiro 28,L,L,V,L,L,L,E,L,E,L
12885,PLAFORAMA,L,L,V,L,L,L,L,L,E,L
12886,PLAFORAMA,L,E,V,E,E,L,L,E,L,E
12887,PLAFORAMA,L,L,E,L,L,E,E,L,L,L
12888,PLAFORAMA,L,V,L,V,L,L,L,L,V,V
12889,PLAFORAMA,L,E,V,L,L,L,E,L,E,L
12890,PLAFORAMA,L,E,V,L,L,L,E,L,L,V
12891,PLAFORAMA,L,E,V,L,L,E,L,L,E,E
12892,PLAFORAMA,L,L,E,E,L,L,L,E,E,V
12893,PLAFORAMA,L,L,V,E,E,L,E,L,L,L
12894,PLAFORAMA,E,V,V,L,L,L,L,E,L,V
12895,PLAFORAMA,L,E,V,L,L,L,L,L,L,L
12896,PLAFORAMA,L,V,V,L,L,L,L,L,L,L
12897,PLAFORAMA,L,E,V,L,V,L,L,L,E,L
12898,PLAFORAMA,L,L,V,E,L,L,L,L,L,L
12899,PLAFORAMA,L,L,V,E,E,L,E,L,L,L
12900,PLAFORAMA,L,V,V,V,L,V,V,L,V,L
12901,PLAFORAMA,L,L,V,V,L,L,L,V,L,V
12902,PLAFORAMA,L,E,V,V,L,V,V,E,L,V
12903,PLAFORAMA,L,L,V,E,V,L,V,L,E,L
12904,PLAFORAMA,L,L,V,V,E,L,L,L,V,E
12905,Playa linda 🙏 ,L,L,V,L,L,L,E,L,V,L
12906,Playa linda 🙏 ,L,L,V,L,L,L,E,E,V,L
12907,Playa linda 🙏 ,L,L,V,L,L,L,V,L,V,L
12908,Playa linda 🙏 ,L,L,V,L,L,L,V,E,V,L
12909,Playa linda 🙏 ,L,L,V,L,V,L,E,L,V,L
12910,Playa linda 🙏 ,L,L,V,L,V,L,E,E,V,L
12911,Playa linda 🙏 ,L,L,V,L,V,L,V,L,V,L
12912,Playa linda 🙏 ,L,L,V,L,V,L,V,E,V,L
12913,Playa linda 🙏 ,L,E,V,L,L,L,E,L,V,L
12914,Playa linda 🙏 ,L,E,V,L,L,L,E,E,V,L
12915,Playa linda 🙏 ,L,E,V,L,L,L,V,L,V,L
12916,Playa linda 🙏 ,L,E,V,L,L,L,V,E,V,L
12917,Playa linda 🙏 ,L,E,V,L,V,L,E,L,V,L
12918,Playa linda 🙏 ,L,E,V,L,V,L,E,E,V,L
12919,Playa linda 🙏 ,L,E,V,L,V,L,V,L,V,L
12920,Playa linda 🙏 ,L,E,V,L,V,L,V,E,V,L
12921,Pollero psv,E,L,E,V,L,L,L,L,E,L
12922,Pollero psv,L,V,V,V,L,E,L,L,V,L
12923,Pollito971308,L,L,V,V,L,L,L,L,V,L
12924,Pollito971308,L,V,V,L,L,L,L,L,V,V
12925,Pollo montes,L,V,V,E,L,L,L,L,V,L
12926,Pollo montes,L,V,V,L,L,L,V,L,E,L
12927,Pollo montes,L,E,V,L,L,L,L,L,L,L
12928,Pollo montes,L,L,L,L,L,L,L,L,E,E
12929,Pollo montes,L,E,L,E,L,E,L,E,L,E
12930,Pollo montes,E,L,E,L,E,L,E,L,E,L
12931,Pollo montes,V,V,V,E,V,L,V,L,E,E
12932,Polopolooo,L,V,L,V,L,V,V,E,V,E
12933,Polopolooo,L,E,V,L,L,L,V,L,L,E
12934,Polopolooo,E,E,L,V,V,E,E,L,V,L
12935,Ponchito Alonso,L,E,V,L,L,L,E,L,L,L
12936,Ponchito Alonso,L,V,V,E,L,E,L,L,L,V
12937,ponperjes,V,V,V,E,V,E,E,V,E,L
12938,ponperjes,L,E,L,V,E,L,L,L,V,L
12939,ponperjes,E,E,E,E,L,L,V,V,L,L
12940,ponperjes ,V,V,V,V,V,V,V,V,V,V
12941,ponperjes ,V,V,V,V,L,V,V,V,V,V
12942,ponperjes ,V,V,V,L,V,V,V,V,V,V
12943,ponperjes ,V,V,V,L,L,V,V,V,V,V
12944,ponperjes ,V,V,L,V,V,V,V,V,V,V
12945,ponperjes ,V,V,L,V,L,V,V,V,V,V
12946,ponperjes ,V,V,L,L,V,V,V,V,V,V
12947,ponperjes ,V,V,L,L,L,V,V,V,V,V
12948,ponperjes ,V,L,V,V,V,V,V,V,V,V
12949,ponperjes ,V,L,V,V,L,V,V,V,V,V
12950,ponperjes ,V,L,V,L,V,V,V,V,V,V
12951,ponperjes ,V,L,V,L,L,V,V,V,V,V
12952,ponperjes ,V,L,L,V,V,V,V,V,V,V
12953,ponperjes ,V,L,L,V,L,V,V,V,V,V
12954,ponperjes ,V,L,L,L,V,V,V,V,V,V
12955,ponperjes ,V,L,L,L,L,V,V,V,V,V
12956,ponperjes ,L,V,V,V,V,V,V,V,V,V
12957,ponperjes ,L,V,V,V,L,V,V,V,V,V
12958,ponperjes ,L,V,V,L,V,V,V,V,V,V
12959,ponperjes ,L,V,V,L,L,V,V,V,V,V
12960,ponperjes ,L,V,L,V,V,V,V,V,V,V
12961,ponperjes ,L,V,L,V,L,V,V,V,V,V
12962,ponperjes ,L,V,L,L,V,V,V,V,V,V
12963,ponperjes ,L,V,L,L,L,V,V,V,V,V
12964,ponperjes ,L,L,V,V,V,V,V,V,V,V
12965,ponperjes ,L,L,V,V,L,V,V,V,V,V
12966,ponperjes ,L,L,V,L,V,V,V,V,V,V
12967,ponperjes ,L,L,V,L,L,V,V,V,V,V
12968,ponperjes ,L,L,L,V,V,V,V,V,V,V
12969,ponperjes ,L,L,L,V,L,V,V,V,V,V
12970,ponperjes ,L,L,L,L,V,V,V,V,V,V
12971,ponperjes ,L,L,L,L,L,V,V,V,V,V
12972,Pony gill,L,V,V,L,L,V,L,L,V,L
12973,Pony gill,L,E,V,L,L,V,V,L,V,L
12974,Pony12,E,E,V,V,E,V,L,V,L,L
12975,Pony12,L,V,V,L,V,L,L,V,L,L
12976,Pony12,L,V,V,L,V,L,L,E,E,L
12977,Pony12,L,L,E,E,L,E,E,L,V,L
12978,POPE88,L,L,V,E,L,E,L,L,L,L
12979,POPE88,L,V,V,L,L,L,V,L,V,V
12980,POPE88,L,V,V,L,L,L,L,L,L,L
12981,POPE88,L,E,V,V,L,L,E,L,L,L
12982,POPE88,L,L,V,L,L,L,L,L,L,L
12983,POPE88,L,E,V,E,L,E,E,L,E,L
12984,POPE88,L,L,V,V,L,L,V,V,V,L
12985,Popeye,E,E,E,V,L,E,L,L,E,E
12986,POR LA FAMILIA,L,E,L,L,E,L,V,L,E,L
12987,POR LA FAMILIA,L,V,L,L,L,E,E,V,L,E
12988,Poyo tpk,L,V,V,L,L,L,V,V,V,L
12989,Poyo tpk,L,E,V,E,L,L,L,L,L,L
12990,Poyo tpk,E,V,V,V,L,L,E,E,V,L
12991,Poyo tpk,E,V,L,V,E,V,V,L,V,V
12992,Poyo tpk,L,L,V,L,L,L,L,L,L,L
12993,Prado33,L,L,V,L,L,L,V,L,L,E
12994,Prado33,L,L,V,L,E,L,L,L,V,L
12995,Prado33,L,V,V,L,L,L,V,L,L,V
12996,Primo,V,E,V,L,L,E,E,V,E,L
12997,Primo,L,E,V,E,L,E,V,L,L,L
12998,Primo 1,L,L,V,V,L,L,E,V,V,V
12999,Progoleros Puebla,E,L,V,E,E,L,L,L,L,L
13000,Progoleros Puebla,E,L,V,E,E,L,E,L,L,L
13001,Progoleros Puebla,E,L,V,E,E,L,E,E,L,L
13002,Progoleros Puebla,E,L,V,E,E,L,E,E,E,L
13003,Progoleros Puebla,E,L,V,E,E,L,E,E,V,L
13004,Progoleros Puebla,E,L,V,E,E,L,E,L,E,L
13005,Progoleros Puebla,E,L,V,E,E,L,E,L,V,L
13006,Progoleros Puebla,E,L,V,E,E,L,V,L,L,L
13007,Progoleros Puebla,E,L,V,E,E,L,V,E,L,L
13008,Progoleros Puebla,E,L,V,E,E,L,V,E,E,L
13009,Progoleros Puebla,E,L,V,E,E,L,V,E,V,L
13010,Progoleros Puebla,E,L,V,E,E,L,V,L,E,L
13011,Progoleros Puebla,E,L,V,E,E,L,V,L,V,L
13012,Progoleros Puebla,E,L,V,E,E,L,L,E,L,L
13013,Progoleros Puebla,E,L,V,E,E,L,L,E,E,L
13014,Progoleros Puebla,E,L,V,E,E,L,L,E,V,L
13015,Progoleros Puebla,E,L,V,E,E,L,L,L,E,L
13016,Progoleros Puebla,E,L,V,E,E,L,L,L,V,L
13017,Progoleros Puebla,E,L,V,L,E,L,L,L,L,L
13018,Progoleros Puebla,E,L,V,L,E,L,E,L,L,L
13019,Progoleros Puebla,E,L,V,L,E,L,E,E,L,L
13020,Progoleros Puebla,E,L,V,L,E,L,E,E,E,L
13021,Progoleros Puebla,E,L,V,L,E,L,E,E,V,L
13022,Progoleros Puebla,E,L,V,L,E,L,E,L,E,L
13023,Progoleros Puebla,E,L,V,L,E,L,E,L,V,L
13024,Progoleros Puebla,E,L,V,L,E,L,V,L,L,L
13025,Progoleros Puebla,E,L,V,L,E,L,V,E,L,L
13026,Progoleros Puebla,E,L,V,L,E,L,V,E,E,L
13027,Progoleros Puebla,E,L,V,L,E,L,V,E,V,L
13028,Progoleros Puebla,E,L,V,L,E,L,V,L,E,L
13029,Progoleros Puebla,E,L,V,L,E,L,V,L,V,L
13030,Progoleros Puebla,E,L,V,L,E,L,L,E,L,L
13031,Progoleros Puebla,E,L,V,L,E,L,L,E,E,L
13032,Progoleros Puebla,E,L,V,L,E,L,L,E,V,L
13033,Progoleros Puebla,E,L,V,L,E,L,L,L,E,L
13034,Progoleros Puebla,E,L,V,L,E,L,L,L,V,L
13035,Progoleros Puebla,E,L,V,L,L,L,L,L,L,L
13036,Progoleros Puebla,E,L,V,E,L,L,L,L,L,L
13037,Progoleros Puebla,E,L,V,E,L,L,E,L,L,L
13038,Progoleros Puebla,E,L,V,E,L,L,E,E,L,L
13039,Progoleros Puebla,E,L,V,E,L,L,E,E,E,L
13040,Progoleros Puebla,E,L,V,E,L,L,E,E,V,L
13041,Progoleros Puebla,E,L,V,E,L,L,E,L,E,L
13042,Progoleros Puebla,E,L,V,E,L,L,E,L,V,L
13043,Progoleros Puebla,E,L,V,E,L,L,V,L,L,L
13044,Progoleros Puebla,E,L,V,E,L,L,V,E,L,L
13045,Progoleros Puebla,E,L,V,E,L,L,V,E,E,L
13046,Progoleros Puebla,E,L,V,E,L,L,V,E,V,L
13047,Progoleros Puebla,E,L,V,E,L,L,V,L,E,L
13048,Progoleros Puebla,E,L,V,E,L,L,V,L,V,L
13049,Progoleros Puebla,E,L,V,E,L,L,L,E,L,L
13050,Progoleros Puebla,E,L,V,E,L,L,L,E,E,L
13051,Progoleros Puebla,E,L,V,E,L,L,L,E,V,L
13052,Progoleros Puebla,E,L,V,E,L,L,L,L,E,L
13053,Progoleros Puebla,E,L,V,E,L,L,L,L,V,L
13054,Progoleros Puebla,E,L,V,L,L,L,E,L,L,L
13055,Progoleros Puebla,E,L,V,L,L,L,E,E,L,L
13056,Progoleros Puebla,E,L,V,L,L,L,E,E,E,L
13057,Progoleros Puebla,E,L,V,L,L,L,E,E,V,L
13058,Progoleros Puebla,E,L,V,L,L,L,E,L,E,L
13059,Progoleros Puebla,E,L,V,L,L,L,E,L,V,L
13060,Progoleros Puebla,E,L,V,L,L,L,V,L,L,L
13061,Progoleros Puebla,E,L,V,L,L,L,V,E,L,L
13062,Progoleros Puebla,E,L,V,L,L,L,V,E,E,L
13063,Progoleros Puebla,E,L,V,L,L,L,V,E,V,L
13064,Progoleros Puebla,E,L,V,L,L,L,V,L,E,L
13065,Progoleros Puebla,E,L,V,L,L,L,V,L,V,L
13066,Progoleros Puebla,E,L,V,L,L,L,L,E,L,L
13067,Progoleros Puebla,E,L,V,L,L,L,L,E,E,L
13068,Progoleros Puebla,E,L,V,L,L,L,L,E,V,L
13069,Progoleros Puebla,E,L,V,L,L,L,L,L,E,L
13070,Progoleros Puebla,E,L,V,L,L,L,L,L,V,L
13071,Progoleros Puebla,E,V,V,E,E,L,L,L,L,L
13072,Progoleros Puebla,E,V,V,E,E,L,E,L,L,L
13073,Progoleros Puebla,E,V,V,E,E,L,E,E,L,L
13074,Progoleros Puebla,E,V,V,E,E,L,E,E,E,L
13075,Progoleros Puebla,E,V,V,E,E,L,E,E,V,L
13076,Progoleros Puebla,E,V,V,E,E,L,E,L,E,L
13077,Progoleros Puebla,E,V,V,E,E,L,E,L,V,L
13078,Progoleros Puebla,E,V,V,E,E,L,V,L,L,L
13079,Progoleros Puebla,E,V,V,E,E,L,V,E,L,L
13080,Progoleros Puebla,E,V,V,E,E,L,V,E,E,L
13081,Progoleros Puebla,E,V,V,E,E,L,V,E,V,L
13082,Progoleros Puebla,E,V,V,E,E,L,V,L,E,L
13083,Progoleros Puebla,E,V,V,E,E,L,V,L,V,L
13084,Progoleros Puebla,E,V,V,E,E,L,L,E,L,L
13085,Progoleros Puebla,E,V,V,E,E,L,L,E,E,L
13086,Progoleros Puebla,E,V,V,E,E,L,L,E,V,L
13087,Progoleros Puebla,E,V,V,E,E,L,L,L,E,L
13088,Progoleros Puebla,E,V,V,E,E,L,L,L,V,L
13089,Progoleros Puebla,E,V,V,L,E,L,L,L,L,L
13090,Progoleros Puebla,E,V,V,L,E,L,E,L,L,L
13091,Progoleros Puebla,E,V,V,L,E,L,E,E,L,L
13092,Progoleros Puebla,E,V,V,L,E,L,E,E,E,L
13093,Progoleros Puebla,E,V,V,L,E,L,E,E,V,L
13094,Progoleros Puebla,E,V,V,L,E,L,E,L,E,L
13095,Progoleros Puebla,E,V,V,L,E,L,E,L,V,L
13096,Progoleros Puebla,E,V,V,L,E,L,V,L,L,L
13097,Progoleros Puebla,E,V,V,L,E,L,V,E,L,L
13098,Progoleros Puebla,E,V,V,L,E,L,V,E,E,L
13099,Progoleros Puebla,E,V,V,L,E,L,V,E,V,L
13100,Progoleros Puebla,E,V,V,L,E,L,V,L,E,L
13101,Progoleros Puebla,E,V,V,L,E,L,V,L,V,L
13102,Progoleros Puebla,E,V,V,L,E,L,L,E,L,L
13103,Progoleros Puebla,E,V,V,L,E,L,L,E,E,L
13104,Progoleros Puebla,E,V,V,L,E,L,L,E,V,L
13105,Progoleros Puebla,E,V,V,L,E,L,L,L,E,L
13106,Progoleros Puebla,E,V,V,L,E,L,L,L,V,L
13107,Progoleros Puebla,E,V,V,L,L,L,L,L,L,L
13108,Progoleros Puebla,E,V,V,E,L,L,L,L,L,L
13109,Progoleros Puebla,E,V,V,E,L,L,E,L,L,L
13110,Progoleros Puebla,E,V,V,E,L,L,E,E,L,L
13111,Progoleros Puebla,E,V,V,E,L,L,E,E,E,L
13112,Progoleros Puebla,E,V,V,E,L,L,E,E,V,L
13113,Progoleros Puebla,E,V,V,E,L,L,E,L,E,L
13114,Progoleros Puebla,E,V,V,E,L,L,E,L,V,L
13115,Progoleros Puebla,E,V,V,E,L,L,V,L,L,L
13116,Progoleros Puebla,E,V,V,E,L,L,V,E,L,L
13117,Progoleros Puebla,E,V,V,E,L,L,V,E,E,L
13118,Progoleros Puebla,E,V,V,E,L,L,V,E,V,L
13119,Progoleros Puebla,E,V,V,E,L,L,V,L,E,L
13120,Progoleros Puebla,E,V,V,E,L,L,V,L,V,L
13121,Progoleros Puebla,E,V,V,E,L,L,L,E,L,L
13122,Progoleros Puebla,E,V,V,E,L,L,L,E,E,L
13123,Progoleros Puebla,E,V,V,E,L,L,L,E,V,L
13124,Progoleros Puebla,E,V,V,E,L,L,L,L,E,L
13125,Progoleros Puebla,E,V,V,E,L,L,L,L,V,L
13126,Progoleros Puebla,E,V,V,L,L,L,E,L,L,L
13127,Progoleros Puebla,E,V,V,L,L,L,E,E,L,L
13128,Progoleros Puebla,E,V,V,L,L,L,E,E,E,L
13129,Progoleros Puebla,E,V,V,L,L,L,E,E,V,L
13130,Progoleros Puebla,E,V,V,L,L,L,E,L,E,L
13131,Progoleros Puebla,E,V,V,L,L,L,E,L,V,L
13132,Progoleros Puebla,E,V,V,L,L,L,V,L,L,L
13133,Progoleros Puebla,E,V,V,L,L,L,V,E,L,L
13134,Progoleros Puebla,E,V,V,L,L,L,V,E,E,L
13135,Progoleros Puebla,E,V,V,L,L,L,V,E,V,L
13136,Progoleros Puebla,E,V,V,L,L,L,V,L,E,L
13137,Progoleros Puebla,E,V,V,L,L,L,V,L,V,L
13138,Progoleros Puebla,E,V,V,L,L,L,L,E,L,L
13139,Progoleros Puebla,E,V,V,L,L,L,L,E,E,L
13140,Progoleros Puebla,E,V,V,L,L,L,L,E,V,L
13141,Progoleros Puebla,E,V,V,L,L,L,L,L,E,L
13142,Progoleros Puebla,E,V,V,L,L,L,L,L,V,L
13143,PSG Candy,L,L,V,E,L,E,L,V,L,E
13144,PSG Chema fresas🍓,L,V,V,V,L,L,V,L,V,L
13145,PSG Chema fresas🍓,E,V,V,E,E,L,V,E,E,L
13146,PSG chisco,L,L,V,L,L,L,V,L,L,L
13147,PSG Cris,L,V,V,L,L,E,V,E,L,L
13148,PSG CUNDO 1,L,V,V,L,L,L,L,L,L,L
13149,PSG CUNDO 2,L,V,V,L,L,L,E,L,L,L
13150,PSG CUNDO 3,L,V,V,E,L,L,E,L,L,L
13151,PSG Emily,L,V,V,V,V,E,E,V,V,V
13152,PSG FARRUKO ,L,V,V,V,L,L,L,L,E,L
13153,PSG FARRUKO ,L,V,V,V,L,L,L,L,L,L
13154,PSG FARRUKO ,L,V,V,V,L,L,E,L,E,L
13155,PSG FARRUKO ,L,V,V,V,L,L,E,L,L,L
13156,PSG FARRUKO ,L,V,V,V,L,L,V,L,E,L
13157,PSG FARRUKO ,L,V,V,V,L,L,V,L,L,L
13158,PSG FARRUKO ,L,E,V,V,L,L,L,L,E,L
13159,PSG FARRUKO ,L,E,V,V,L,L,L,L,L,L
13160,PSG FARRUKO ,L,E,V,V,L,L,E,L,E,L
13161,PSG FARRUKO ,L,E,V,V,L,L,E,L,L,L
13162,PSG FARRUKO ,L,E,V,V,L,L,V,L,E,L
13163,PSG FARRUKO ,L,E,V,V,L,L,V,L,L,L
13164,PSG FARRUKO ,L,V,V,V,L,L,L,L,L,L
13165,PSG FARRUKO ,L,V,V,V,L,L,L,L,E,L
13166,PSG FARRUKO ,L,V,V,V,L,L,E,L,L,L
13167,PSG FARRUKO ,L,V,V,V,L,L,E,L,E,L
13168,PSG FARRUKO ,L,V,V,V,E,L,L,L,L,L
13169,PSG FARRUKO ,L,V,V,V,E,L,L,L,E,L
13170,PSG FARRUKO ,L,V,V,V,E,L,E,L,L,L
13171,PSG FARRUKO ,L,V,V,V,E,L,E,L,E,L
13172,PSG FARRUKO ,L,L,V,V,L,L,L,L,L,L
13173,PSG FARRUKO ,L,L,V,V,L,L,L,L,E,L
13174,PSG FARRUKO ,L,L,V,V,L,L,E,L,L,L
13175,PSG FARRUKO ,L,L,V,V,L,L,E,L,E,L
13176,PSG FARRUKO ,L,L,V,V,E,L,L,L,L,L
13177,PSG FARRUKO ,L,L,V,V,E,L,L,L,E,L
13178,PSG FARRUKO ,L,L,V,V,E,L,E,L,L,L
13179,PSG FARRUKO ,L,L,V,V,E,L,E,L,E,L
13180,PSG Fernando,L,L,V,V,E,L,E,L,L,V
13181,PSG Fernando ,L,E,V,E,L,L,L,L,L,L
13182,PSG Fernando ,L,E,V,L,L,L,L,L,L,L
13183,PSG Fernando ,L,V,V,E,L,L,L,L,L,L
13184,PSG Fernando ,L,V,V,L,L,L,L,L,L,L
13185,PSG margarita 1,L,E,V,L,L,L,L,L,L,L
13186,PSG margarita 2,E,L,V,E,L,E,L,L,E,L
13187,PSG margarita 3,L,V,V,L,E,L,L,E,L,E
13188,PSG margarita 4,L,V,E,L,E,L,E,L,L,L
13189,PSG margarita 5,L,E,L,V,V,V,L,L,V,L
13190,PSG morrilla,L,V,V,E,E,V,V,L,L,V
13191,PSG Pegueros ,L,V,E,L,E,L,L,L,L,L
13192,PSG Pegueros ,L,V,E,L,E,L,L,L,E,L
13193,PSG Pegueros ,L,V,E,L,L,L,L,L,L,L
13194,PSG Pegueros ,L,V,E,L,L,L,L,L,E,L
13195,PSG Pegueros ,L,V,E,E,E,L,L,L,L,L
13196,PSG Pegueros ,L,V,E,E,E,L,L,L,E,L
13197,PSG Pegueros ,L,V,E,E,L,L,L,L,L,L
13198,PSG Pegueros ,L,V,E,E,L,L,L,L,E,L
13199,PSG Pegueros ,L,V,V,L,E,L,L,L,L,L
13200,PSG Pegueros ,L,V,V,L,E,L,L,L,E,L
13201,PSG Pegueros ,L,V,V,L,L,L,L,L,L,L
13202,PSG Pegueros ,L,V,V,L,L,L,L,L,E,L
13203,PSG Pegueros ,L,V,V,E,E,L,L,L,L,L
13204,PSG Pegueros ,L,V,V,E,E,L,L,L,E,L
13205,PSG Pegueros ,L,V,V,E,L,L,L,L,L,L
13206,PSG Pegueros ,L,V,V,E,L,L,L,L,E,L
13207,PSG Pegueros ,L,L,E,L,E,L,L,L,L,L
13208,PSG Pegueros ,L,L,E,L,E,L,L,L,E,L
13209,PSG Pegueros ,L,L,E,L,L,L,L,L,L,L
13210,PSG Pegueros ,L,L,E,L,L,L,L,L,E,L
13211,PSG Pegueros ,L,L,E,E,E,L,L,L,L,L
13212,PSG Pegueros ,L,L,E,E,E,L,L,L,E,L
13213,PSG Pegueros ,L,L,E,E,L,L,L,L,L,L
13214,PSG Pegueros ,L,L,E,E,L,L,L,L,E,L
13215,PSG Pegueros ,L,L,V,L,E,L,L,L,L,L
13216,PSG Pegueros ,L,L,V,L,E,L,L,L,E,L
13217,PSG Pegueros ,L,L,V,L,L,L,L,L,L,L
13218,PSG Pegueros ,L,L,V,L,L,L,L,L,E,L
13219,PSG Pegueros ,L,L,V,E,E,L,L,L,L,L
13220,PSG Pegueros ,L,L,V,E,E,L,L,L,E,L
13221,PSG Pegueros ,L,L,V,E,L,L,L,L,L,L
13222,PSG Pegueros ,L,L,V,E,L,L,L,L,E,L
13223,PSG Pegueros ,L,E,E,L,E,L,L,L,L,L
13224,PSG Pegueros ,L,E,E,L,E,L,L,L,E,L
13225,PSG Pegueros ,L,E,E,L,L,L,L,L,L,L
13226,PSG Pegueros ,L,E,E,L,L,L,L,L,E,L
13227,PSG Pegueros ,L,E,E,E,E,L,L,L,L,L
13228,PSG Pegueros ,L,E,E,E,E,L,L,L,E,L
13229,PSG Pegueros ,L,E,E,E,L,L,L,L,L,L
13230,PSG Pegueros ,L,E,E,E,L,L,L,L,E,L
13231,PSG Pegueros ,L,E,V,L,E,L,L,L,L,L
13232,PSG Pegueros ,L,E,V,L,E,L,L,L,E,L
13233,PSG Pegueros ,L,E,V,L,L,L,L,L,L,L
13234,PSG Pegueros ,L,E,V,L,L,L,L,L,E,L
13235,PSG Pegueros ,L,E,V,E,E,L,L,L,L,L
13236,PSG Pegueros ,L,E,V,E,E,L,L,L,E,L
13237,PSG Pegueros ,L,E,V,E,L,L,L,L,L,L
13238,PSG Pegueros ,L,E,V,E,L,L,L,L,E,L
13239,PSG Salber,L,V,V,L,E,L,E,E,E,L
13240,PSG Tepa ,L,E,V,V,L,E,L,E,L,L
13241,PSG Tepa ,L,E,V,V,L,E,V,E,L,L
13242,PSG Tepa ,L,E,V,L,L,E,L,E,L,L
13243,PSG Tepa ,L,E,V,L,L,E,V,E,L,L
13244,PSG Tepa ,L,V,V,V,L,E,L,E,L,L
13245,PSG Tepa ,L,V,V,V,L,E,V,E,L,L
13246,PSG Tepa ,L,V,V,L,L,E,L,E,L,L
13247,PSG Tepa ,L,V,V,L,L,E,V,E,L,L
13248,PSG Vivianco,L,L,V,E,L,L,E,L,L,L
13249,Psv Hilario,L,V,V,L,L,L,V,L,V,V
13250,Psv Hilario,E,E,L,V,L,E,L,E,V,L
13251,Puateco,L,E,V,E,L,L,E,L,E,E
13252,Puateco ,L,E,V,L,L,L,L,L,L,E
13253,Puateco ,L,E,V,L,L,L,L,L,E,E
13254,Puateco ,L,L,V,L,L,L,L,L,L,E
13255,Puateco ,L,L,V,L,L,L,L,L,E,E
13256,Quique 2,L,L,V,L,L,E,L,L,V,L
13257,Quique 2,L,E,V,V,L,L,V,L,V,L
13258,Quique 2,L,L,V,V,L,L,V,L,V,L
13259,Quique 2,L,L,E,E,L,L,V,V,V,L
13260,Quique 2,E,E,E,V,L,L,L,L,V,E
13261,Quique 2,E,V,V,E,L,L,V,L,V,L
13262,Quique 2,V,L,L,L,V,L,V,L,V,L
13263,Quique 2,L,L,V,V,L,L,L,E,E,L
13264,Quique 2,L,L,V,V,L,L,E,E,V,L
13265,Quique 2,L,E,V,E,E,L,E,L,V,E
13266,R F A LERDO 1,L,L,V,V,L,L,L,V,L,L
13267,R F A LERDO 2,L,E,V,V,E,V,E,L,E,L
13268,R.o.g.,L,E,V,E,L,E,E,L,E,L
13269,R.o.g.,L,V,V,L,E,V,V,V,V,E
13270,R.o.g.,E,L,V,V,E,L,L,L,L,L
13271,R.o.g.,L,V,E,E,L,L,V,V,E,L
13272,R.o.g.,L,E,V,E,V,L,V,L,E,V
13273,Rachel y Liah ,L,L,V,V,L,V,V,L,L,L
13274,Rachel y Liah ,L,L,V,V,L,V,V,L,E,L
13275,Rachel y Liah ,L,L,V,V,L,V,V,L,V,L
13276,Rachel y Liah ,L,L,V,V,L,V,V,E,L,L
13277,Rachel y Liah ,L,L,V,V,L,V,V,E,E,L
13278,Rachel y Liah ,L,L,V,V,L,V,V,E,V,L
13279,Rachel y Liah ,L,L,V,V,L,V,V,V,L,L
13280,Rachel y Liah ,L,L,V,V,L,V,V,V,E,L
13281,Rachel y Liah ,L,L,V,V,L,V,V,V,V,L
13282,Rachel y Liah ,L,L,V,V,L,V,E,L,L,L
13283,Rachel y Liah ,L,L,V,V,L,V,E,L,E,L
13284,Rachel y Liah ,L,L,V,V,L,V,E,L,V,L
13285,Rachel y Liah ,L,L,V,V,L,V,E,E,L,L
13286,Rachel y Liah ,L,L,V,V,L,V,E,E,E,L
13287,Rachel y Liah ,L,L,V,V,L,V,E,E,V,L
13288,Rachel y Liah ,L,L,V,V,L,V,E,V,L,L
13289,Rachel y Liah ,L,L,V,V,L,V,E,V,E,L
13290,Rachel y Liah ,L,L,V,V,L,V,E,V,V,L
13291,Rachel y Liah ,L,L,V,V,L,V,L,L,L,L
13292,Rachel y Liah ,L,L,V,V,L,V,L,L,E,L
13293,Rachel y Liah ,L,L,V,V,L,V,L,L,V,L
13294,Rachel y Liah ,L,L,V,V,L,V,L,E,L,L
13295,Rachel y Liah ,L,L,V,V,L,V,L,E,E,L
13296,Rachel y Liah ,L,L,V,V,L,V,L,E,V,L
13297,Rachel y Liah ,L,L,V,V,L,V,L,V,L,L
13298,Rachel y Liah ,L,L,V,V,L,V,L,V,E,L
13299,Rachel y Liah ,L,L,V,V,L,V,L,V,V,L
13300,Rachel y Liah ,L,L,V,V,L,E,V,L,L,L
13301,Rachel y Liah ,L,L,V,V,L,E,V,L,E,L
13302,Rachel y Liah ,L,L,V,V,L,E,V,L,V,L
13303,Rachel y Liah ,L,L,V,V,L,E,V,E,L,L
13304,Rachel y Liah ,L,L,V,V,L,E,V,E,E,L
13305,Rachel y Liah ,L,L,V,V,L,E,V,E,V,L
13306,Rachel y Liah ,L,L,V,V,L,E,V,V,L,L
13307,Rachel y Liah ,L,L,V,V,L,E,V,V,E,L
13308,Rachel y Liah ,L,L,V,V,L,E,V,V,V,L
13309,Rachel y Liah ,L,L,V,V,L,E,E,L,L,L
13310,Rachel y Liah ,L,L,V,V,L,E,E,L,E,L
13311,Rachel y Liah ,L,L,V,V,L,E,E,L,V,L
13312,Rachel y Liah ,L,L,V,V,L,E,E,E,L,L
13313,Rachel y Liah ,L,L,V,V,L,E,E,E,E,L
13314,Rachel y Liah ,L,L,V,V,L,E,E,E,V,L
13315,Rachel y Liah ,L,L,V,V,L,E,E,V,L,L
13316,Rachel y Liah ,L,L,V,V,L,E,E,V,E,L
13317,Rachel y Liah ,L,L,V,V,L,E,E,V,V,L
13318,Rachel y Liah ,L,L,V,V,L,E,L,L,L,L
13319,Rachel y Liah ,L,L,V,V,L,E,L,L,E,L
13320,Rachel y Liah ,L,L,V,V,L,E,L,L,V,L
13321,Rachel y Liah ,L,L,V,V,L,E,L,E,L,L
13322,Rachel y Liah ,L,L,V,V,L,E,L,E,E,L
13323,Rachel y Liah ,L,L,V,V,L,E,L,E,V,L
13324,Rachel y Liah ,L,L,V,V,L,E,L,V,L,L
13325,Rachel y Liah ,L,L,V,V,L,E,L,V,E,L
13326,Rachel y Liah ,L,L,V,V,L,E,L,V,V,L
13327,Rachel y Liah ,L,L,V,V,L,L,V,L,L,L
13328,Rachel y Liah ,L,L,V,V,L,L,V,L,E,L
13329,Rachel y Liah ,L,L,V,V,L,L,V,L,V,L
13330,Rachel y Liah ,L,L,V,V,L,L,V,E,L,L
13331,Rachel y Liah ,L,L,V,V,L,L,V,E,E,L
13332,Rachel y Liah ,L,L,V,V,L,L,V,E,V,L
13333,Rachel y Liah ,L,L,V,V,L,L,V,V,L,L
13334,Rachel y Liah ,L,L,V,V,L,L,V,V,E,L
13335,Rachel y Liah ,L,L,V,V,L,L,V,V,V,L
13336,Rachel y Liah ,L,L,V,V,L,L,E,L,L,L
13337,Rachel y Liah ,L,L,V,V,L,L,E,L,E,L
13338,Rachel y Liah ,L,L,V,V,L,L,E,L,V,L
13339,Rachel y Liah ,L,L,V,V,L,L,E,E,L,L
13340,Rachel y Liah ,L,L,V,V,L,L,E,E,E,L
13341,Rachel y Liah ,L,L,V,V,L,L,E,E,V,L
13342,Rachel y Liah ,L,L,V,V,L,L,E,V,L,L
13343,Rachel y Liah ,L,L,V,V,L,L,E,V,E,L
13344,Rachel y Liah ,L,L,V,V,L,L,E,V,V,L
13345,Rachel y Liah ,L,L,V,V,L,L,L,L,L,L
13346,Rachel y Liah ,L,L,V,V,L,L,L,L,E,L
13347,Rachel y Liah ,L,L,V,V,L,L,L,L,V,L
13348,Rachel y Liah ,L,L,V,V,L,L,L,E,L,L
13349,Rachel y Liah ,L,L,V,V,L,L,L,E,E,L
13350,Rachel y Liah ,L,L,V,V,L,L,L,E,V,L
13351,Rachel y Liah ,L,L,V,V,L,L,L,V,L,L
13352,Rachel y Liah ,L,L,V,V,L,L,L,V,E,L
13353,Rachel y Liah ,L,L,V,V,L,L,L,V,V,L
13354,Rachel y Liah ,L,L,V,V,E,V,V,L,L,L
13355,Rachel y Liah ,L,L,V,V,E,V,V,L,E,L
13356,Rachel y Liah ,L,L,V,V,E,V,V,L,V,L
13357,Rachel y Liah ,L,L,V,V,E,V,V,E,L,L
13358,Rachel y Liah ,L,L,V,V,E,V,V,E,E,L
13359,Rachel y Liah ,L,L,V,V,E,V,V,E,V,L
13360,Rachel y Liah ,L,L,V,V,E,V,V,V,L,L
13361,Rachel y Liah ,L,L,V,V,E,V,V,V,E,L
13362,Rachel y Liah ,L,L,V,V,E,V,V,V,V,L
13363,Rachel y Liah ,L,L,V,V,E,V,E,L,L,L
13364,Rachel y Liah ,L,L,V,V,E,V,E,L,E,L
13365,Rachel y Liah ,L,L,V,V,E,V,E,L,V,L
13366,Rachel y Liah ,L,L,V,V,E,V,E,E,L,L
13367,Rachel y Liah ,L,L,V,V,E,V,E,E,E,L
13368,Rachel y Liah ,L,L,V,V,E,V,E,E,V,L
13369,Rachel y Liah ,L,L,V,V,E,V,E,V,L,L
13370,Rachel y Liah ,L,L,V,V,E,V,E,V,E,L
13371,Rachel y Liah ,L,L,V,V,E,V,E,V,V,L
13372,Rachel y Liah ,L,L,V,V,E,V,L,L,L,L
13373,Rachel y Liah ,L,L,V,V,E,V,L,L,E,L
13374,Rachel y Liah ,L,L,V,V,E,V,L,L,V,L
13375,Rachel y Liah ,L,L,V,V,E,V,L,E,L,L
13376,Rachel y Liah ,L,L,V,V,E,V,L,E,E,L
13377,Rachel y Liah ,L,L,V,V,E,V,L,E,V,L
13378,Rachel y Liah ,L,L,V,V,E,V,L,V,L,L
13379,Rachel y Liah ,L,L,V,V,E,V,L,V,E,L
13380,Rachel y Liah ,L,L,V,V,E,V,L,V,V,L
13381,Rachel y Liah ,L,L,V,V,E,E,V,L,L,L
13382,Rachel y Liah ,L,L,V,V,E,E,V,L,E,L
13383,Rachel y Liah ,L,L,V,V,E,E,V,L,V,L
13384,Rachel y Liah ,L,L,V,V,E,E,V,E,L,L
13385,Rachel y Liah ,L,L,V,V,E,E,V,E,E,L
13386,Rachel y Liah ,L,L,V,V,E,E,V,E,V,L
13387,Rachel y Liah ,L,L,V,V,E,E,V,V,L,L
13388,Rachel y Liah ,L,L,V,V,E,E,V,V,E,L
13389,Rachel y Liah ,L,L,V,V,E,E,V,V,V,L
13390,Rachel y Liah ,L,L,V,V,E,E,E,L,L,L
13391,Rachel y Liah ,L,L,V,V,E,E,E,L,E,L
13392,Rachel y Liah ,L,L,V,V,E,E,E,L,V,L
13393,Rachel y Liah ,L,L,V,V,E,E,E,E,L,L
13394,Rachel y Liah ,L,L,V,V,E,E,E,E,E,L
13395,Rachel y Liah ,L,L,V,V,E,E,E,E,V,L
13396,Rachel y Liah ,L,L,V,V,E,E,E,V,L,L
13397,Rachel y Liah ,L,L,V,V,E,E,E,V,E,L
13398,Rachel y Liah ,L,L,V,V,E,E,E,V,V,L
13399,Rachel y Liah ,L,L,V,V,E,E,L,L,L,L
13400,Rachel y Liah ,L,L,V,V,E,E,L,L,E,L
13401,Rachel y Liah ,L,L,V,V,E,E,L,L,V,L
13402,Rachel y Liah ,L,L,V,V,E,E,L,E,L,L
13403,Rachel y Liah ,L,L,V,V,E,E,L,E,E,L
13404,Rachel y Liah ,L,L,V,V,E,E,L,E,V,L
13405,Rachel y Liah ,L,L,V,V,E,E,L,V,L,L
13406,Rachel y Liah ,L,L,V,V,E,E,L,V,E,L
13407,Rachel y Liah ,L,L,V,V,E,E,L,V,V,L
13408,Rachel y Liah ,L,L,V,V,E,L,V,L,L,L
13409,Rachel y Liah ,L,L,V,V,E,L,V,L,E,L
13410,Rachel y Liah ,L,L,V,V,E,L,V,L,V,L
13411,Rachel y Liah ,L,L,V,V,E,L,V,E,L,L
13412,Rachel y Liah ,L,L,V,V,E,L,V,E,E,L
13413,Rachel y Liah ,L,L,V,V,E,L,V,E,V,L
13414,Rachel y Liah ,L,L,V,V,E,L,V,V,L,L
13415,Rachel y Liah ,L,L,V,V,E,L,V,V,E,L
13416,Rachel y Liah ,L,L,V,V,E,L,V,V,V,L
13417,Rachel y Liah ,L,L,V,V,E,L,E,L,L,L
13418,Rachel y Liah ,L,L,V,V,E,L,E,L,E,L
13419,Rachel y Liah ,L,L,V,V,E,L,E,L,V,L
13420,Rachel y Liah ,L,L,V,V,E,L,E,E,L,L
13421,Rachel y Liah ,L,L,V,V,E,L,E,E,E,L
13422,Rachel y Liah ,L,L,V,V,E,L,E,E,V,L
13423,Rachel y Liah ,L,L,V,V,E,L,E,V,L,L
13424,Rachel y Liah ,L,L,V,V,E,L,E,V,E,L
13425,Rachel y Liah ,L,L,V,V,E,L,E,V,V,L
13426,Rachel y Liah ,L,L,V,V,E,L,L,L,L,L
13427,Rachel y Liah ,L,L,V,V,E,L,L,L,E,L
13428,Rachel y Liah ,L,L,V,V,E,L,L,L,V,L
13429,Rachel y Liah ,L,L,V,V,E,L,L,E,L,L
13430,Rachel y Liah ,L,L,V,V,E,L,L,E,E,L
13431,Rachel y Liah ,L,L,V,V,E,L,L,E,V,L
13432,Rachel y Liah ,L,L,V,V,E,L,L,V,L,L
13433,Rachel y Liah ,L,L,V,V,E,L,L,V,E,L
13434,Rachel y Liah ,L,L,V,V,E,L,L,V,V,L
13435,Rachel y Liah ,L,L,V,V,V,V,V,L,L,L
13436,Rachel y Liah ,L,L,V,V,V,V,V,L,E,L
13437,Rachel y Liah ,L,L,V,V,V,V,V,L,V,L
13438,Rachel y Liah ,L,L,V,V,V,V,V,E,L,L
13439,Rachel y Liah ,L,L,V,V,V,V,V,E,E,L
13440,Rachel y Liah ,L,L,V,V,V,V,V,E,V,L
13441,Rachel y Liah ,L,L,V,V,V,V,V,V,L,L
13442,Rachel y Liah ,L,L,V,V,V,V,V,V,E,L
13443,Rachel y Liah ,L,L,V,V,V,V,V,V,V,L
13444,Rachel y Liah ,L,L,V,V,V,V,E,L,L,L
13445,Rachel y Liah ,L,L,V,V,V,V,E,L,E,L
13446,Rachel y Liah ,L,L,V,V,V,V,E,L,V,L
13447,Rachel y Liah ,L,L,V,V,V,V,E,E,L,L
13448,Rachel y Liah ,L,L,V,V,V,V,E,E,E,L
13449,Rachel y Liah ,L,L,V,V,V,V,E,E,V,L
13450,Rachel y Liah ,L,L,V,V,V,V,E,V,L,L
13451,Rachel y Liah ,L,L,V,V,V,V,E,V,E,L
13452,Rachel y Liah ,L,L,V,V,V,V,E,V,V,L
13453,Rachel y Liah ,L,L,V,V,V,V,L,L,L,L
13454,Rachel y Liah ,L,L,V,V,V,V,L,L,E,L
13455,Rachel y Liah ,L,L,V,V,V,V,L,L,V,L
13456,Rachel y Liah ,L,L,V,V,V,V,L,E,L,L
13457,Rachel y Liah ,L,L,V,V,V,V,L,E,E,L
13458,Rachel y Liah ,L,L,V,V,V,V,L,E,V,L
13459,Rachel y Liah ,L,L,V,V,V,V,L,V,L,L
13460,Rachel y Liah ,L,L,V,V,V,V,L,V,E,L
13461,Rachel y Liah ,L,L,V,V,V,V,L,V,V,L
13462,Rachel y Liah ,L,L,V,V,V,E,V,L,L,L
13463,Rachel y Liah ,L,L,V,V,V,E,V,L,E,L
13464,Rachel y Liah ,L,L,V,V,V,E,V,L,V,L
13465,Rachel y Liah ,L,L,V,V,V,E,V,E,L,L
13466,Rachel y Liah ,L,L,V,V,V,E,V,E,E,L
13467,Rachel y Liah ,L,L,V,V,V,E,V,E,V,L
13468,Rachel y Liah ,L,L,V,V,V,E,V,V,L,L
13469,Rachel y Liah ,L,L,V,V,V,E,V,V,E,L
13470,Rachel y Liah ,L,L,V,V,V,E,V,V,V,L
13471,Rachel y Liah ,L,L,V,V,V,E,E,L,L,L
13472,Rachel y Liah ,L,L,V,V,V,E,E,L,E,L
13473,Rachel y Liah ,L,L,V,V,V,E,E,L,V,L
13474,Rachel y Liah ,L,L,V,V,V,E,E,E,L,L
13475,Rachel y Liah ,L,L,V,V,V,E,E,E,E,L
13476,Rachel y Liah ,L,L,V,V,V,E,E,E,V,L
13477,Rachel y Liah ,L,L,V,V,V,E,E,V,L,L
13478,Rachel y Liah ,L,L,V,V,V,E,E,V,E,L
13479,Rachel y Liah ,L,L,V,V,V,E,E,V,V,L
13480,Rachel y Liah ,L,L,V,V,V,E,L,L,L,L
13481,Rachel y Liah ,L,L,V,V,V,E,L,L,E,L
13482,Rachel y Liah ,L,L,V,V,V,E,L,L,V,L
13483,Rachel y Liah ,L,L,V,V,V,E,L,E,L,L
13484,Rachel y Liah ,L,L,V,V,V,E,L,E,E,L
13485,Rachel y Liah ,L,L,V,V,V,E,L,E,V,L
13486,Rachel y Liah ,L,L,V,V,V,E,L,V,L,L
13487,Rachel y Liah ,L,L,V,V,V,E,L,V,E,L
13488,Rachel y Liah ,L,L,V,V,V,E,L,V,V,L
13489,Rachel y Liah ,L,L,V,V,V,L,V,L,L,L
13490,Rachel y Liah ,L,L,V,V,V,L,V,L,E,L
13491,Rachel y Liah ,L,L,V,V,V,L,V,L,V,L
13492,Rachel y Liah ,L,L,V,V,V,L,V,E,L,L
13493,Rachel y Liah ,L,L,V,V,V,L,V,E,E,L
13494,Rachel y Liah ,L,L,V,V,V,L,V,E,V,L
13495,Rachel y Liah ,L,L,V,V,V,L,V,V,L,L
13496,Rachel y Liah ,L,L,V,V,V,L,V,V,E,L
13497,Rachel y Liah ,L,L,V,V,V,L,V,V,V,L
13498,Rachel y Liah ,L,L,V,V,V,L,E,L,L,L
13499,Rachel y Liah ,L,L,V,V,V,L,E,L,E,L
13500,Rachel y Liah ,L,L,V,V,V,L,E,L,V,L
13501,Rachel y Liah ,L,L,V,V,V,L,E,E,L,L
13502,Rachel y Liah ,L,L,V,V,V,L,E,E,E,L
13503,Rachel y Liah ,L,L,V,V,V,L,E,E,V,L
13504,Rachel y Liah ,L,L,V,V,V,L,E,V,L,L
13505,Rachel y Liah ,L,L,V,V,V,L,E,V,E,L
13506,Rachel y Liah ,L,L,V,V,V,L,E,V,V,L
13507,Rachel y Liah ,L,L,V,V,V,L,L,L,L,L
13508,Rachel y Liah ,L,L,V,V,V,L,L,L,E,L
13509,Rachel y Liah ,L,L,V,V,V,L,L,L,V,L
13510,Rachel y Liah ,L,L,V,V,V,L,L,E,L,L
13511,Rachel y Liah ,L,L,V,V,V,L,L,E,E,L
13512,Rachel y Liah ,L,L,V,V,V,L,L,E,V,L
13513,Rachel y Liah ,L,L,V,V,V,L,L,V,L,L
13514,Rachel y Liah ,L,L,V,V,V,L,L,V,E,L
13515,Rachel y Liah ,L,L,V,V,V,L,L,V,V,L
13516,Rafael Mendoza,L,V,V,L,L,L,V,L,V,L
13517,Rafael Mendoza,L,E,V,E,L,E,L,E,L,L
13518,Rafael Torres Reyes ,L,L,V,L,L,L,L,L,L,L
13519,Rafael Torres Reyes ,L,L,V,L,L,L,L,L,E,L
13520,Rafael Torres Reyes ,L,L,V,L,L,L,L,L,V,L
13521,Rafael Torres Reyes ,L,L,V,L,L,L,L,E,L,L
13522,Rafael Torres Reyes ,L,L,V,L,L,L,L,E,E,L
13523,Rafael Torres Reyes ,L,L,V,L,L,L,L,E,V,L
13524,Rafael Torres Reyes ,L,L,V,L,L,L,E,L,L,L
13525,Rafael Torres Reyes ,L,L,V,L,L,L,E,L,E,L
13526,Rafael Torres Reyes ,L,L,V,L,L,L,E,L,V,L
13527,Rafael Torres Reyes ,L,L,V,L,L,L,E,E,L,L
13528,Rafael Torres Reyes ,L,L,V,L,L,L,E,E,E,L
13529,Rafael Torres Reyes ,L,L,V,L,L,L,E,E,V,L
13530,Rafael Torres Reyes ,L,L,V,L,L,L,V,L,L,L
13531,Rafael Torres Reyes ,L,L,V,L,L,L,V,L,E,L
13532,Rafael Torres Reyes ,L,L,V,L,L,L,V,L,V,L
13533,Rafael Torres Reyes ,L,L,V,L,L,L,V,E,L,L
13534,Rafael Torres Reyes ,L,L,V,L,L,L,V,E,E,L
13535,Rafael Torres Reyes ,L,L,V,L,L,L,V,E,V,L
13536,Rafael Torres Reyes ,L,L,V,E,L,L,L,L,L,L
13537,Rafael Torres Reyes ,L,L,V,E,L,L,L,L,E,L
13538,Rafael Torres Reyes ,L,L,V,E,L,L,L,L,V,L
13539,Rafael Torres Reyes ,L,L,V,E,L,L,L,E,L,L
13540,Rafael Torres Reyes ,L,L,V,E,L,L,L,E,E,L
13541,Rafael Torres Reyes ,L,L,V,E,L,L,L,E,V,L
13542,Rafael Torres Reyes ,L,L,V,E,L,L,E,L,L,L
13543,Rafael Torres Reyes ,L,L,V,E,L,L,E,L,E,L
13544,Rafael Torres Reyes ,L,L,V,E,L,L,E,L,V,L
13545,Rafael Torres Reyes ,L,L,V,E,L,L,E,E,L,L
13546,Rafael Torres Reyes ,L,L,V,E,L,L,E,E,E,L
13547,Rafael Torres Reyes ,L,L,V,E,L,L,E,E,V,L
13548,Rafael Torres Reyes ,L,L,V,E,L,L,V,L,L,L
13549,Rafael Torres Reyes ,L,L,V,E,L,L,V,L,E,L
13550,Rafael Torres Reyes ,L,L,V,E,L,L,V,L,V,L
13551,Rafael Torres Reyes ,L,L,V,E,L,L,V,E,L,L
13552,Rafael Torres Reyes ,L,L,V,E,L,L,V,E,E,L
13553,Rafael Torres Reyes ,L,L,V,E,L,L,V,E,V,L
13554,Rafael Torres Reyes ,L,L,V,V,L,L,L,L,L,L
13555,Rafael Torres Reyes ,L,L,V,V,L,L,L,L,E,L
13556,Rafael Torres Reyes ,L,L,V,V,L,L,L,L,V,L
13557,Rafael Torres Reyes ,L,L,V,V,L,L,L,E,L,L
13558,Rafael Torres Reyes ,L,L,V,V,L,L,L,E,E,L
13559,Rafael Torres Reyes ,L,L,V,V,L,L,L,E,V,L
13560,Rafael Torres Reyes ,L,L,V,V,L,L,E,L,L,L
13561,Rafael Torres Reyes ,L,L,V,V,L,L,E,L,E,L
13562,Rafael Torres Reyes ,L,L,V,V,L,L,E,L,V,L
13563,Rafael Torres Reyes ,L,L,V,V,L,L,E,E,L,L
13564,Rafael Torres Reyes ,L,L,V,V,L,L,E,E,E,L
13565,Rafael Torres Reyes ,L,L,V,V,L,L,E,E,V,L
13566,Rafael Torres Reyes ,L,L,V,V,L,L,V,L,L,L
13567,Rafael Torres Reyes ,L,L,V,V,L,L,V,L,E,L
13568,Rafael Torres Reyes ,L,L,V,V,L,L,V,L,V,L
13569,Rafael Torres Reyes ,L,L,V,V,L,L,V,E,L,L
13570,Rafael Torres Reyes ,L,L,V,V,L,L,V,E,E,L
13571,Rafael Torres Reyes ,L,L,V,V,L,L,V,E,V,L
13572,Rafael Torres Reyes ,L,E,V,L,L,L,L,L,L,L
13573,Rafael Torres Reyes ,L,E,V,L,L,L,L,L,E,L
13574,Rafael Torres Reyes ,L,E,V,L,L,L,L,L,V,L
13575,Rafael Torres Reyes ,L,E,V,L,L,L,L,E,L,L
13576,Rafael Torres Reyes ,L,E,V,L,L,L,L,E,E,L
13577,Rafael Torres Reyes ,L,E,V,L,L,L,L,E,V,L
13578,Rafael Torres Reyes ,L,E,V,L,L,L,E,L,L,L
13579,Rafael Torres Reyes ,L,E,V,L,L,L,E,L,E,L
13580,Rafael Torres Reyes ,L,E,V,L,L,L,E,L,V,L
13581,Rafael Torres Reyes ,L,E,V,L,L,L,E,E,L,L
13582,Rafael Torres Reyes ,L,E,V,L,L,L,E,E,E,L
13583,Rafael Torres Reyes ,L,E,V,L,L,L,E,E,V,L
13584,Rafael Torres Reyes ,L,E,V,L,L,L,V,L,L,L
13585,Rafael Torres Reyes ,L,E,V,L,L,L,V,L,E,L
13586,Rafael Torres Reyes ,L,E,V,L,L,L,V,L,V,L
13587,Rafael Torres Reyes ,L,E,V,L,L,L,V,E,L,L
13588,Rafael Torres Reyes ,L,E,V,L,L,L,V,E,E,L
13589,Rafael Torres Reyes ,L,E,V,L,L,L,V,E,V,L
13590,Rafael Torres Reyes ,L,E,V,E,L,L,L,L,L,L
13591,Rafael Torres Reyes ,L,E,V,E,L,L,L,L,E,L
13592,Rafael Torres Reyes ,L,E,V,E,L,L,L,L,V,L
13593,Rafael Torres Reyes ,L,E,V,E,L,L,L,E,L,L
13594,Rafael Torres Reyes ,L,E,V,E,L,L,L,E,E,L
13595,Rafael Torres Reyes ,L,E,V,E,L,L,L,E,V,L
13596,Rafael Torres Reyes ,L,E,V,E,L,L,E,L,L,L
13597,Rafael Torres Reyes ,L,E,V,E,L,L,E,L,E,L
13598,Rafael Torres Reyes ,L,E,V,E,L,L,E,L,V,L
13599,Rafael Torres Reyes ,L,E,V,E,L,L,E,E,L,L
13600,Rafael Torres Reyes ,L,E,V,E,L,L,E,E,E,L
13601,Rafael Torres Reyes ,L,E,V,E,L,L,E,E,V,L
13602,Rafael Torres Reyes ,L,E,V,E,L,L,V,L,L,L
13603,Rafael Torres Reyes ,L,E,V,E,L,L,V,L,E,L
13604,Rafael Torres Reyes ,L,E,V,E,L,L,V,L,V,L
13605,Rafael Torres Reyes ,L,E,V,E,L,L,V,E,L,L
13606,Rafael Torres Reyes ,L,E,V,E,L,L,V,E,E,L
13607,Rafael Torres Reyes ,L,E,V,E,L,L,V,E,V,L
13608,Rafael Torres Reyes ,L,E,V,V,L,L,L,L,L,L
13609,Rafael Torres Reyes ,L,E,V,V,L,L,L,L,E,L
13610,Rafael Torres Reyes ,L,E,V,V,L,L,L,L,V,L
13611,Rafael Torres Reyes ,L,E,V,V,L,L,L,E,L,L
13612,Rafael Torres Reyes ,L,E,V,V,L,L,L,E,E,L
13613,Rafael Torres Reyes ,L,E,V,V,L,L,L,E,V,L
13614,Rafael Torres Reyes ,L,E,V,V,L,L,E,L,L,L
13615,Rafael Torres Reyes ,L,E,V,V,L,L,E,L,E,L
13616,Rafael Torres Reyes ,L,E,V,V,L,L,E,L,V,L
13617,Rafael Torres Reyes ,L,E,V,V,L,L,E,E,L,L
13618,Rafael Torres Reyes ,L,E,V,V,L,L,E,E,E,L
13619,Rafael Torres Reyes ,L,E,V,V,L,L,E,E,V,L
13620,Rafael Torres Reyes ,L,E,V,V,L,L,V,L,L,L
13621,Rafael Torres Reyes ,L,E,V,V,L,L,V,L,E,L
13622,Rafael Torres Reyes ,L,E,V,V,L,L,V,L,V,L
13623,Rafael Torres Reyes ,L,E,V,V,L,L,V,E,L,L
13624,Rafael Torres Reyes ,L,E,V,V,L,L,V,E,E,L
13625,Rafael Torres Reyes ,L,E,V,V,L,L,V,E,V,L
13626,Rafael Torres Reyes ,L,V,V,L,L,L,L,L,L,L
13627,Rafael Torres Reyes ,L,V,V,L,L,L,L,L,E,L
13628,Rafael Torres Reyes ,L,V,V,L,L,L,L,L,V,L
13629,Rafael Torres Reyes ,L,V,V,L,L,L,L,E,L,L
13630,Rafael Torres Reyes ,L,V,V,L,L,L,L,E,E,L
13631,Rafael Torres Reyes ,L,V,V,L,L,L,L,E,V,L
13632,Rafael Torres Reyes ,L,V,V,L,L,L,E,L,L,L
13633,Rafael Torres Reyes ,L,V,V,L,L,L,E,L,E,L
13634,Rafael Torres Reyes ,L,V,V,L,L,L,E,L,V,L
13635,Rafael Torres Reyes ,L,V,V,L,L,L,E,E,L,L
13636,Rafael Torres Reyes ,L,V,V,L,L,L,E,E,E,L
13637,Rafael Torres Reyes ,L,V,V,L,L,L,E,E,V,L
13638,Rafael Torres Reyes ,L,V,V,L,L,L,V,L,L,L
13639,Rafael Torres Reyes ,L,V,V,L,L,L,V,L,E,L
13640,Rafael Torres Reyes ,L,V,V,L,L,L,V,L,V,L
13641,Rafael Torres Reyes ,L,V,V,L,L,L,V,E,L,L
13642,Rafael Torres Reyes ,L,V,V,L,L,L,V,E,E,L
13643,Rafael Torres Reyes ,L,V,V,L,L,L,V,E,V,L
13644,Rafael Torres Reyes ,L,V,V,E,L,L,L,L,L,L
13645,Rafael Torres Reyes ,L,V,V,E,L,L,L,L,E,L
13646,Rafael Torres Reyes ,L,V,V,E,L,L,L,L,V,L
13647,Rafael Torres Reyes ,L,V,V,E,L,L,L,E,L,L
13648,Rafael Torres Reyes ,L,V,V,E,L,L,L,E,E,L
13649,Rafael Torres Reyes ,L,V,V,E,L,L,L,E,V,L
13650,Rafael Torres Reyes ,L,V,V,E,L,L,E,L,L,L
13651,Rafael Torres Reyes ,L,V,V,E,L,L,E,L,E,L
13652,Rafael Torres Reyes ,L,V,V,E,L,L,E,L,V,L
13653,Rafael Torres Reyes ,L,V,V,E,L,L,E,E,L,L
13654,Rafael Torres Reyes ,L,V,V,E,L,L,E,E,E,L
13655,Rafael Torres Reyes ,L,V,V,E,L,L,E,E,V,L
13656,Rafael Torres Reyes ,L,V,V,E,L,L,V,L,L,L
13657,Rafael Torres Reyes ,L,V,V,E,L,L,V,L,E,L
13658,Rafael Torres Reyes ,L,V,V,E,L,L,V,L,V,L
13659,Rafael Torres Reyes ,L,V,V,E,L,L,V,E,L,L
13660,Rafael Torres Reyes ,L,V,V,E,L,L,V,E,E,L
13661,Rafael Torres Reyes ,L,V,V,E,L,L,V,E,V,L
13662,Rafael Torres Reyes ,L,V,V,V,L,L,L,L,L,L
13663,Rafael Torres Reyes ,L,V,V,V,L,L,L,L,E,L
13664,Rafael Torres Reyes ,L,V,V,V,L,L,L,L,V,L
13665,Rafael Torres Reyes ,L,V,V,V,L,L,L,E,L,L
13666,Rafael Torres Reyes ,L,V,V,V,L,L,L,E,E,L
13667,Rafael Torres Reyes ,L,V,V,V,L,L,L,E,V,L
13668,Rafael Torres Reyes ,L,V,V,V,L,L,E,L,L,L
13669,Rafael Torres Reyes ,L,V,V,V,L,L,E,L,E,L
13670,Rafael Torres Reyes ,L,V,V,V,L,L,E,L,V,L
13671,Rafael Torres Reyes ,L,V,V,V,L,L,E,E,L,L
13672,Rafael Torres Reyes ,L,V,V,V,L,L,E,E,E,L
13673,Rafael Torres Reyes ,L,V,V,V,L,L,E,E,V,L
13674,Rafael Torres Reyes ,L,V,V,V,L,L,V,L,L,L
13675,Rafael Torres Reyes ,L,V,V,V,L,L,V,L,E,L
13676,Rafael Torres Reyes ,L,V,V,V,L,L,V,L,V,L
13677,Rafael Torres Reyes ,L,V,V,V,L,L,V,E,L,L
13678,Rafael Torres Reyes ,L,V,V,V,L,L,V,E,E,L
13679,Rafael Torres Reyes ,L,V,V,V,L,L,V,E,V,L
13680,Rafael Torres Reyes ,L,V,L,L,L,L,L,L,E,V
13681,Rafael Torres Reyes ,L,V,L,L,L,L,L,L,L,V
13682,Rafael Torres Reyes ,L,V,L,L,L,L,V,L,E,V
13683,Rafael Torres Reyes ,L,V,L,L,L,L,V,L,L,V
13684,Rafael Torres Reyes ,L,V,V,L,L,L,L,L,E,V
13685,Rafael Torres Reyes ,L,V,V,L,L,L,L,L,L,V
13686,Rafael Torres Reyes ,L,V,V,L,L,L,V,L,E,V
13687,Rafael Torres Reyes ,L,V,V,L,L,L,V,L,L,V
13688,Rafael Torres Reyes ,L,E,L,L,L,L,L,L,E,V
13689,Rafael Torres Reyes ,L,E,L,L,L,L,L,L,L,V
13690,Rafael Torres Reyes ,L,E,L,L,L,L,V,L,E,V
13691,Rafael Torres Reyes ,L,E,L,L,L,L,V,L,L,V
13692,Rafael Torres Reyes ,L,E,V,L,L,L,L,L,E,V
13693,Rafael Torres Reyes ,L,E,V,L,L,L,L,L,L,V
13694,Rafael Torres Reyes ,L,E,V,L,L,L,V,L,E,V
13695,Rafael Torres Reyes ,L,E,V,L,L,L,V,L,L,V
13696,Rafael Torres Reyes ,L,L,E,L,L,L,L,L,L,L
13697,Rafael Torres Reyes ,L,L,E,L,L,L,L,L,E,L
13698,Rafael Torres Reyes ,L,L,E,L,L,L,L,L,V,L
13699,Rafael Torres Reyes ,L,L,E,L,L,L,E,L,L,L
13700,Rafael Torres Reyes ,L,L,E,L,L,L,E,L,E,L
13701,Rafael Torres Reyes ,L,L,E,L,L,L,E,L,V,L
13702,Rafael Torres Reyes ,L,L,E,L,L,L,V,L,L,L
13703,Rafael Torres Reyes ,L,L,E,L,L,L,V,L,E,L
13704,Rafael Torres Reyes ,L,L,E,L,L,L,V,L,V,L
13705,Rafael Torres Reyes ,L,L,E,L,E,L,L,L,L,L
13706,Rafael Torres Reyes ,L,L,E,L,E,L,L,L,E,L
13707,Rafael Torres Reyes ,L,L,E,L,E,L,L,L,V,L
13708,Rafael Torres Reyes ,L,L,E,L,E,L,E,L,L,L
13709,Rafael Torres Reyes ,L,L,E,L,E,L,E,L,E,L
13710,Rafael Torres Reyes ,L,L,E,L,E,L,E,L,V,L
13711,Rafael Torres Reyes ,L,L,E,L,E,L,V,L,L,L
13712,Rafael Torres Reyes ,L,L,E,L,E,L,V,L,E,L
13713,Rafael Torres Reyes ,L,L,E,L,E,L,V,L,V,L
13714,Rafael Torres Reyes ,L,L,E,E,L,L,L,L,L,L
13715,Rafael Torres Reyes ,L,L,E,E,L,L,L,L,E,L
13716,Rafael Torres Reyes ,L,L,E,E,L,L,L,L,V,L
13717,Rafael Torres Reyes ,L,L,E,E,L,L,E,L,L,L
13718,Rafael Torres Reyes ,L,L,E,E,L,L,E,L,E,L
13719,Rafael Torres Reyes ,L,L,E,E,L,L,E,L,V,L
13720,Rafael Torres Reyes ,L,L,E,E,L,L,V,L,L,L
13721,Rafael Torres Reyes ,L,L,E,E,L,L,V,L,E,L
13722,Rafael Torres Reyes ,L,L,E,E,L,L,V,L,V,L
13723,Rafael Torres Reyes ,L,L,E,E,E,L,L,L,L,L
13724,Rafael Torres Reyes ,L,L,E,E,E,L,L,L,E,L
13725,Rafael Torres Reyes ,L,L,E,E,E,L,L,L,V,L
13726,Rafael Torres Reyes ,L,L,E,E,E,L,E,L,L,L
13727,Rafael Torres Reyes ,L,L,E,E,E,L,E,L,E,L
13728,Rafael Torres Reyes ,L,L,E,E,E,L,E,L,V,L
13729,Rafael Torres Reyes ,L,L,E,E,E,L,V,L,L,L
13730,Rafael Torres Reyes ,L,L,E,E,E,L,V,L,E,L
13731,Rafael Torres Reyes ,L,L,E,E,E,L,V,L,V,L
13732,Rafael Torres Reyes ,L,L,V,L,L,L,L,L,L,L
13733,Rafael Torres Reyes ,L,L,V,L,L,L,L,L,E,L
13734,Rafael Torres Reyes ,L,L,V,L,L,L,L,L,V,L
13735,Rafael Torres Reyes ,L,L,V,L,L,L,E,L,L,L
13736,Rafael Torres Reyes ,L,L,V,L,L,L,E,L,E,L
13737,Rafael Torres Reyes ,L,L,V,L,L,L,E,L,V,L
13738,Rafael Torres Reyes ,L,L,V,L,L,L,V,L,L,L
13739,Rafael Torres Reyes ,L,L,V,L,L,L,V,L,E,L
13740,Rafael Torres Reyes ,L,L,V,L,L,L,V,L,V,L
13741,Rafael Torres Reyes ,L,L,V,L,E,L,L,L,L,L
13742,Rafael Torres Reyes ,L,L,V,L,E,L,L,L,E,L
13743,Rafael Torres Reyes ,L,L,V,L,E,L,L,L,V,L
13744,Rafael Torres Reyes ,L,L,V,L,E,L,E,L,L,L
13745,Rafael Torres Reyes ,L,L,V,L,E,L,E,L,E,L
13746,Rafael Torres Reyes ,L,L,V,L,E,L,E,L,V,L
13747,Rafael Torres Reyes ,L,L,V,L,E,L,V,L,L,L
13748,Rafael Torres Reyes ,L,L,V,L,E,L,V,L,E,L
13749,Rafael Torres Reyes ,L,L,V,L,E,L,V,L,V,L
13750,Rafael Torres Reyes ,L,L,V,E,L,L,L,L,L,L
13751,Rafael Torres Reyes ,L,L,V,E,L,L,L,L,E,L
13752,Rafael Torres Reyes ,L,L,V,E,L,L,L,L,V,L
13753,Rafael Torres Reyes ,L,L,V,E,L,L,E,L,L,L
13754,Rafael Torres Reyes ,L,L,V,E,L,L,E,L,E,L
13755,Rafael Torres Reyes ,L,L,V,E,L,L,E,L,V,L
13756,Rafael Torres Reyes ,L,L,V,E,L,L,V,L,L,L
13757,Rafael Torres Reyes ,L,L,V,E,L,L,V,L,E,L
13758,Rafael Torres Reyes ,L,L,V,E,L,L,V,L,V,L
13759,Rafael Torres Reyes ,L,L,V,E,E,L,L,L,L,L
13760,Rafael Torres Reyes ,L,L,V,E,E,L,L,L,E,L
13761,Rafael Torres Reyes ,L,L,V,E,E,L,L,L,V,L
13762,Rafael Torres Reyes ,L,L,V,E,E,L,E,L,L,L
13763,Rafael Torres Reyes ,L,L,V,E,E,L,E,L,E,L
13764,Rafael Torres Reyes ,L,L,V,E,E,L,E,L,V,L
13765,Rafael Torres Reyes ,L,L,V,E,E,L,V,L,L,L
13766,Rafael Torres Reyes ,L,L,V,E,E,L,V,L,E,L
13767,Rafael Torres Reyes ,L,L,V,E,E,L,V,L,V,L
13768,Rafael Torres Reyes ,L,E,E,L,L,L,L,L,L,L
13769,Rafael Torres Reyes ,L,E,E,L,L,L,L,L,E,L
13770,Rafael Torres Reyes ,L,E,E,L,L,L,L,L,V,L
13771,Rafael Torres Reyes ,L,E,E,L,L,L,E,L,L,L
13772,Rafael Torres Reyes ,L,E,E,L,L,L,E,L,E,L
13773,Rafael Torres Reyes ,L,E,E,L,L,L,E,L,V,L
13774,Rafael Torres Reyes ,L,E,E,L,L,L,V,L,L,L
13775,Rafael Torres Reyes ,L,E,E,L,L,L,V,L,E,L
13776,Rafael Torres Reyes ,L,E,E,L,L,L,V,L,V,L
13777,Rafael Torres Reyes ,L,E,E,L,E,L,L,L,L,L
13778,Rafael Torres Reyes ,L,E,E,L,E,L,L,L,E,L
13779,Rafael Torres Reyes ,L,E,E,L,E,L,L,L,V,L
13780,Rafael Torres Reyes ,L,E,E,L,E,L,E,L,L,L
13781,Rafael Torres Reyes ,L,E,E,L,E,L,E,L,E,L
13782,Rafael Torres Reyes ,L,E,E,L,E,L,E,L,V,L
13783,Rafael Torres Reyes ,L,E,E,L,E,L,V,L,L,L
13784,Rafael Torres Reyes ,L,E,E,L,E,L,V,L,E,L
13785,Rafael Torres Reyes ,L,E,E,L,E,L,V,L,V,L
13786,Rafael Torres Reyes ,L,E,E,E,L,L,L,L,L,L
13787,Rafael Torres Reyes ,L,E,E,E,L,L,L,L,E,L
13788,Rafael Torres Reyes ,L,E,E,E,L,L,L,L,V,L
13789,Rafael Torres Reyes ,L,E,E,E,L,L,E,L,L,L
13790,Rafael Torres Reyes ,L,E,E,E,L,L,E,L,E,L
13791,Rafael Torres Reyes ,L,E,E,E,L,L,E,L,V,L
13792,Rafael Torres Reyes ,L,E,E,E,L,L,V,L,L,L
13793,Rafael Torres Reyes ,L,E,E,E,L,L,V,L,E,L
13794,Rafael Torres Reyes ,L,E,E,E,L,L,V,L,V,L
13795,Rafael Torres Reyes ,L,E,E,E,E,L,L,L,L,L
13796,Rafael Torres Reyes ,L,E,E,E,E,L,L,L,E,L
13797,Rafael Torres Reyes ,L,E,E,E,E,L,L,L,V,L
13798,Rafael Torres Reyes ,L,E,E,E,E,L,E,L,L,L
13799,Rafael Torres Reyes ,L,E,E,E,E,L,E,L,E,L
13800,Rafael Torres Reyes ,L,E,E,E,E,L,E,L,V,L
13801,Rafael Torres Reyes ,L,E,E,E,E,L,V,L,L,L
13802,Rafael Torres Reyes ,L,E,E,E,E,L,V,L,E,L
13803,Rafael Torres Reyes ,L,E,E,E,E,L,V,L,V,L
13804,Rafael Torres Reyes ,L,E,V,L,L,L,L,L,L,L
13805,Rafael Torres Reyes ,L,E,V,L,L,L,L,L,E,L
13806,Rafael Torres Reyes ,L,E,V,L,L,L,L,L,V,L
13807,Rafael Torres Reyes ,L,E,V,L,L,L,E,L,L,L
13808,Rafael Torres Reyes ,L,E,V,L,L,L,E,L,E,L
13809,Rafael Torres Reyes ,L,E,V,L,L,L,E,L,V,L
13810,Rafael Torres Reyes ,L,E,V,L,L,L,V,L,L,L
13811,Rafael Torres Reyes ,L,E,V,L,L,L,V,L,E,L
13812,Rafael Torres Reyes ,L,E,V,L,L,L,V,L,V,L
13813,Rafael Torres Reyes ,L,E,V,L,E,L,L,L,L,L
13814,Rafael Torres Reyes ,L,E,V,L,E,L,L,L,E,L
13815,Rafael Torres Reyes ,L,E,V,L,E,L,L,L,V,L
13816,Rafael Torres Reyes ,L,E,V,L,E,L,E,L,L,L
13817,Rafael Torres Reyes ,L,E,V,L,E,L,E,L,E,L
13818,Rafael Torres Reyes ,L,E,V,L,E,L,E,L,V,L
13819,Rafael Torres Reyes ,L,E,V,L,E,L,V,L,L,L
13820,Rafael Torres Reyes ,L,E,V,L,E,L,V,L,E,L
13821,Rafael Torres Reyes ,L,E,V,L,E,L,V,L,V,L
13822,Rafael Torres Reyes ,L,E,V,E,L,L,L,L,L,L
13823,Rafael Torres Reyes ,L,E,V,E,L,L,L,L,E,L
13824,Rafael Torres Reyes ,L,E,V,E,L,L,L,L,V,L
13825,Rafael Torres Reyes ,L,E,V,E,L,L,E,L,L,L
13826,Rafael Torres Reyes ,L,E,V,E,L,L,E,L,E,L
13827,Rafael Torres Reyes ,L,E,V,E,L,L,E,L,V,L
13828,Rafael Torres Reyes ,L,E,V,E,L,L,V,L,L,L
13829,Rafael Torres Reyes ,L,E,V,E,L,L,V,L,E,L
13830,Rafael Torres Reyes ,L,E,V,E,L,L,V,L,V,L
13831,Rafael Torres Reyes ,L,E,V,E,E,L,L,L,L,L
13832,Rafael Torres Reyes ,L,E,V,E,E,L,L,L,E,L
13833,Rafael Torres Reyes ,L,E,V,E,E,L,L,L,V,L
13834,Rafael Torres Reyes ,L,E,V,E,E,L,E,L,L,L
13835,Rafael Torres Reyes ,L,E,V,E,E,L,E,L,E,L
13836,Rafael Torres Reyes ,L,E,V,E,E,L,E,L,V,L
13837,Rafael Torres Reyes ,L,E,V,E,E,L,V,L,L,L
13838,Rafael Torres Reyes ,L,E,V,E,E,L,V,L,E,L
13839,Rafael Torres Reyes ,L,E,V,E,E,L,V,L,V,L
13840,Rafael Torres Reyes ,L,E,V,L,L,E,E,V,E,L
13841,Rafael Torres Reyes ,L,E,V,L,L,E,E,E,E,L
13842,Rafael Torres Reyes ,L,E,V,L,L,E,V,V,E,L
13843,Rafael Torres Reyes ,L,E,V,L,L,E,V,E,E,L
13844,Rafael Torres Reyes ,L,E,V,L,L,L,E,V,E,L
13845,Rafael Torres Reyes ,L,E,V,L,L,L,E,E,E,L
13846,Rafael Torres Reyes ,L,E,V,L,L,L,V,V,E,L
13847,Rafael Torres Reyes ,L,E,V,L,L,L,V,E,E,L
13848,Rafael Torres Reyes ,L,E,E,L,L,E,E,V,E,L
13849,Rafael Torres Reyes ,L,E,E,L,L,E,E,E,E,L
13850,Rafael Torres Reyes ,L,E,E,L,L,E,V,V,E,L
13851,Rafael Torres Reyes ,L,E,E,L,L,E,V,E,E,L
13852,Rafael Torres Reyes ,L,E,E,L,L,L,E,V,E,L
13853,Rafael Torres Reyes ,L,E,E,L,L,L,E,E,E,L
13854,Rafael Torres Reyes ,L,E,E,L,L,L,V,V,E,L
13855,Rafael Torres Reyes ,L,E,E,L,L,L,V,E,E,L
13856,Rafael Torres Reyes ,L,L,V,L,L,E,E,V,E,L
13857,Rafael Torres Reyes ,L,L,V,L,L,E,E,E,E,L
13858,Rafael Torres Reyes ,L,L,V,L,L,E,V,V,E,L
13859,Rafael Torres Reyes ,L,L,V,L,L,E,V,E,E,L
13860,Rafael Torres Reyes ,L,L,V,L,L,L,E,V,E,L
13861,Rafael Torres Reyes ,L,L,V,L,L,L,E,E,E,L
13862,Rafael Torres Reyes ,L,L,V,L,L,L,V,V,E,L
13863,Rafael Torres Reyes ,L,L,V,L,L,L,V,E,E,L
13864,Rafael Torres Reyes ,L,L,E,L,L,E,E,V,E,L
13865,Rafael Torres Reyes ,L,L,E,L,L,E,E,E,E,L
13866,Rafael Torres Reyes ,L,L,E,L,L,E,V,V,E,L
13867,Rafael Torres Reyes ,L,L,E,L,L,E,V,E,E,L
13868,Rafael Torres Reyes ,L,L,E,L,L,L,E,V,E,L
13869,Rafael Torres Reyes ,L,L,E,L,L,L,E,E,E,L
13870,Rafael Torres Reyes ,L,L,E,L,L,L,V,V,E,L
13871,Rafael Torres Reyes ,L,L,E,L,L,L,V,E,E,L
13872,Rafael Torres Reyes ,E,V,V,E,L,L,L,L,L,L
13873,Rafael Torres Reyes ,E,V,V,E,L,L,L,E,L,L
13874,Rafael Torres Reyes ,E,V,V,E,L,L,L,V,L,L
13875,Rafael Torres Reyes ,E,V,V,E,L,L,V,L,L,L
13876,Rafael Torres Reyes ,E,V,V,E,L,L,V,E,L,L
13877,Rafael Torres Reyes ,E,V,V,E,L,L,V,V,L,L
13878,Rafael Torres Reyes ,E,V,V,L,L,L,L,L,L,L
13879,Rafael Torres Reyes ,E,V,V,L,L,L,L,E,L,L
13880,Rafael Torres Reyes ,E,V,V,L,L,L,L,V,L,L
13881,Rafael Torres Reyes ,E,V,V,L,L,L,V,L,L,L
13882,Rafael Torres Reyes ,E,V,V,L,L,L,V,E,L,L
13883,Rafael Torres Reyes ,E,V,V,L,L,L,V,V,L,L
13884,Rafael Torres Reyes ,E,L,V,E,L,L,L,L,L,L
13885,Rafael Torres Reyes ,E,L,V,E,L,L,L,E,L,L
13886,Rafael Torres Reyes ,E,L,V,E,L,L,L,V,L,L
13887,Rafael Torres Reyes ,E,L,V,E,L,L,V,L,L,L
13888,Rafael Torres Reyes ,E,L,V,E,L,L,V,E,L,L
13889,Rafael Torres Reyes ,E,L,V,E,L,L,V,V,L,L
13890,Rafael Torres Reyes ,E,L,V,L,L,L,L,L,L,L
13891,Rafael Torres Reyes ,E,L,V,L,L,L,L,E,L,L
13892,Rafael Torres Reyes ,E,L,V,L,L,L,L,V,L,L
13893,Rafael Torres Reyes ,E,L,V,L,L,L,V,L,L,L
13894,Rafael Torres Reyes ,E,L,V,L,L,L,V,E,L,L
13895,Rafael Torres Reyes ,E,L,V,L,L,L,V,V,L,L
13896,Rafael Torres Reyes ,L,V,V,E,L,L,L,L,L,L
13897,Rafael Torres Reyes ,L,V,V,E,L,L,L,E,L,L
13898,Rafael Torres Reyes ,L,V,V,E,L,L,L,V,L,L
13899,Rafael Torres Reyes ,L,V,V,E,L,L,V,L,L,L
13900,Rafael Torres Reyes ,L,V,V,E,L,L,V,E,L,L
13901,Rafael Torres Reyes ,L,V,V,E,L,L,V,V,L,L
13902,Rafael Torres Reyes ,L,V,V,L,L,L,L,L,L,L
13903,Rafael Torres Reyes ,L,V,V,L,L,L,L,E,L,L
13904,Rafael Torres Reyes ,L,V,V,L,L,L,L,V,L,L
13905,Rafael Torres Reyes ,L,V,V,L,L,L,V,L,L,L
13906,Rafael Torres Reyes ,L,V,V,L,L,L,V,E,L,L
13907,Rafael Torres Reyes ,L,V,V,L,L,L,V,V,L,L
13908,Rafael Torres Reyes ,L,L,V,E,L,L,L,L,L,L
13909,Rafael Torres Reyes ,L,L,V,E,L,L,L,E,L,L
13910,Rafael Torres Reyes ,L,L,V,E,L,L,L,V,L,L
13911,Rafael Torres Reyes ,L,L,V,E,L,L,V,L,L,L
13912,Rafael Torres Reyes ,L,L,V,E,L,L,V,E,L,L
13913,Rafael Torres Reyes ,L,L,V,E,L,L,V,V,L,L
13914,Rafael Torres Reyes ,L,L,V,L,L,L,L,L,L,L
13915,Rafael Torres Reyes ,L,L,V,L,L,L,L,E,L,L
13916,Rafael Torres Reyes ,L,L,V,L,L,L,L,V,L,L
13917,Rafael Torres Reyes ,L,L,V,L,L,L,V,L,L,L
13918,Rafael Torres Reyes ,L,L,V,L,L,L,V,E,L,L
13919,Rafael Torres Reyes ,L,L,V,L,L,L,V,V,L,L
13920,Rafael Torres Reyes ,L,L,V,L,L,L,L,L,L,L
13921,Rafael Torres Reyes ,L,L,V,L,L,L,L,V,L,L
13922,Rafael Torres Reyes ,L,L,V,L,L,L,L,E,L,L
13923,Rafael Torres Reyes ,L,L,V,L,L,L,V,L,L,L
13924,Rafael Torres Reyes ,L,L,V,L,L,L,V,V,L,L
13925,Rafael Torres Reyes ,L,L,V,L,L,L,V,E,L,L
13926,Rafael Torres Reyes ,L,L,V,V,L,L,L,L,L,L
13927,Rafael Torres Reyes ,L,L,V,V,L,L,L,V,L,L
13928,Rafael Torres Reyes ,L,L,V,V,L,L,L,E,L,L
13929,Rafael Torres Reyes ,L,L,V,V,L,L,V,L,L,L
13930,Rafael Torres Reyes ,L,L,V,V,L,L,V,V,L,L
13931,Rafael Torres Reyes ,L,L,V,V,L,L,V,E,L,L
13932,Rafael Torres Reyes ,L,L,L,L,L,L,L,L,L,L
13933,Rafael Torres Reyes ,L,L,L,L,L,L,L,V,L,L
13934,Rafael Torres Reyes ,L,L,L,L,L,L,L,E,L,L
13935,Rafael Torres Reyes ,L,L,L,L,L,L,V,L,L,L
13936,Rafael Torres Reyes ,L,L,L,L,L,L,V,V,L,L
13937,Rafael Torres Reyes ,L,L,L,L,L,L,V,E,L,L
13938,Rafael Torres Reyes ,L,L,L,V,L,L,L,L,L,L
13939,Rafael Torres Reyes ,L,L,L,V,L,L,L,V,L,L
13940,Rafael Torres Reyes ,L,L,L,V,L,L,L,E,L,L
13941,Rafael Torres Reyes ,L,L,L,V,L,L,V,L,L,L
13942,Rafael Torres Reyes ,L,L,L,V,L,L,V,V,L,L
13943,Rafael Torres Reyes ,L,L,L,V,L,L,V,E,L,L
13944,Rafael Torres Reyes ,L,V,V,L,L,L,L,L,L,L
13945,Rafael Torres Reyes ,L,V,V,L,L,L,L,V,L,L
13946,Rafael Torres Reyes ,L,V,V,L,L,L,L,E,L,L
13947,Rafael Torres Reyes ,L,V,V,L,L,L,V,L,L,L
13948,Rafael Torres Reyes ,L,V,V,L,L,L,V,V,L,L
13949,Rafael Torres Reyes ,L,V,V,L,L,L,V,E,L,L
13950,Rafael Torres Reyes ,L,V,V,V,L,L,L,L,L,L
13951,Rafael Torres Reyes ,L,V,V,V,L,L,L,V,L,L
13952,Rafael Torres Reyes ,L,V,V,V,L,L,L,E,L,L
13953,Rafael Torres Reyes ,L,V,V,V,L,L,V,L,L,L
13954,Rafael Torres Reyes ,L,V,V,V,L,L,V,V,L,L
13955,Rafael Torres Reyes ,L,V,V,V,L,L,V,E,L,L
13956,Rafael Torres Reyes ,L,V,L,L,L,L,L,L,L,L
13957,Rafael Torres Reyes ,L,V,L,L,L,L,L,V,L,L
13958,Rafael Torres Reyes ,L,V,L,L,L,L,L,E,L,L
13959,Rafael Torres Reyes ,L,V,L,L,L,L,V,L,L,L
13960,Rafael Torres Reyes ,L,V,L,L,L,L,V,V,L,L
13961,Rafael Torres Reyes ,L,V,L,L,L,L,V,E,L,L
13962,Rafael Torres Reyes ,L,V,L,V,L,L,L,L,L,L
13963,Rafael Torres Reyes ,L,V,L,V,L,L,L,V,L,L
13964,Rafael Torres Reyes ,L,V,L,V,L,L,L,E,L,L
13965,Rafael Torres Reyes ,L,V,L,V,L,L,V,L,L,L
13966,Rafael Torres Reyes ,L,V,L,V,L,L,V,V,L,L
13967,Rafael Torres Reyes ,L,V,L,V,L,L,V,E,L,L
13968,Rafael Vidal 1,L,E,V,L,E,L,V,L,V,L
13969,Rafael Vidal 2,L,V,E,E,L,L,E,L,L,L
13970,Rafael Vidal 3,L,V,L,V,L,L,V,L,V,L
13971,Rafael Vidal 4,L,E,V,L,V,L,L,L,E,L
13972,Rafael Vidal 5,L,V,V,V,E,L,V,L,E,L
13973,Rafael Vidal 6,E,L,L,V,V,V,L,E,L,V
13974,RAFAFA,L,E,V,E,L,L,V,L,E,L
13975,RAFAFA,L,L,V,L,L,L,V,L,E,V
13976,Rambo bx,V,E,L,L,L,L,L,E,V,E
13977,Rambo bx,L,V,V,V,E,V,V,V,L,L
13978,Rambo bx,L,E,V,V,V,V,V,E,L,V
13979,Rambo bx,V,L,L,L,E,L,L,L,V,V
13980,Rambo bx,L,V,V,L,E,E,V,L,V,V
13981,Rambo bx,L,E,V,E,V,V,E,V,V,V
13982,Ramcorg11,L,L,V,L,E,L,E,E,V,L
13983,Ramcorg11,L,V,V,E,L,L,E,L,V,L
13984,RAMIRO BARRON,L,V,V,L,V,L,V,L,L,L
13985,RAMIRO BARRON,L,E,V,E,E,E,E,V,V,E
13986,Ramon E,L,V,V,L,L,L,V,L,V,L
13987,Ramón Remolino,L,L,V,L,L,L,L,L,L,L
13988,Ramón Remolino,L,V,V,V,E,E,V,V,V,E
13989,Ramón VenegasVenegas,V,E,V,L,E,L,V,V,L,L
13990,Ramón VenegasVenegas,E,L,V,L,V,L,V,L,L,L
13991,Ramón VenegasVenegas,L,L,L,E,V,E,V,L,V,V
13992,Ramón VenegasVenegas,L,L,V,E,V,V,E,E,V,V
13993,Ramondelarosa,L,E,V,L,L,L,L,E,L,E
13994,Ramondelarosa,L,V,V,E,L,L,V,L,E,V
13995,Ramondelarosa,L,L,V,E,L,L,L,E,V,V
13996,Ranch 1,L,V,V,L,V,L,V,L,E,E
13997,Ranch 1,L,E,L,L,E,L,E,L,L,V
13998,Ranch 1,L,L,L,L,L,L,L,L,L,L
13999,Ranch 1,L,E,E,V,V,L,V,V,E,V
14000,Ranch 1,L,V,V,E,E,L,V,E,V,E
14001,Ranch 1,E,L,L,L,E,L,E,L,V,V
14002,Ranch 1,L,L,E,E,V,V,V,E,L,V
14003,Ranch 1,E,V,V,V,E,V,E,L,E,V
14004,Ranch 1,V,L,L,V,L,V,L,E,V,V
14005,Ranch 1,E,L,E,V,E,L,E,V,V,V
14006,Rancho El 13 CG,L,L,V,L,L,V,L,V,E,V
14007,Rancho El 13 CG,L,V,L,L,L,L,V,E,L,V
14008,Rancho El 13 CG,L,E,V,E,L,V,L,L,V,E
14009,Rancho El 13 CG,L,V,E,L,E,V,V,L,V,E
14010,Rancho El 13 CG,E,L,E,V,L,V,E,V,E,E
14011,Rancho El 13 CG,V,L,L,L,E,L,E,E,V,V
14012,Rancho El 13 CG,E,L,E,V,L,V,L,E,L,E
14013,Rancho El 13 CG,L,V,E,V,L,E,E,E,V,E
14014,Rancho El 13 CG,L,L,L,V,V,L,E,E,E,E
14015,Rancho El 13 CG,E,E,E,E,E,E,V,E,V,L
14016,Rancho El 13 CG,L,V,E,L,L,L,E,E,L,E
14017,Rancho El 13 CG,L,E,E,L,L,V,L,E,L,E
14018,Rancho El 13 CG,E,V,V,E,E,V,L,E,L,E
14019,Rancho El 13 CG,V,E,L,E,L,L,L,E,L,V
14020,Rancho El 13 CG,L,E,L,E,L,L,E,E,L,E
14021,Ratón ceja 1,L,L,V,L,L,L,V,E,V,L
14022,Ratón ceja 2,L,E,L,L,L,L,E,E,E,L
14023,Ratón ceja 3,L,L,E,L,L,L,E,L,E,L
14024,Ratón ceja 4,L,V,V,L,L,L,V,L,L,V
14025,Ratón ceja 5,L,E,V,L,L,L,E,L,L,V
14026,Raul Rangel,L,E,V,L,L,E,L,V,E,E
14027,Raul Rangel,E,L,V,L,E,L,E,L,V,E
14028,Raul Rangel,E,V,E,V,E,V,E,L,E,L
14029,Raul Rangel,E,V,V,E,V,L,E,L,E,L
14030,Raul Rangel,L,E,V,E,L,L,E,V,E,L
14031,Raúl Velázquez,L,L,V,L,E,L,V,L,V,L
14032,Raúl Velázquez,L,V,V,E,L,L,V,E,L,V
14033,Raúl Velázquez,L,V,E,L,V,E,L,V,V,E
14034,Raúl Velázquez,L,E,V,L,L,L,L,L,E,L
14035,Raulillo ,L,E,V,E,L,L,E,L,L,E
14036,Raulillo ,L,E,E,E,L,L,E,L,L,E
14037,Ray Bogarin,L,L,V,V,L,L,E,V,E,E
14038,Ray Bogarin,L,E,V,V,L,L,L,L,V,L
14039,Rayado 7,L,E,V,E,L,L,E,L,E,L
14040,Rayado 7,E,V,V,L,E,V,V,E,L,E
14041,raymundo,L,L,V,V,E,L,V,L,E,E
14042,raymundo,L,V,L,E,L,V,V,L,L,V
14043,raymundo,E,V,V,V,L,V,E,E,L,E
14044,raymundo,E,V,L,V,V,L,V,E,E,V
14045,raymundo,L,V,E,E,L,E,E,E,L,L
14046,Raymundo posada,L,L,V,L,L,L,V,E,L,L
14047,Raymundo posada,L,V,V,L,L,E,L,E,L,E
14048,Raymundo posada,E,V,V,E,L,V,E,L,L,V
14049,Raymundo posada,L,L,E,L,E,L,L,L,L,L
14050,Raymundo posada,L,L,L,E,L,E,E,L,E,L
14051,RAYOS DE NECAXA,L,E,V,E,L,L,E,L,L,L
14052,RAYOS DE NECAXA,L,V,E,L,L,L,V,E,E,L
14053,RAYOS DE NECAXA,L,E,E,V,E,L,E,L,V,L
14054,RAYOS DE NECAXA,L,L,V,E,V,E,E,L,V,L
14055,Rencoroso JJ,L,L,V,E,L,V,L,L,V,L
14056,Rencoroso JJ,L,E,V,V,E,E,E,L,V,L
14057,René Linarte,L,E,V,E,L,L,L,L,V,V
14058,René Z10 ,L,L,V,V,L,L,V,L,E,L
14059,René Z10 ,L,L,V,V,L,L,V,L,V,L
14060,René Z10 ,L,L,V,E,L,L,V,L,E,L
14061,René Z10 ,L,L,V,E,L,L,V,L,V,L
14062,René Z10 ,L,E,V,V,L,L,V,L,E,L
14063,René Z10 ,L,E,V,V,L,L,V,L,V,L
14064,René Z10 ,L,E,V,E,L,L,V,L,E,L
14065,René Z10 ,L,E,V,E,L,L,V,L,V,L
14066,Renecin123,L,E,V,E,E,L,L,L,E,E
14067,Renecin123,L,E,V,E,E,L,V,L,V,E
14068,Renecin123,L,V,V,L,L,L,E,L,E,L
14069,Renecin123,L,E,V,E,L,E,L,L,L,L
14070,Revancha VENOM 296 ,L,L,L,L,L,L,E,L,L,L
14071,Revancha VENOM 296 ,L,L,L,L,L,L,E,L,E,L
14072,Revancha VENOM 296 ,L,L,L,L,L,L,E,L,V,L
14073,Revancha VENOM 296 ,L,L,L,L,L,L,E,V,L,L
14074,Revancha VENOM 296 ,L,L,L,L,L,L,E,V,E,L
14075,Revancha VENOM 296 ,L,L,L,L,L,L,E,V,V,L
14076,Revancha VENOM 296 ,L,L,L,L,L,L,V,L,L,L
14077,Revancha VENOM 296 ,L,L,L,L,L,L,V,L,E,L
14078,Revancha VENOM 296 ,L,L,L,L,L,L,V,L,V,L
14079,Revancha VENOM 296 ,L,L,L,L,L,L,V,V,L,L
14080,Revancha VENOM 296 ,L,L,L,L,L,L,V,V,E,L
14081,Revancha VENOM 296 ,L,L,L,L,L,L,V,V,V,L
14082,Revancha VENOM 296 ,L,L,L,E,L,L,E,L,L,L
14083,Revancha VENOM 296 ,L,L,L,E,L,L,E,L,E,L
14084,Revancha VENOM 296 ,L,L,L,E,L,L,E,L,V,L
14085,Revancha VENOM 296 ,L,L,L,E,L,L,E,V,L,L
14086,Revancha VENOM 296 ,L,L,L,E,L,L,E,V,E,L
14087,Revancha VENOM 296 ,L,L,L,E,L,L,E,V,V,L
14088,Revancha VENOM 296 ,L,L,L,E,L,L,V,L,L,L
14089,Revancha VENOM 296 ,L,L,L,E,L,L,V,L,E,L
14090,Revancha VENOM 296 ,L,L,L,E,L,L,V,L,V,L
14091,Revancha VENOM 296 ,L,L,L,E,L,L,V,V,L,L
14092,Revancha VENOM 296 ,L,L,L,E,L,L,V,V,E,L
14093,Revancha VENOM 296 ,L,L,L,E,L,L,V,V,V,L
14094,Revancha VENOM 296 ,L,L,L,V,L,L,E,L,L,L
14095,Revancha VENOM 296 ,L,L,L,V,L,L,E,L,E,L
14096,Revancha VENOM 296 ,L,L,L,V,L,L,E,L,V,L
14097,Revancha VENOM 296 ,L,L,L,V,L,L,E,V,L,L
14098,Revancha VENOM 296 ,L,L,L,V,L,L,E,V,E,L
14099,Revancha VENOM 296 ,L,L,L,V,L,L,E,V,V,L
14100,Revancha VENOM 296 ,L,L,L,V,L,L,V,L,L,L
14101,Revancha VENOM 296 ,L,L,L,V,L,L,V,L,E,L
14102,Revancha VENOM 296 ,L,L,L,V,L,L,V,L,V,L
14103,Revancha VENOM 296 ,L,L,L,V,L,L,V,V,L,L
14104,Revancha VENOM 296 ,L,L,L,V,L,L,V,V,E,L
14105,Revancha VENOM 296 ,L,L,L,V,L,L,V,V,V,L
14106,Revancha VENOM 296 ,L,L,V,L,L,L,E,L,L,L
14107,Revancha VENOM 296 ,L,L,V,L,L,L,E,L,E,L
14108,Revancha VENOM 296 ,L,L,V,L,L,L,E,L,V,L
14109,Revancha VENOM 296 ,L,L,V,L,L,L,E,V,L,L
14110,Revancha VENOM 296 ,L,L,V,L,L,L,E,V,E,L
14111,Revancha VENOM 296 ,L,L,V,L,L,L,E,V,V,L
14112,Revancha VENOM 296 ,L,L,V,L,L,L,V,L,L,L
14113,Revancha VENOM 296 ,L,L,V,L,L,L,V,L,E,L
14114,Revancha VENOM 296 ,L,L,V,L,L,L,V,L,V,L
14115,Revancha VENOM 296 ,L,L,V,L,L,L,V,V,L,L
14116,Revancha VENOM 296 ,L,L,V,L,L,L,V,V,E,L
14117,Revancha VENOM 296 ,L,L,V,L,L,L,V,V,V,L
14118,Revancha VENOM 296 ,L,L,V,E,L,L,E,L,L,L
14119,Revancha VENOM 296 ,L,L,V,E,L,L,E,L,E,L
14120,Revancha VENOM 296 ,L,L,V,E,L,L,E,L,V,L
14121,Revancha VENOM 296 ,L,L,V,E,L,L,E,V,L,L
14122,Revancha VENOM 296 ,L,L,V,E,L,L,E,V,E,L
14123,Revancha VENOM 296 ,L,L,V,E,L,L,E,V,V,L
14124,Revancha VENOM 296 ,L,L,V,E,L,L,V,L,L,L
14125,Revancha VENOM 296 ,L,L,V,E,L,L,V,L,E,L
14126,Revancha VENOM 296 ,L,L,V,E,L,L,V,L,V,L
14127,Revancha VENOM 296 ,L,L,V,E,L,L,V,V,L,L
14128,Revancha VENOM 296 ,L,L,V,E,L,L,V,V,E,L
14129,Revancha VENOM 296 ,L,L,V,E,L,L,V,V,V,L
14130,Revancha VENOM 296 ,L,L,V,V,L,L,E,L,L,L
14131,Revancha VENOM 296 ,L,L,V,V,L,L,E,L,E,L
14132,Revancha VENOM 296 ,L,L,V,V,L,L,E,L,V,L
14133,Revancha VENOM 296 ,L,L,V,V,L,L,E,V,L,L
14134,Revancha VENOM 296 ,L,L,V,V,L,L,E,V,E,L
14135,Revancha VENOM 296 ,L,L,V,V,L,L,E,V,V,L
14136,Revancha VENOM 296 ,L,L,V,V,L,L,V,L,L,L
14137,Revancha VENOM 296 ,L,L,V,V,L,L,V,L,E,L
14138,Revancha VENOM 296 ,L,L,V,V,L,L,V,L,V,L
14139,Revancha VENOM 296 ,L,L,V,V,L,L,V,V,L,L
14140,Revancha VENOM 296 ,L,L,V,V,L,L,V,V,E,L
14141,Revancha VENOM 296 ,L,L,V,V,L,L,V,V,V,L
14142,Revancha VENOM 296 ,L,E,L,L,L,L,E,L,L,L
14143,Revancha VENOM 296 ,L,E,L,L,L,L,E,L,E,L
14144,Revancha VENOM 296 ,L,E,L,L,L,L,E,L,V,L
14145,Revancha VENOM 296 ,L,E,L,L,L,L,E,V,L,L
14146,Revancha VENOM 296 ,L,E,L,L,L,L,E,V,E,L
14147,Revancha VENOM 296 ,L,E,L,L,L,L,E,V,V,L
14148,Revancha VENOM 296 ,L,E,L,L,L,L,V,L,L,L
14149,Revancha VENOM 296 ,L,E,L,L,L,L,V,L,E,L
14150,Revancha VENOM 296 ,L,E,L,L,L,L,V,L,V,L
14151,Revancha VENOM 296 ,L,E,L,L,L,L,V,V,L,L
14152,Revancha VENOM 296 ,L,E,L,L,L,L,V,V,E,L
14153,Revancha VENOM 296 ,L,E,L,L,L,L,V,V,V,L
14154,Revancha VENOM 296 ,L,E,L,E,L,L,E,L,L,L
14155,Revancha VENOM 296 ,L,E,L,E,L,L,E,L,E,L
14156,Revancha VENOM 296 ,L,E,L,E,L,L,E,L,V,L
14157,Revancha VENOM 296 ,L,E,L,E,L,L,E,V,L,L
14158,Revancha VENOM 296 ,L,E,L,E,L,L,E,V,E,L
14159,Revancha VENOM 296 ,L,E,L,E,L,L,E,V,V,L
14160,Revancha VENOM 296 ,L,E,L,E,L,L,V,L,L,L
14161,Revancha VENOM 296 ,L,E,L,E,L,L,V,L,E,L
14162,Revancha VENOM 296 ,L,E,L,E,L,L,V,L,V,L
14163,Revancha VENOM 296 ,L,E,L,E,L,L,V,V,L,L
14164,Revancha VENOM 296 ,L,E,L,E,L,L,V,V,E,L
14165,Revancha VENOM 296 ,L,E,L,E,L,L,V,V,V,L
14166,Revancha VENOM 296 ,L,E,L,V,L,L,E,L,L,L
14167,Revancha VENOM 296 ,L,E,L,V,L,L,E,L,E,L
14168,Revancha VENOM 296 ,L,E,L,V,L,L,E,L,V,L
14169,Revancha VENOM 296 ,L,E,L,V,L,L,E,V,L,L
14170,Revancha VENOM 296 ,L,E,L,V,L,L,E,V,E,L
14171,Revancha VENOM 296 ,L,E,L,V,L,L,E,V,V,L
14172,Revancha VENOM 296 ,L,E,L,V,L,L,V,L,L,L
14173,Revancha VENOM 296 ,L,E,L,V,L,L,V,L,E,L
14174,Revancha VENOM 296 ,L,E,L,V,L,L,V,L,V,L
14175,Revancha VENOM 296 ,L,E,L,V,L,L,V,V,L,L
14176,Revancha VENOM 296 ,L,E,L,V,L,L,V,V,E,L
14177,Revancha VENOM 296 ,L,E,L,V,L,L,V,V,V,L
14178,Revancha VENOM 296 ,L,E,V,L,L,L,E,L,L,L
14179,Revancha VENOM 296 ,L,E,V,L,L,L,E,L,E,L
14180,Revancha VENOM 296 ,L,E,V,L,L,L,E,L,V,L
14181,Revancha VENOM 296 ,L,E,V,L,L,L,E,V,L,L
14182,Revancha VENOM 296 ,L,E,V,L,L,L,E,V,E,L
14183,Revancha VENOM 296 ,L,E,V,L,L,L,E,V,V,L
14184,Revancha VENOM 296 ,L,E,V,L,L,L,V,L,L,L
14185,Revancha VENOM 296 ,L,E,V,L,L,L,V,L,E,L
14186,Revancha VENOM 296 ,L,E,V,L,L,L,V,L,V,L
14187,Revancha VENOM 296 ,L,E,V,L,L,L,V,V,L,L
14188,Revancha VENOM 296 ,L,E,V,L,L,L,V,V,E,L
14189,Revancha VENOM 296 ,L,E,V,L,L,L,V,V,V,L
14190,Revancha VENOM 296 ,L,E,V,E,L,L,E,L,L,L
14191,Revancha VENOM 296 ,L,E,V,E,L,L,E,L,E,L
14192,Revancha VENOM 296 ,L,E,V,E,L,L,E,L,V,L
14193,Revancha VENOM 296 ,L,E,V,E,L,L,E,V,L,L
14194,Revancha VENOM 296 ,L,E,V,E,L,L,E,V,E,L
14195,Revancha VENOM 296 ,L,E,V,E,L,L,E,V,V,L
14196,Revancha VENOM 296 ,L,E,V,E,L,L,V,L,L,L
14197,Revancha VENOM 296 ,L,E,V,E,L,L,V,L,E,L
14198,Revancha VENOM 296 ,L,E,V,E,L,L,V,L,V,L
14199,Revancha VENOM 296 ,L,E,V,E,L,L,V,V,L,L
14200,Revancha VENOM 296 ,L,E,V,E,L,L,V,V,E,L
14201,Revancha VENOM 296 ,L,E,V,E,L,L,V,V,V,L
14202,Revancha VENOM 296 ,L,E,V,V,L,L,E,L,L,L
14203,Revancha VENOM 296 ,L,E,V,V,L,L,E,L,E,L
14204,Revancha VENOM 296 ,L,E,V,V,L,L,E,L,V,L
14205,Revancha VENOM 296 ,L,E,V,V,L,L,E,V,L,L
14206,Revancha VENOM 296 ,L,E,V,V,L,L,E,V,E,L
14207,Revancha VENOM 296 ,L,E,V,V,L,L,E,V,V,L
14208,Revancha VENOM 296 ,L,E,V,V,L,L,V,L,L,L
14209,Revancha VENOM 296 ,L,E,V,V,L,L,V,L,E,L
14210,Revancha VENOM 296 ,L,E,V,V,L,L,V,L,V,L
14211,Revancha VENOM 296 ,L,E,V,V,L,L,V,V,L,L
14212,Revancha VENOM 296 ,L,E,V,V,L,L,V,V,E,L
14213,Revancha VENOM 296 ,L,E,V,V,L,L,V,V,V,L
14214,Revancha VENOM 296 ,L,V,L,L,L,L,E,L,L,L
14215,Revancha VENOM 296 ,L,V,L,L,L,L,E,L,E,L
14216,Revancha VENOM 296 ,L,V,L,L,L,L,E,L,V,L
14217,Revancha VENOM 296 ,L,V,L,L,L,L,E,V,L,L
14218,Revancha VENOM 296 ,L,V,L,L,L,L,E,V,E,L
14219,Revancha VENOM 296 ,L,V,L,L,L,L,E,V,V,L
14220,Revancha VENOM 296 ,L,V,L,L,L,L,V,L,L,L
14221,Revancha VENOM 296 ,L,V,L,L,L,L,V,L,E,L
14222,Revancha VENOM 296 ,L,V,L,L,L,L,V,L,V,L
14223,Revancha VENOM 296 ,L,V,L,L,L,L,V,V,L,L
14224,Revancha VENOM 296 ,L,V,L,L,L,L,V,V,E,L
14225,Revancha VENOM 296 ,L,V,L,L,L,L,V,V,V,L
14226,Revancha VENOM 296 ,L,V,L,E,L,L,E,L,L,L
14227,Revancha VENOM 296 ,L,V,L,E,L,L,E,L,E,L
14228,Revancha VENOM 296 ,L,V,L,E,L,L,E,L,V,L
14229,Revancha VENOM 296 ,L,V,L,E,L,L,E,V,L,L
14230,Revancha VENOM 296 ,L,V,L,E,L,L,E,V,E,L
14231,Revancha VENOM 296 ,L,V,L,E,L,L,E,V,V,L
14232,Revancha VENOM 296 ,L,V,L,E,L,L,V,L,L,L
14233,Revancha VENOM 296 ,L,V,L,E,L,L,V,L,E,L
14234,Revancha VENOM 296 ,L,V,L,E,L,L,V,L,V,L
14235,Revancha VENOM 296 ,L,V,L,E,L,L,V,V,L,L
14236,Revancha VENOM 296 ,L,V,L,E,L,L,V,V,E,L
14237,Revancha VENOM 296 ,L,V,L,E,L,L,V,V,V,L
14238,Revancha VENOM 296 ,L,V,L,V,L,L,E,L,L,L
14239,Revancha VENOM 296 ,L,V,L,V,L,L,E,L,E,L
14240,Revancha VENOM 296 ,L,V,L,V,L,L,E,L,V,L
14241,Revancha VENOM 296 ,L,V,L,V,L,L,E,V,L,L
14242,Revancha VENOM 296 ,L,V,L,V,L,L,E,V,E,L
14243,Revancha VENOM 296 ,L,V,L,V,L,L,E,V,V,L
14244,Revancha VENOM 296 ,L,V,L,V,L,L,V,L,L,L
14245,Revancha VENOM 296 ,L,V,L,V,L,L,V,L,E,L
14246,Revancha VENOM 296 ,L,V,L,V,L,L,V,L,V,L
14247,Revancha VENOM 296 ,L,V,L,V,L,L,V,V,L,L
14248,Revancha VENOM 296 ,L,V,L,V,L,L,V,V,E,L
14249,Revancha VENOM 296 ,L,V,L,V,L,L,V,V,V,L
14250,Revancha VENOM 296 ,L,V,V,L,L,L,E,L,L,L
14251,Revancha VENOM 296 ,L,V,V,L,L,L,E,L,E,L
14252,Revancha VENOM 296 ,L,V,V,L,L,L,E,L,V,L
14253,Revancha VENOM 296 ,L,V,V,L,L,L,E,V,L,L
14254,Revancha VENOM 296 ,L,V,V,L,L,L,E,V,E,L
14255,Revancha VENOM 296 ,L,V,V,L,L,L,E,V,V,L
14256,Revancha VENOM 296 ,L,V,V,L,L,L,V,L,L,L
14257,Revancha VENOM 296 ,L,V,V,L,L,L,V,L,E,L
14258,Revancha VENOM 296 ,L,V,V,L,L,L,V,L,V,L
14259,Revancha VENOM 296 ,L,V,V,L,L,L,V,V,L,L
14260,Revancha VENOM 296 ,L,V,V,L,L,L,V,V,E,L
14261,Revancha VENOM 296 ,L,V,V,L,L,L,V,V,V,L
14262,Revancha VENOM 296 ,L,V,V,E,L,L,E,L,L,L
14263,Revancha VENOM 296 ,L,V,V,E,L,L,E,L,E,L
14264,Revancha VENOM 296 ,L,V,V,E,L,L,E,L,V,L
14265,Revancha VENOM 296 ,L,V,V,E,L,L,E,V,L,L
14266,Revancha VENOM 296 ,L,V,V,E,L,L,E,V,E,L
14267,Revancha VENOM 296 ,L,V,V,E,L,L,E,V,V,L
14268,Revancha VENOM 296 ,L,V,V,E,L,L,V,L,L,L
14269,Revancha VENOM 296 ,L,V,V,E,L,L,V,L,E,L
14270,Revancha VENOM 296 ,L,V,V,E,L,L,V,L,V,L
14271,Revancha VENOM 296 ,L,V,V,E,L,L,V,V,L,L
14272,Revancha VENOM 296 ,L,V,V,E,L,L,V,V,E,L
14273,Revancha VENOM 296 ,L,V,V,E,L,L,V,V,V,L
14274,Revancha VENOM 296 ,L,V,V,V,L,L,E,L,L,L
14275,Revancha VENOM 296 ,L,V,V,V,L,L,E,L,E,L
14276,Revancha VENOM 296 ,L,V,V,V,L,L,E,L,V,L
14277,Revancha VENOM 296 ,L,V,V,V,L,L,E,V,L,L
14278,Revancha VENOM 296 ,L,V,V,V,L,L,E,V,E,L
14279,Revancha VENOM 296 ,L,V,V,V,L,L,E,V,V,L
14280,Revancha VENOM 296 ,L,V,V,V,L,L,V,L,L,L
14281,Revancha VENOM 296 ,L,V,V,V,L,L,V,L,E,L
14282,Revancha VENOM 296 ,L,V,V,V,L,L,V,L,V,L
14283,Revancha VENOM 296 ,L,V,V,V,L,L,V,V,L,L
14284,Revancha VENOM 296 ,L,V,V,V,L,L,V,V,E,L
14285,Revancha VENOM 296 ,L,V,V,V,L,L,V,V,V,L
14286,Revancha VENOM 296 ,L,L,E,L,L,L,E,L,L,L
14287,Revancha VENOM 296 ,L,L,E,L,L,L,E,L,E,L
14288,Revancha VENOM 296 ,L,L,E,L,E,L,E,L,L,L
14289,Revancha VENOM 296 ,L,L,E,L,E,L,E,L,E,L
14290,Revancha VENOM 296 ,L,L,E,E,L,L,E,L,L,L
14291,Revancha VENOM 296 ,L,L,E,E,L,L,E,L,E,L
14292,Revancha VENOM 296 ,L,L,E,E,E,L,E,L,L,L
14293,Revancha VENOM 296 ,L,L,E,E,E,L,E,L,E,L
14294,Revancha VENOM 296 ,L,L,V,L,L,L,E,L,L,L
14295,Revancha VENOM 296 ,L,L,V,L,L,L,E,L,E,L
14296,Revancha VENOM 296 ,L,L,V,L,E,L,E,L,L,L
14297,Revancha VENOM 296 ,L,L,V,L,E,L,E,L,E,L
14298,Revancha VENOM 296 ,L,L,V,E,L,L,E,L,L,L
14299,Revancha VENOM 296 ,L,L,V,E,L,L,E,L,E,L
14300,Revancha VENOM 296 ,L,L,V,E,E,L,E,L,L,L
14301,Revancha VENOM 296 ,L,L,V,E,E,L,E,L,E,L
14302,Revancha VENOM 296 ,L,V,E,L,L,L,E,L,L,L
14303,Revancha VENOM 296 ,L,V,E,L,L,L,E,L,E,L
14304,Revancha VENOM 296 ,L,V,E,L,E,L,E,L,L,L
14305,Revancha VENOM 296 ,L,V,E,L,E,L,E,L,E,L
14306,Revancha VENOM 296 ,L,V,E,E,L,L,E,L,L,L
14307,Revancha VENOM 296 ,L,V,E,E,L,L,E,L,E,L
14308,Revancha VENOM 296 ,L,V,E,E,E,L,E,L,L,L
14309,Revancha VENOM 296 ,L,V,E,E,E,L,E,L,E,L
14310,Revancha VENOM 296 ,L,V,V,L,L,L,E,L,L,L
14311,Revancha VENOM 296 ,L,V,V,L,L,L,E,L,E,L
14312,Revancha VENOM 296 ,L,V,V,L,E,L,E,L,L,L
14313,Revancha VENOM 296 ,L,V,V,L,E,L,E,L,E,L
14314,Revancha VENOM 296 ,L,V,V,E,L,L,E,L,L,L
14315,Revancha VENOM 296 ,L,V,V,E,L,L,E,L,E,L
14316,Revancha VENOM 296 ,L,V,V,E,E,L,E,L,L,L
14317,Revancha VENOM 296 ,L,V,V,E,E,L,E,L,E,L
14318,Reyes morales,L,V,V,L,L,L,L,L,L,L
14319,Reyes morales,L,E,V,E,L,E,L,E,E,L
14320,Reyes morales,L,V,V,V,V,V,V,V,V,V
14321,Reyes morales,L,E,E,E,E,E,E,E,E,E
14322,Reyes morales ,L,V,V,E,L,L,V,L,V,L
14323,Reyes morales ,L,V,V,E,L,L,V,L,E,L
14324,Reyes morales ,L,V,V,E,L,L,E,L,V,L
14325,Reyes morales ,L,V,V,E,L,L,E,L,E,L
14326,Reyes morales ,L,V,V,E,E,L,V,L,V,L
14327,Reyes morales ,L,V,V,E,E,L,V,L,E,L
14328,Reyes morales ,L,V,V,E,E,L,E,L,V,L
14329,Reyes morales ,L,V,V,E,E,L,E,L,E,L
14330,Reyes morales ,L,V,V,L,L,L,V,L,V,L
14331,Reyes morales ,L,V,V,L,L,L,V,L,E,L
14332,Reyes morales ,L,V,V,L,L,L,E,L,V,L
14333,Reyes morales ,L,V,V,L,L,L,E,L,E,L
14334,Reyes morales ,L,V,V,L,E,L,V,L,V,L
14335,Reyes morales ,L,V,V,L,E,L,V,L,E,L
14336,Reyes morales ,L,V,V,L,E,L,E,L,V,L
14337,Reyes morales ,L,V,V,L,E,L,E,L,E,L
14338,Ricardo Adolfo,L,V,V,L,L,L,L,L,L,L
14339,Ricardo Adolfo,L,E,L,E,L,E,E,E,V,L
14340,Ricardo mendez qro,L,L,L,L,L,L,L,L,L,L
14341,Ricardo mendez qro,V,L,L,L,V,E,V,L,V,L
14342,Ricardo mendez qro,L,E,V,L,L,E,E,V,E,E
14343,Ricardo mendez qro,L,L,V,L,E,V,E,L,L,V
14344,Ricardo Moreno,L,E,E,L,L,L,E,L,L,L
14345,Ricardo Moreno,L,L,V,E,L,L,L,L,E,L
14346,Ricardo Moreno,L,E,V,E,L,L,L,L,L,E
14347,Ricardo Moreno,L,L,V,L,L,L,E,L,E,L
14348,Ricardo Moreno,L,E,E,L,E,L,E,L,E,L
14349,Ricardo Puga,L,V,V,E,L,L,E,E,L,L
14350,Ricardo Puga,L,L,V,L,L,L,E,L,L,L
14351,Ricardo Puga,L,E,V,E,L,L,E,L,L,E
14352,Ricardo Puga,L,V,V,L,E,L,E,L,E,V
14353,Ricardo Puga,L,E,E,L,L,L,V,E,E,L
14354,Ricardo Puga,L,E,E,V,V,V,L,V,V,L
14355,Ricardo Puga,L,E,V,L,E,L,E,E,E,L
14356,Ricardo Puga,L,L,V,V,E,L,E,E,E,L
14357,Ricardo Puga,L,V,L,E,V,V,E,L,E,E
14358,Ricardo Puga,E,E,E,L,L,E,E,L,V,E
14359,Ricardo Ramirez 15 ,L,V,V,E,L,L,V,V,L,E
14360,Ricardo Ramirez 15 ,E,V,V,E,L,L,V,V,L,E
14361,Riccardo Velazco ,L,E,V,L,L,E,L,L,E,L
14362,Riccardo Velazco ,L,E,V,L,L,E,L,L,V,L
14363,Riccardo Velazco ,L,V,V,L,L,E,L,L,E,L
14364,Riccardo Velazco ,L,V,V,L,L,E,L,L,V,L
14365,Riccardo Velazco ,L,L,V,L,L,E,L,L,E,L
14366,Riccardo Velazco ,L,L,V,L,L,E,L,L,V,L
14367,Richard RR,L,E,V,E,E,L,L,L,E,L
14368,Richard RR,L,L,L,L,L,E,L,E,E,E
14369,Richard RR,V,V,E,L,L,V,L,L,V,E
14370,Richard RR,E,V,E,V,L,L,E,E,V,E
14371,RICHARD1703,L,V,V,V,L,L,V,V,V,L
14372,RICHARD1703 ,E,L,L,L,V,V,E,V,V,L
14373,RICHARD1703 ,E,L,E,L,V,V,E,V,V,L
14374,Richi,L,V,V,L,L,L,L,L,L,E
14375,Richi,L,E,V,V,L,L,L,L,E,L
14376,Richi,L,E,V,V,L,L,E,L,E,E
14377,Richi ,L,V,V,L,L,L,L,L,L,L
14378,Richi ,L,V,V,L,L,L,L,L,E,L
14379,Richi ,L,V,V,L,L,L,L,L,V,L
14380,Richi ,L,V,V,L,L,L,V,L,L,L
14381,Richi ,L,V,V,L,L,L,V,L,E,L
14382,Richi ,L,V,V,L,L,L,V,L,V,L
14383,Richi ,L,V,V,L,E,L,L,L,L,L
14384,Richi ,L,V,V,L,E,L,L,L,E,L
14385,Richi ,L,V,V,L,E,L,L,L,V,L
14386,Richi ,L,V,V,L,E,L,V,L,L,L
14387,Richi ,L,V,V,L,E,L,V,L,E,L
14388,Richi ,L,V,V,L,E,L,V,L,V,L
14389,Richi ,L,V,V,E,L,L,L,L,L,L
14390,Richi ,L,V,V,E,L,L,L,L,E,L
14391,Richi ,L,V,V,E,L,L,L,L,V,L
14392,Richi ,L,V,V,E,L,L,V,L,L,L
14393,Richi ,L,V,V,E,L,L,V,L,E,L
14394,Richi ,L,V,V,E,L,L,V,L,V,L
14395,Richi ,L,V,V,E,E,L,L,L,L,L
14396,Richi ,L,V,V,E,E,L,L,L,E,L
14397,Richi ,L,V,V,E,E,L,L,L,V,L
14398,Richi ,L,V,V,E,E,L,V,L,L,L
14399,Richi ,L,V,V,E,E,L,V,L,E,L
14400,Richi ,L,V,V,E,E,L,V,L,V,L
14401,Richi ,L,E,V,L,L,L,L,L,L,L
14402,Richi ,L,E,V,L,L,L,L,L,E,L
14403,Richi ,L,E,V,L,L,L,L,L,V,L
14404,Richi ,L,E,V,L,L,L,V,L,L,L
14405,Richi ,L,E,V,L,L,L,V,L,E,L
14406,Richi ,L,E,V,L,L,L,V,L,V,L
14407,Richi ,L,E,V,L,E,L,L,L,L,L
14408,Richi ,L,E,V,L,E,L,L,L,E,L
14409,Richi ,L,E,V,L,E,L,L,L,V,L
14410,Richi ,L,E,V,L,E,L,V,L,L,L
14411,Richi ,L,E,V,L,E,L,V,L,E,L
14412,Richi ,L,E,V,L,E,L,V,L,V,L
14413,Richi ,L,E,V,E,L,L,L,L,L,L
14414,Richi ,L,E,V,E,L,L,L,L,E,L
14415,Richi ,L,E,V,E,L,L,L,L,V,L
14416,Richi ,L,E,V,E,L,L,V,L,L,L
14417,Richi ,L,E,V,E,L,L,V,L,E,L
14418,Richi ,L,E,V,E,L,L,V,L,V,L
14419,Richi ,L,E,V,E,E,L,L,L,L,L
14420,Richi ,L,E,V,E,E,L,L,L,E,L
14421,Richi ,L,E,V,E,E,L,L,L,V,L
14422,Richi ,L,E,V,E,E,L,V,L,L,L
14423,Richi ,L,E,V,E,E,L,V,L,E,L
14424,Richi ,L,E,V,E,E,L,V,L,V,L
14425,Richi ,L,L,V,L,L,L,L,L,L,L
14426,Richi ,L,L,V,L,L,L,L,L,E,L
14427,Richi ,L,L,V,L,L,L,L,L,V,L
14428,Richi ,L,L,V,L,L,L,V,L,L,L
14429,Richi ,L,L,V,L,L,L,V,L,E,L
14430,Richi ,L,L,V,L,L,L,V,L,V,L
14431,Richi ,L,L,V,L,E,L,L,L,L,L
14432,Richi ,L,L,V,L,E,L,L,L,E,L
14433,Richi ,L,L,V,L,E,L,L,L,V,L
14434,Richi ,L,L,V,L,E,L,V,L,L,L
14435,Richi ,L,L,V,L,E,L,V,L,E,L
14436,Richi ,L,L,V,L,E,L,V,L,V,L
14437,Richi ,L,L,V,E,L,L,L,L,L,L
14438,Richi ,L,L,V,E,L,L,L,L,E,L
14439,Richi ,L,L,V,E,L,L,L,L,V,L
14440,Richi ,L,L,V,E,L,L,V,L,L,L
14441,Richi ,L,L,V,E,L,L,V,L,E,L
14442,Richi ,L,L,V,E,L,L,V,L,V,L
14443,Richi ,L,L,V,E,E,L,L,L,L,L
14444,Richi ,L,L,V,E,E,L,L,L,E,L
14445,Richi ,L,L,V,E,E,L,L,L,V,L
14446,Richi ,L,L,V,E,E,L,V,L,L,L
14447,Richi ,L,L,V,E,E,L,V,L,E,L
14448,Richi ,L,L,V,E,E,L,V,L,V,L
14449,Richi ,L,L,V,L,L,L,L,L,L,L
14450,Richi ,L,L,V,L,L,L,L,L,V,L
14451,Richi ,L,L,V,L,L,L,E,L,L,L
14452,Richi ,L,L,V,L,L,L,E,L,V,L
14453,Richi ,L,L,V,L,V,L,L,L,L,L
14454,Richi ,L,L,V,L,V,L,L,L,V,L
14455,Richi ,L,L,V,L,V,L,E,L,L,L
14456,Richi ,L,L,V,L,V,L,E,L,V,L
14457,Richi ,L,L,V,V,L,L,L,L,L,L
14458,Richi ,L,L,V,V,L,L,L,L,V,L
14459,Richi ,L,L,V,V,L,L,E,L,L,L
14460,Richi ,L,L,V,V,L,L,E,L,V,L
14461,Richi ,L,L,V,V,V,L,L,L,L,L
14462,Richi ,L,L,V,V,V,L,L,L,V,L
14463,Richi ,L,L,V,V,V,L,E,L,L,L
14464,Richi ,L,L,V,V,V,L,E,L,V,L
14465,Richi ,L,V,V,L,L,L,L,L,L,L
14466,Richi ,L,V,V,L,L,L,L,L,V,L
14467,Richi ,L,V,V,L,L,L,E,L,L,L
14468,Richi ,L,V,V,L,L,L,E,L,V,L
14469,Richi ,L,V,V,L,V,L,L,L,L,L
14470,Richi ,L,V,V,L,V,L,L,L,V,L
14471,Richi ,L,V,V,L,V,L,E,L,L,L
14472,Richi ,L,V,V,L,V,L,E,L,V,L
14473,Richi ,L,V,V,V,L,L,L,L,L,L
14474,Richi ,L,V,V,V,L,L,L,L,V,L
14475,Richi ,L,V,V,V,L,L,E,L,L,L
14476,Richi ,L,V,V,V,L,L,E,L,V,L
14477,Richi ,L,V,V,V,V,L,L,L,L,L
14478,Richi ,L,V,V,V,V,L,L,L,V,L
14479,Richi ,L,V,V,V,V,L,E,L,L,L
14480,Richi ,L,V,V,V,V,L,E,L,V,L
14481,Richi ,L,V,V,L,L,L,L,L,L,L
14482,Richi ,L,V,V,L,L,L,L,E,L,L
14483,Richi ,L,V,V,E,L,L,L,L,L,L
14484,Richi ,L,V,V,E,L,L,L,E,L,L
14485,Richi ,L,E,V,L,L,L,L,L,L,L
14486,Richi ,L,E,V,L,L,L,L,E,L,L
14487,Richi ,L,E,V,E,L,L,L,L,L,L
14488,Richi ,L,E,V,E,L,L,L,E,L,L
14489,Richi ,L,V,L,L,L,L,L,L,L,L
14490,Richi ,L,V,L,L,L,L,L,V,L,L
14491,Richi ,L,V,L,L,L,L,L,E,L,L
14492,Richi ,L,V,L,L,L,L,V,L,L,L
14493,Richi ,L,V,L,L,L,L,V,V,L,L
14494,Richi ,L,V,L,L,L,L,V,E,L,L
14495,Richi ,L,V,V,L,L,L,L,L,L,L
14496,Richi ,L,V,V,L,L,L,L,V,L,L
14497,Richi ,L,V,V,L,L,L,L,E,L,L
14498,Richi ,L,V,V,L,L,L,V,L,L,L
14499,Richi ,L,V,V,L,L,L,V,V,L,L
14500,Richi ,L,V,V,L,L,L,V,E,L,L
14501,Rigo Najarro,L,E,V,L,E,L,E,L,E,L
14502,Rigo Najarro,L,E,E,L,L,E,L,L,V,E
14503,Rikis,L,V,V,L,E,L,V,L,L,L
14504,Rikis,L,L,V,L,V,E,E,L,L,L
14505,Rios,L,E,V,L,V,E,L,E,E,L
14506,Rios,L,E,V,L,L,V,V,L,L,L
14507,Rios,L,E,L,L,V,E,V,L,E,L
14508,Rivera Sanchez,V,E,V,V,L,L,E,L,V,E
14509,Rivera Sanchez,L,V,V,E,L,V,L,V,L,V
14510,Rivera Sanchez,L,L,E,V,V,V,V,E,V,L
14511,Rivera Sanchez,V,V,L,V,E,V,V,L,V,L
14512,Rivera Sanchez,L,E,V,E,V,L,V,E,L,L
14513,Ro287,L,V,E,E,V,L,L,L,L,L
14514,Ro287,L,V,E,E,V,E,L,L,L,L
14515,Ro287,L,V,E,E,V,E,L,L,V,L
14516,Ro287,L,V,E,E,V,L,L,E,L,L
14517,Ro287,L,V,E,E,V,L,L,E,V,L
14518,Ro287,L,V,E,E,V,L,L,L,E,L
14519,Ro287,L,V,E,E,V,L,L,L,V,L
14520,Ro287,L,V,E,V,V,L,L,L,L,L
14521,Ro287,L,V,E,V,V,E,L,L,L,L
14522,Ro287,L,V,E,V,V,E,L,E,L,L
14523,Ro287,L,V,E,V,V,E,L,E,V,L
14524,Ro287,L,V,E,V,V,E,L,L,E,L
14525,Ro287,L,V,E,V,V,E,L,L,V,L
14526,Ro287,L,V,E,V,V,L,L,E,L,L
14527,Ro287,L,V,E,V,V,L,L,E,E,L
14528,Ro287,L,V,E,V,V,L,L,E,V,L
14529,Ro287,L,V,E,V,V,L,L,L,E,L
14530,Ro287,L,V,E,V,V,L,L,L,V,L
14531,Ro287,L,V,E,L,V,L,L,L,L,L
14532,Ro287,L,V,E,L,V,E,L,L,L,L
14533,Ro287,L,V,E,L,V,E,L,E,L,L
14534,Ro287,L,V,E,L,V,E,L,E,V,L
14535,Ro287,L,V,E,L,V,E,L,L,E,L
14536,Ro287,L,V,E,L,V,E,L,L,V,L
14537,Ro287,L,V,E,L,V,L,L,E,L,L
14538,Ro287,L,V,E,L,V,L,L,E,E,L
14539,Ro287,L,V,E,L,V,L,L,E,V,L
14540,Ro287,L,V,E,L,V,L,L,L,E,L
14541,Ro287,L,V,E,L,V,L,L,L,V,L
14542,Ro287,L,V,V,E,V,L,L,L,L,L
14543,Ro287,L,V,V,E,V,E,L,L,L,L
14544,Ro287,L,V,V,E,V,E,L,E,L,L
14545,Ro287,L,V,V,E,V,E,L,E,V,L
14546,Ro287,L,V,V,E,V,E,L,L,E,L
14547,Ro287,L,V,V,E,V,E,L,L,V,L
14548,Ro287,L,V,V,E,V,L,L,E,L,L
14549,Ro287,L,V,V,E,V,L,L,E,E,L
14550,Ro287,L,V,V,E,V,L,L,E,V,L
14551,Ro287,L,V,V,E,V,L,L,L,E,L
14552,Ro287,L,V,V,E,V,L,L,L,V,L
14553,Ro287,L,V,V,V,V,L,L,L,L,L
14554,Ro287,L,V,V,V,V,E,L,L,L,L
14555,Ro287,L,V,V,V,V,E,L,E,L,L
14556,Ro287,L,V,V,V,V,E,L,E,E,L
14557,Ro287,L,V,V,V,V,E,L,E,V,L
14558,Ro287,L,V,V,V,V,E,L,L,E,L
14559,Ro287,L,V,V,V,V,E,L,L,V,L
14560,Ro287,L,V,V,V,V,L,L,E,L,L
14561,Ro287,L,V,V,V,V,L,L,E,E,L
14562,Ro287,L,V,V,V,V,L,L,E,V,L
14563,Ro287,L,V,V,V,V,L,L,L,E,L
14564,Ro287,L,V,V,V,V,L,L,L,V,L
14565,Ro287,L,V,V,L,V,L,L,L,L,L
14566,Ro287,L,V,V,L,V,E,L,L,L,L
14567,Ro287,L,V,V,L,V,E,L,E,L,L
14568,Ro287,L,V,V,L,V,E,L,E,E,L
14569,Ro287,L,V,V,L,V,E,L,E,V,L
14570,Ro287,L,V,V,L,V,E,L,L,E,L
14571,Ro287,L,V,V,L,V,E,L,L,V,L
14572,Ro287,L,V,V,L,V,L,L,E,L,L
14573,Ro287,L,V,V,L,V,L,L,E,E,L
14574,Ro287,L,V,V,L,V,L,L,E,V,L
14575,Ro287,L,V,V,L,V,L,L,L,E,L
14576,Ro287,L,V,V,L,V,L,L,L,V,L
14577,ROBERTO martinez,L,V,V,L,L,L,V,L,L,V
14578,ROBERTO martinez,L,L,V,L,L,L,L,L,L,L
14579,ROBERTO martinez,L,E,V,L,L,L,L,L,E,E
14580,ROBERTO martinez,L,V,L,L,V,L,E,E,L,V
14581,ROBERTO martinez,L,V,V,L,L,L,V,V,L,V
14582,ROBERTO martinez,L,L,V,L,L,L,V,V,V,L
14583,ROBERTO martinez,L,E,V,V,E,E,L,L,E,E
14584,Roberto Morales,V,L,L,L,L,V,V,L,V,V
14585,Roberto Morales,L,L,V,V,L,L,V,L,V,L
14586,Roberto Morales,E,V,L,E,V,E,L,E,E,V
14587,Roberto Morales,V,V,L,L,E,L,V,V,E,L
14588,Roberto Morales,E,V,L,V,E,L,V,V,L,E
14589,Roberto Morales,V,L,L,V,V,V,V,L,E,L
14590,Roberto Morales,L,V,V,E,L,L,V,E,L,V
14591,Roberto Morales,V,E,L,V,L,E,V,E,E,E
14592,Roberto Morales,L,L,L,L,E,V,V,V,L,L
14593,Roberto Ortiz,L,L,E,L,L,E,V,V,L,L
14594,Roberto Ortiz,E,V,E,E,V,V,L,L,L,E
14595,RobertoRamirez 1,L,E,V,E,L,L,L,E,V,L
14596,RobertoRamirez 2,L,V,V,L,E,L,E,L,E,L
14597,Rocendo,L,L,V,L,E,L,E,L,V,L
14598,Rocendo,L,E,V,L,L,E,V,L,V,L
14599,Rocendo,L,V,V,L,E,L,V,L,V,L
14600,Rocendo,L,V,V,E,L,L,E,E,L,L
14601,Rocendo,L,E,V,V,L,L,E,L,V,L
14602,Rocendo,L,L,V,V,V,L,V,L,L,L
14603,Rocendo,L,E,V,L,V,E,E,V,E,L
14604,Roci y luna 🐻🐻,L,V,V,L,V,L,V,L,L,L
14605,Roci y luna 🐻🐻,V,L,V,L,E,E,E,V,V,L
14606,Roci y luna 🐻🐻,L,V,V,L,E,L,V,V,V,V
14607,Rocky y anne,L,V,V,E,L,L,E,L,L,E
14608,Rocky y anne,L,V,V,V,L,E,V,L,L,L
14609,Rocky y anne,L,V,V,V,L,L,E,V,L,L
14610,Rocky y anne,L,V,V,L,L,L,L,V,E,L
14611,Rocky y anne,L,E,V,L,L,L,E,V,L,L
14612,Rocky y anne,L,V,V,E,L,L,L,V,E,E
14613,RODOLFO MAYA GARCIA,L,V,L,V,L,V,V,L,V,L
14614,RODOLFO MAYA GARCIA,V,L,V,L,V,V,L,L,L,V
14615,Rodolfo Sapiem,L,E,V,E,L,L,V,E,E,V
14616,Rodolfo Sapiem,L,L,V,E,L,L,V,E,L,L
14617,Rodolfo Sapiem,E,V,L,L,E,V,L,L,V,E
14618,Rodolfo Sapiem,L,E,V,L,L,L,L,L,E,L
14619,Rodolfo Sapiem,L,L,V,L,E,L,L,L,L,E
14620,Rodolfo Sapiem,L,V,E,E,E,L,L,L,V,L
14621,Rodolfo Sapiem,L,E,V,L,V,E,E,E,L,V
14622,Rodolfo Sapiem,E,L,E,V,L,V,E,V,E,L
14623,Rodolfo Sapiem,L,E,L,E,L,L,V,L,E,V
14624,Rodolfo Sapiem,V,V,E,L,L,E,L,E,E,L
14625,Rodrigo Ortiz,L,V,V,L,L,V,E,V,V,V
14626,Rodrigo Ortiz,L,L,V,L,L,E,V,L,V,L
14627,Rodrigo Ortiz,V,V,L,L,V,L,L,V,L,L
14628,Rodrigo Ortiz,V,V,V,L,E,L,E,L,V,L
14629,Rodrigo Ortiz,L,V,V,L,V,V,L,E,L,V
14630,Rogelio Álvarez,L,L,V,L,L,L,E,L,E,L
14631,Rogelio lara u,V,V,L,V,E,V,L,V,E,E
14632,Rogelio lara u,V,E,V,E,E,V,V,E,V,E
14633,Rogelio lara u,V,E,E,V,L,L,V,V,V,E
14634,Rogelio lara u,V,L,L,L,L,V,E,L,E,V
14635,Rogelio lara u,L,E,V,E,E,E,V,E,V,V
14636,Rogelio lara u ,E,L,L,V,V,L,V,L,L,V
14637,Rogelio lara u ,E,L,E,V,V,L,V,L,L,V
14638,Rogelio lara u ,E,E,L,V,V,L,V,L,L,V
14639,Rogelio lara u ,E,E,E,V,V,L,V,L,L,V
14640,Rogelio lara u ,V,L,L,V,V,L,V,L,L,V
14641,Rogelio lara u ,V,L,E,V,V,L,V,L,L,V
14642,Rogelio lara u ,V,E,L,V,V,L,V,L,L,V
14643,Rogelio lara u ,V,E,E,V,V,L,V,L,L,V
14644,Rogelio lara u ,L,L,V,L,L,L,L,L,E,L
14645,Rogelio lara u ,L,L,V,L,L,L,L,L,V,L
14646,Rogelio lara u ,L,L,V,L,L,L,L,E,E,L
14647,Rogelio lara u ,L,L,V,L,L,L,L,E,V,L
14648,Rogelio lara u ,L,L,V,L,E,L,L,L,E,L
14649,Rogelio lara u ,L,L,V,L,E,L,L,L,V,L
14650,Rogelio lara u ,L,L,V,L,E,L,L,E,E,L
14651,Rogelio lara u ,L,L,V,L,E,L,L,E,V,L
14652,Rogelio lara u ,L,L,V,E,L,L,L,L,E,L
14653,Rogelio lara u ,L,L,V,E,L,L,L,L,V,L
14654,Rogelio lara u ,L,L,V,E,L,L,L,E,E,L
14655,Rogelio lara u ,L,L,V,E,L,L,L,E,V,L
14656,Rogelio lara u ,L,L,V,E,E,L,L,L,E,L
14657,Rogelio lara u ,L,L,V,E,E,L,L,L,V,L
14658,Rogelio lara u ,L,L,V,E,E,L,L,E,E,L
14659,Rogelio lara u ,L,L,V,E,E,L,L,E,V,L
14660,Rogelio lara u ,L,E,V,L,L,L,L,L,E,L
14661,Rogelio lara u ,L,E,V,L,L,L,L,L,V,L
14662,Rogelio lara u ,L,E,V,L,L,L,L,E,E,L
14663,Rogelio lara u ,L,E,V,L,L,L,L,E,V,L
14664,Rogelio lara u ,L,E,V,L,E,L,L,L,E,L
14665,Rogelio lara u ,L,E,V,L,E,L,L,L,V,L
14666,Rogelio lara u ,L,E,V,L,E,L,L,E,E,L
14667,Rogelio lara u ,L,E,V,L,E,L,L,E,V,L
14668,Rogelio lara u ,L,E,V,E,L,L,L,L,E,L
14669,Rogelio lara u ,L,E,V,E,L,L,L,L,V,L
14670,Rogelio lara u ,L,E,V,E,L,L,L,E,E,L
14671,Rogelio lara u ,L,E,V,E,L,L,L,E,V,L
14672,Rogelio lara u ,L,E,V,E,E,L,L,L,E,L
14673,Rogelio lara u ,L,E,V,E,E,L,L,L,V,L
14674,Rogelio lara u ,L,E,V,E,E,L,L,E,E,L
14675,Rogelio lara u ,L,E,V,E,E,L,L,E,V,L
14676,Rolando,L,V,L,E,L,L,V,L,E,E
14677,Rolando,E,V,E,E,L,V,V,E,L,L
14678,Rolando,L,V,V,L,L,L,V,V,V,L
14679,Rolando,V,V,L,L,L,E,E,E,L,L
14680,Rolando,L,E,V,L,L,V,V,V,L,L
14681,Rolando,L,V,V,L,L,V,V,L,V,L
14682,Rolando,E,E,V,E,E,V,L,L,L,L
14683,Rolando,L,L,V,E,E,V,V,L,V,L
14684,Rolando,V,V,V,L,L,L,V,V,V,L
14685,Rolando ,L,V,V,L,L,L,V,L,V,L
14686,Rolando ,V,V,V,L,L,L,V,L,V,L
14687,Rolando ,E,V,V,L,L,L,V,L,V,L
14688,Rolas,V,V,V,L,E,L,V,L,E,E
14689,Rolas,L,V,V,L,L,E,V,L,V,V
14690,Rolas,L,E,V,E,L,L,V,E,V,V
14691,Rolas,L,V,V,L,L,L,V,V,L,V
14692,Rolas,V,V,L,L,E,L,E,L,L,L
14693,ROMAN 72,E,E,V,L,L,L,V,E,L,L
14694,ROMAN 72,L,L,V,V,E,L,E,E,E,E
14695,ROMAN 72,L,V,V,L,L,L,L,L,L,L
14696,ROMAN 72,L,L,E,E,E,V,V,V,L,L
14697,ROMAN 72,L,L,V,L,L,L,V,L,V,L
14698,ROMAN 72,E,E,E,L,L,L,E,E,V,L
14699,ROMAN 72,L,V,V,L,L,L,L,L,L,L
14700,ROMAN 72,V,V,V,V,L,V,V,V,V,L
14701,Roman Carbajal Garcí,L,V,V,L,L,L,L,L,L,V
14702,Roman Carbajal Garcí,L,L,L,V,V,V,V,V,V,E
14703,Roman GTZ,L,V,V,V,L,L,L,V,L,L
14704,Roman GTZ ,L,V,V,V,L,E,L,V,L,L
14705,Roman GTZ ,L,V,V,V,L,E,L,E,L,L
14706,Roman GTZ ,L,V,V,E,L,E,L,V,L,L
14707,Roman GTZ ,L,V,V,E,L,E,L,E,L,L
14708,Romiwinner ,L,E,V,L,L,L,E,L,E,E
14709,Romiwinner ,L,E,V,L,L,L,E,L,L,E
14710,Romiwinner ,L,E,V,L,L,L,V,L,E,E
14711,Romiwinner ,L,E,V,L,L,L,V,L,L,E
14712,Romiwinner ,L,E,V,L,V,L,E,L,E,E
14713,Romiwinner ,L,E,V,L,V,L,E,L,L,E
14714,Romiwinner ,L,E,V,L,V,L,V,L,E,E
14715,Romiwinner ,L,E,V,L,V,L,V,L,L,E
14716,Romiwinner ,L,E,V,E,L,L,E,L,E,E
14717,Romiwinner ,L,E,V,E,L,L,E,L,L,E
14718,Romiwinner ,L,E,V,E,L,L,V,L,E,E
14719,Romiwinner ,L,E,V,E,L,L,V,L,L,E
14720,Romiwinner ,L,E,V,E,V,L,E,L,E,E
14721,Romiwinner ,L,E,V,E,V,L,E,L,L,E
14722,Romiwinner ,L,E,V,E,V,L,V,L,E,E
14723,Romiwinner ,L,E,V,E,V,L,V,L,L,E
14724,Romiwinner ,L,V,V,L,L,L,E,L,E,E
14725,Romiwinner ,L,V,V,L,L,L,E,L,L,E
14726,Romiwinner ,L,V,V,L,L,L,V,L,E,E
14727,Romiwinner ,L,V,V,L,L,L,V,L,L,E
14728,Romiwinner ,L,V,V,L,V,L,E,L,E,E
14729,Romiwinner ,L,V,V,L,V,L,E,L,L,E
14730,Romiwinner ,L,V,V,L,V,L,V,L,E,E
14731,Romiwinner ,L,V,V,L,V,L,V,L,L,E
14732,Romiwinner ,L,V,V,E,L,L,E,L,E,E
14733,Romiwinner ,L,V,V,E,L,L,E,L,L,E
14734,Romiwinner ,L,V,V,E,L,L,V,L,E,E
14735,Romiwinner ,L,V,V,E,L,L,V,L,L,E
14736,Romiwinner ,L,V,V,E,V,L,E,L,E,E
14737,Romiwinner ,L,V,V,E,V,L,E,L,L,E
14738,Romiwinner ,L,V,V,E,V,L,V,L,E,E
14739,Romiwinner ,L,V,V,E,V,L,V,L,L,E
14740,Romy Spears,L,E,V,V,L,E,L,V,E,L
14741,Romy Spears,L,V,V,L,L,E,V,E,L,E
14742,Romy Spears,L,L,V,E,E,L,E,E,V,L
14743,ROSALES FAM.,V,L,V,V,V,L,V,L,L,E
14744,ROSALES FAM.,V,L,V,E,V,V,L,L,L,L
14745,ROSALES FAM.,L,E,V,L,E,V,L,V,L,E
14746,ROSALES FAM.,E,L,V,L,E,L,L,L,V,V
14747,Rosalva carrasco,E,L,E,E,E,E,E,V,L,V
14748,Rosalva carrasco,V,E,E,V,L,V,L,E,V,E
14749,Rosalva carrasco,L,E,E,V,V,E,V,E,E,V
14750,Rosalva carrasco,E,V,L,E,L,L,E,E,E,E
14751,Rosalva carrasco,V,V,V,E,L,E,L,V,V,E
14752,Rosalva carrasco,L,L,E,V,E,E,L,E,E,E
14753,Rosalva carrasco,E,L,E,E,V,V,L,E,V,V
14754,Rosalva carrasco,V,V,E,L,L,E,E,E,V,E
14755,Rosalva carrasco,E,V,L,V,V,E,E,L,V,L
14756,Rosalva carrasco,E,V,E,E,L,V,E,E,L,E
14757,Rosalva Figueroa,V,E,E,E,V,E,L,L,V,L
14758,Rosalva Figueroa,E,L,E,L,V,E,E,E,L,V
14759,Rosalva Figueroa,V,E,E,E,L,L,E,E,E,V
14760,Rosalva Figueroa,V,V,L,L,L,E,E,L,E,V
14761,Rosalva Figueroa,E,E,E,V,V,L,E,L,E,E
14762,Rosalva Figueroa,V,V,E,L,V,V,E,E,E,E
14763,Rosalva Figueroa,E,V,E,E,E,L,L,E,E,E
14764,Rosalva Figueroa,E,V,E,E,E,E,L,E,E,E
14765,Rosalva Figueroa,V,L,E,L,L,V,L,E,E,L
14766,Rosalva Figueroa,L,E,E,E,L,V,E,E,V,E
14767,Rubén Gómez,L,L,V,L,L,L,L,L,L,L
14768,Rubén Gómez,L,E,V,V,E,L,V,L,L,V
14769,Rubén Medina,L,E,V,V,E,L,V,L,L,L
14770,Rubén Medina,L,V,E,L,L,E,L,E,V,E
14771,Rubén Medina,L,L,V,E,L,V,E,V,E,V
14772,RUFFO66777 ,L,V,V,E,L,L,L,L,L,L
14773,RUFFO66777 ,L,E,V,E,L,L,L,L,L,L
14774,Salmo91MC,L,L,V,L,L,L,V,L,L,E
14775,Salmo91MC,L,E,V,L,L,E,V,L,E,V
14776,Salvador Figueroa,L,L,V,L,L,L,V,L,L,L
14777,Salvador Figueroa,L,V,L,V,L,L,E,L,V,L
14778,Salvador Figueroa,L,E,V,E,L,V,V,L,E,V
14779,Salvatore,L,V,V,L,L,L,E,L,V,E
14780,Salvatore,L,V,V,L,L,L,E,L,E,E
14781,Salvatore,L,E,V,L,L,L,E,L,V,E
14782,Salvatore,L,E,V,L,L,L,E,L,E,E
14783,Salvatore,L,V,V,L,L,E,E,L,V,E
14784,Salvatore,L,V,V,L,L,E,E,L,E,E
14785,Salvatore,L,E,V,L,L,E,E,L,V,E
14786,Salvatore,L,E,V,L,L,E,E,L,E,E
14787,Sam hamburguesas,L,E,V,E,E,L,L,L,L,E
14788,Sam hamburguesas,L,V,V,E,L,E,E,L,V,L
14789,Sam hamburguesas ,L,E,V,E,L,L,E,L,E,L
14790,Sam hamburguesas ,L,E,V,L,L,L,E,L,E,L
14791,Sam hamburguesas ,L,E,E,E,L,L,E,L,E,L
14792,Sam hamburguesas ,L,E,E,L,L,L,E,L,E,L
14793,Sam hamburguesas ,L,L,V,E,L,L,E,L,E,L
14794,Sam hamburguesas ,L,L,V,L,L,L,E,L,E,L
14795,Sam hamburguesas ,L,L,E,E,L,L,E,L,E,L
14796,Sam hamburguesas ,L,L,E,L,L,L,E,L,E,L
14797,SAMUEL MA. CA. ,E,E,E,E,E,V,E,L,E,L
14798,SAMUEL MA. CA. ,E,E,E,E,E,L,E,L,E,L
14799,SAMUEL MA. CA. ,E,E,V,E,E,V,E,L,E,L
14800,SAMUEL MA. CA. ,E,E,V,E,E,L,E,L,E,L
14801,SAMUEL MA. CA. ,L,E,E,E,E,V,E,L,E,L
14802,SAMUEL MA. CA. ,L,E,E,E,E,L,E,L,E,L
14803,SAMUEL MA. CA. ,L,E,V,E,E,V,E,L,E,L
14804,SAMUEL MA. CA. ,L,E,V,E,E,L,E,L,E,L
14805,Samuel muñoz,L,L,L,L,L,L,L,L,L,L
14806,Samuel muñoz,L,V,V,L,V,L,L,L,V,E
14807,Samuel muñoz,V,V,V,V,V,V,V,V,V,V
14808,Samuel muñoz,E,E,E,E,E,E,E,E,E,E
14809,Samuel muñoz,L,E,V,L,V,E,V,L,E,L
14810,SAMUEL ORTEGA,L,E,V,E,L,V,E,L,V,L
14811,SAMUEL ORTEGA,L,V,V,E,L,L,E,L,E,L
14812,San Juanita casa,L,L,V,V,L,E,L,L,V,L
14813,San Juanita casa,L,V,V,L,L,V,V,E,E,E
14814,San Juanita casa,L,E,V,L,L,L,V,L,V,E
14815,Sanders mvx3,L,L,V,V,L,L,V,E,V,L
14816,Sanders mvx3,L,V,E,L,L,L,E,L,L,L
14817,Sanders mvx3,L,E,L,E,V,E,L,V,E,V
14818,Sandy Hernández,L,V,V,E,L,L,E,L,E,V
14819,SANTELIZ 1,L,E,V,V,L,L,V,V,V,L
14820,SANTELIZ 2,V,E,V,V,L,E,V,V,V,L
14821,SANTELIZ 3,L,L,V,V,E,V,V,V,V,E
14822,SANTELIZ 4,L,E,V,V,L,E,E,V,V,E
14823,SANTELIZ 5,L,L,V,V,L,E,E,V,V,E
14824,Santiago Cortes,L,V,V,V,L,L,V,L,L,L
14825,Santiago Cortes,V,E,V,L,L,L,E,V,E,E
14826,Santiago Garcia Arre,L,V,V,L,L,V,E,L,V,L
14827,Santiago Garcia Arre,L,V,V,L,L,L,V,L,E,V
14828,Santiago Santiago,L,V,V,E,L,L,L,L,E,V
14829,Santiago Santiago,L,E,V,V,L,E,L,L,V,V
14830,Santiago Santiago,L,L,E,L,L,L,L,L,V,V
14831,Santiago Santiago,L,V,V,E,E,L,V,L,L,V
14832,Santiago Santiago,E,V,V,L,E,L,V,L,V,V
14833,Santiglez18.D,L,L,V,E,L,L,E,L,V,L
14834,Santiglez18.D,L,E,L,E,E,V,V,L,V,V
14835,Sara isabella,L,V,V,L,L,L,V,L,L,L
14836,Sara isabella,L,V,V,L,L,V,L,L,L,V
14837,Sara isabella,L,E,V,L,E,V,E,L,E,E
14838,Sara isabella,L,E,V,E,L,V,E,V,E,E
14839,Sara isabella,L,E,E,L,L,V,V,V,L,E
14840,Sara isabella,E,E,L,E,E,V,L,E,L,V
14841,Sara isabella,L,V,E,E,L,V,E,V,L,E
14842,Sara isabella,L,E,V,L,L,V,V,L,L,E
14843,Sara isabella,E,L,E,E,L,V,L,E,E,E
14844,Sara isabella,E,E,V,L,E,L,E,E,E,V
14845,Sara isabella,E,L,E,V,L,E,V,E,L,V
14846,Sara isabella,L,L,V,E,L,V,V,L,E,L
14847,Sara isabella,E,V,V,L,L,V,V,E,L,E
14848,Sara isabella,E,V,V,L,E,E,V,V,L,V
14849,SATMM Caleb,L,V,V,L,L,L,E,L,E,L
14850,SATMM Danys,L,L,V,V,E,E,L,E,V,L
14851,SATMM Eithan,L,E,V,E,L,L,E,E,V,E
14852,SATMM Heysol,L,L,V,L,L,L,L,L,L,L
14853,SATMM J.L.Pan1,L,E,V,L,L,L,V,L,E,E
14854,SATMM J.L.Pan2,L,V,V,E,E,L,E,L,V,L
14855,SATMM MataQuinielas,L,E,V,L,L,L,E,L,L,L
14856,SATMM MayoH.,L,E,V,L,L,L,L,L,E,E
14857,SATMM MoisésLópezT.,L,L,V,L,V,E,L,V,L,L
14858,SATMM Munrra1,L,E,V,L,E,V,L,E,V,L
14859,SATMM Munrra2,L,L,E,V,E,L,L,V,V,E
14860,SATMM Munrra3,E,E,V,L,L,L,L,L,E,E
14861,SATMM Munrra4,L,V,V,E,E,E,E,E,E,L
14862,SATMM Munrra5,L,L,V,L,L,L,L,L,L,L
14863,SATMM RubénTelloS1,L,L,L,E,L,V,L,V,L,L
14864,SATMM RubénTelloS2,L,L,E,L,L,E,V,L,V,L
14865,SATMM RubénTelloS3,E,E,L,L,V,V,E,E,E,L
14866,SATMM RubénTelloS4,V,V,L,V,L,L,V,E,V,L
14867,SATMM RubénTelloS5,E,E,V,L,L,E,L,L,V,L
14868,SATMM SúperBueno,L,L,V,V,V,L,L,L,V,V
14869,SAÚL GÓMEZ JIMÉNEZ,L,E,E,V,V,E,E,V,L,E
14870,SAÚL GÓMEZ JIMÉNEZ,L,L,V,E,E,L,L,L,E,L
14871,SAÚL GÓMEZ JIMÉNEZ,L,V,V,L,L,L,L,L,L,L
14872,SAÚL GÓMEZ JIMÉNEZ,V,L,L,E,L,L,E,E,V,E
14873,SAÚL GÓMEZ JIMÉNEZ,L,L,V,L,L,V,V,E,E,V
14874,Saul reembolsos,L,L,V,L,L,L,E,L,L,L
14875,Saul reembolsos,L,V,V,V,L,L,V,E,L,E
14876,Saul reembolsos,L,E,V,L,L,L,V,V,E,L
14877,Saul reembolsos,L,L,V,L,E,L,E,L,L,L
14878,Saul reembolsos,L,E,V,L,L,L,V,L,L,V
14879,Sebas tomatlan,V,E,L,L,E,V,E,E,E,V
14880,Sebas tomatlan,V,V,E,L,V,L,E,V,V,L
14881,Sergio arellano,L,V,V,L,L,L,L,L,L,L
14882,Sergio arellano,L,V,V,L,L,L,V,L,V,L
14883,Sergio arellano,L,L,V,L,V,L,V,L,V,L
14884,Sergio arellano,V,L,V,V,L,L,V,L,L,L
14885,Sergio arellano,L,E,V,V,L,E,L,L,L,V
14886,SERGIO CRUZ,L,E,V,L,E,L,L,L,L,L
14887,SERGIO CRUZ,L,V,V,E,L,L,L,L,L,V
14888,Sergio David Garcia,L,L,V,L,V,L,V,L,V,L
14889,Sergio Martin,L,E,V,L,L,L,E,L,L,L
14890,Sergio Martin,L,L,E,L,L,L,L,E,L,L
14891,SERGIO RM,L,V,E,E,E,L,V,L,L,L
14892,SERGIO RM,L,V,E,E,E,L,V,L,V,L
14893,SERGIO RM,L,V,E,V,E,E,V,L,L,L
14894,SERGIO RM,L,V,E,V,E,E,V,L,V,L
14895,SERGIO RM,L,V,E,V,E,L,V,L,L,L
14896,SERGIO RM,L,V,E,V,E,L,V,E,L,L
14897,SERGIO RM,L,V,E,V,E,L,V,E,V,L
14898,SERGIO RM,L,V,E,V,E,L,V,L,E,L
14899,SERGIO RM,L,V,E,V,E,L,V,L,V,L
14900,SERGIO RM,L,V,E,L,E,E,V,L,L,L
14901,SERGIO RM,L,V,E,L,E,E,V,L,V,L
14902,SERGIO RM,L,V,E,L,E,L,V,L,L,L
14903,SERGIO RM,L,V,E,L,E,L,V,E,L,L
14904,SERGIO RM,L,V,E,L,E,L,V,E,V,L
14905,SERGIO RM,L,V,E,L,E,L,V,L,E,L
14906,SERGIO RM,L,V,E,L,E,L,V,L,V,L
14907,SERGIO RM,L,V,V,E,E,E,V,L,L,L
14908,SERGIO RM,L,V,V,E,E,E,V,L,V,L
14909,SERGIO RM,L,V,V,E,E,L,V,L,L,L
14910,SERGIO RM,L,V,V,E,E,L,V,E,L,L
14911,SERGIO RM,L,V,V,E,E,L,V,E,V,L
14912,SERGIO RM,L,V,V,E,E,L,V,L,E,L
14913,SERGIO RM,L,V,V,E,E,L,V,L,V,L
14914,SERGIO RM,L,V,V,V,E,E,V,L,L,L
14915,SERGIO RM,L,V,V,V,E,E,V,E,L,L
14916,SERGIO RM,L,V,V,V,E,E,V,E,V,L
14917,SERGIO RM,L,V,V,V,E,E,V,L,E,L
14918,SERGIO RM,L,V,V,V,E,E,V,L,V,L
14919,SERGIO RM,L,V,V,V,E,L,V,L,L,L
14920,SERGIO RM,L,V,V,V,E,L,V,E,L,L
14921,SERGIO RM,L,V,V,V,E,L,V,E,E,L
14922,SERGIO RM,L,V,V,V,E,L,V,E,V,L
14923,SERGIO RM,L,V,V,V,E,L,V,L,E,L
14924,SERGIO RM,L,V,V,V,E,L,V,L,V,L
14925,SERGIO RM,L,V,V,L,E,E,V,L,L,L
14926,SERGIO RM,L,V,V,L,E,E,V,E,L,L
14927,SERGIO RM,L,V,V,L,E,E,V,E,V,L
14928,SERGIO RM,L,V,V,L,E,E,V,L,E,L
14929,SERGIO RM,L,V,V,L,E,E,V,L,V,L
14930,SERGIO RM,L,V,V,L,E,L,V,L,L,L
14931,SERGIO RM,L,V,V,L,E,L,V,E,L,L
14932,SERGIO RM,L,V,V,L,E,L,V,E,E,L
14933,SERGIO RM,L,V,V,L,E,L,V,E,V,L
14934,SERGIO RM,L,V,V,L,E,L,V,L,E,L
14935,SERGIO RM,L,V,V,L,E,L,V,L,V,L
14936,SERGIO RM,L,V,L,E,E,L,V,L,L,L
14937,SERGIO RM,L,V,L,E,E,L,V,E,L,L
14938,SERGIO RM,L,V,L,E,E,L,V,E,V,L
14939,SERGIO RM,L,V,L,E,E,L,V,L,E,L
14940,SERGIO RM,L,V,L,E,E,L,V,L,V,L
14941,SERGIO RM,L,V,L,V,E,L,V,L,L,L
14942,SERGIO RM,L,V,L,V,E,L,V,E,L,L
14943,SERGIO RM,L,V,L,V,E,L,V,E,E,L
14944,SERGIO RM,L,V,L,V,E,L,V,E,V,L
14945,SERGIO RM,L,V,L,V,E,L,V,L,E,L
14946,SERGIO RM,L,V,L,V,E,L,V,L,V,L
14947,SERGIO RM,L,V,L,L,E,L,V,L,L,L
14948,SERGIO RM,L,V,L,L,E,L,V,E,L,L
14949,SERGIO RM,L,V,L,L,E,L,V,E,E,L
14950,SERGIO RM,L,V,L,L,E,L,V,E,V,L
14951,SERGIO RM,L,V,L,L,E,L,V,L,E,L
14952,SERGIO RM,L,V,L,L,E,L,V,L,V,L
14953,Servijal,L,E,V,L,E,L,E,L,V,E
14954,Servijal,L,V,V,L,L,L,E,L,V,L
14955,Severo 1,L,E,V,L,L,L,E,L,E,L
14956,Severo 2,E,E,E,E,L,L,L,V,V,E
14957,Severo 3,L,V,V,V,V,L,L,L,L,E
14958,SGG,L,L,E,E,E,L,L,L,L,L
14959,SGG,L,L,E,E,E,L,L,L,V,L
14960,SGG,L,L,E,V,E,L,L,L,L,L
14961,SGG,L,L,E,V,E,E,L,L,L,L
14962,SGG,L,L,E,V,E,E,L,L,V,L
14963,SGG,L,L,E,V,E,L,L,E,L,L
14964,SGG,L,L,E,V,E,L,L,E,V,L
14965,SGG,L,L,E,V,E,L,L,L,E,L
14966,SGG,L,L,E,V,E,L,L,L,V,L
14967,SGG,L,L,E,L,E,L,L,L,L,L
14968,SGG,L,L,E,L,E,E,L,L,L,L
14969,SGG,L,L,E,L,E,E,L,L,V,L
14970,SGG,L,L,E,L,E,L,L,E,L,L
14971,SGG,L,L,E,L,E,L,L,E,V,L
14972,SGG,L,L,E,L,E,L,L,L,E,L
14973,SGG,L,L,E,L,E,L,L,L,V,L
14974,SGG,L,L,V,E,E,L,L,L,L,L
14975,SGG,L,L,V,E,E,E,L,L,L,L
14976,SGG,L,L,V,E,E,E,L,L,V,L
14977,SGG,L,L,V,E,E,L,L,E,L,L
14978,SGG,L,L,V,E,E,L,L,E,V,L
14979,SGG,L,L,V,E,E,L,L,L,E,L
14980,SGG,L,L,V,E,E,L,L,L,V,L
14981,SGG,L,L,V,V,E,L,L,L,L,L
14982,SGG,L,L,V,V,E,E,L,L,L,L
14983,SGG,L,L,V,V,E,E,L,E,L,L
14984,SGG,L,L,V,V,E,E,L,E,V,L
14985,SGG,L,L,V,V,E,E,L,L,E,L
14986,SGG,L,L,V,V,E,E,L,L,V,L
14987,SGG,L,L,V,V,E,L,L,E,L,L
14988,SGG,L,L,V,V,E,L,L,E,E,L
14989,SGG,L,L,V,V,E,L,L,E,V,L
14990,SGG,L,L,V,V,E,L,L,L,E,L
14991,SGG,L,L,V,V,E,L,L,L,V,L
14992,SGG,L,L,V,L,E,L,L,L,L,L
14993,SGG,L,L,V,L,E,E,L,L,L,L
14994,SGG,L,L,V,L,E,E,L,E,L,L
14995,SGG,L,L,V,L,E,E,L,E,V,L
14996,SGG,L,L,V,L,E,E,L,L,E,L
14997,SGG,L,L,V,L,E,E,L,L,V,L
14998,SGG,L,L,V,L,E,L,L,E,L,L
14999,SGG,L,L,V,L,E,L,L,E,E,L
15000,SGG,L,L,V,L,E,L,L,E,V,L
15001,SGG,L,L,V,L,E,L,L,L,E,L
15002,SGG,L,L,V,L,E,L,L,L,V,L
15003,SGG,L,L,L,E,E,L,L,L,L,L
15004,SGG,L,L,L,E,E,L,L,E,L,L
15005,SGG,L,L,L,E,E,L,L,E,V,L
15006,SGG,L,L,L,E,E,L,L,L,E,L
15007,SGG,L,L,L,E,E,L,L,L,V,L
15008,SGG,L,L,L,V,E,L,L,L,L,L
15009,SGG,L,L,L,V,E,L,L,E,L,L
15010,SGG,L,L,L,V,E,L,L,E,E,L
15011,SGG,L,L,L,V,E,L,L,E,V,L
15012,SGG,L,L,L,V,E,L,L,L,E,L
15013,SGG,L,L,L,V,E,L,L,L,V,L
15014,SGG,L,L,L,L,E,L,L,L,L,L
15015,SGG,L,L,L,L,E,L,L,E,L,L
15016,SGG,L,L,L,L,E,L,L,E,E,L
15017,SGG,L,L,L,L,E,L,L,E,V,L
15018,SGG,L,L,L,L,E,L,L,L,E,L
15019,SGG,L,L,L,L,E,L,L,L,V,L
15020,SHLMD Jaramillo,V,L,E,E,L,V,E,L,E,L
15021,Sieteenlamira,L,E,V,L,L,L,L,L,L,L
15022,Sieteenlamira,L,V,V,L,L,L,E,L,L,L
15023,Sieteenlamira,L,E,V,L,E,L,L,L,E,E
15024,Sieteenlamira,L,L,E,L,L,L,V,L,L,L
15025,Sieteenlamira,L,V,V,E,L,E,V,L,L,L
15026,Sieteenlamira,L,L,V,L,V,L,V,L,L,L
15027,Sieteenlamira,L,V,E,E,E,E,E,E,E,L
15028,Sieteenlamira,L,L,V,V,L,V,V,E,V,E
15029,Sieteenlamira,L,V,V,L,E,E,V,V,E,L
15030,Sieteenlamira,L,E,V,E,E,L,V,E,L,E
15031,Sieteenlamira,L,L,L,L,L,L,E,E,L,L
15032,Silvia Lopez Benitez,L,L,V,L,L,L,L,V,L,L
15033,Silvia Lopez Benitez,L,V,V,L,L,L,L,L,V,V
15034,Silvia Lopez Benitez,E,L,V,V,L,E,V,L,L,E
15035,Silvia Lopez Benitez,L,L,L,E,L,L,L,L,V,E
15036,silvia u.m,L,V,V,L,E,E,V,E,L,L
15037,silvia u.m,V,L,V,L,E,V,E,L,V,V
15038,silvia u.m,E,L,L,V,L,E,V,L,E,E
15039,silvia u.m,L,L,V,E,V,L,E,V,L,V
15040,silvia u.m,V,V,V,L,L,E,V,E,L,L
15041,silvia u.m,E,E,V,L,V,E,L,V,E,L
15042,silvia u.m,L,E,V,L,V,E,L,V,E,L
15043,Skipper,L,V,V,L,L,L,V,L,L,V
15044,Skipper,L,L,V,V,L,L,L,L,V,V
15045,Skipper,L,E,V,E,L,L,V,E,E,V
15046,Skipper,L,L,V,V,L,L,L,L,L,V
15047,Slpepon1,L,V,V,L,L,L,E,L,V,V
15048,Slpepon2,L,V,E,L,L,E,L,E,L,L
15049,SMCCBSJTVDG 🙏,L,E,V,L,L,L,V,L,L,L
15050,SMCCBSJTVDG 🙏,L,L,V,L,L,E,V,L,L,L
15051,SMCCBSJTVDG 🙏,E,E,L,V,E,L,L,L,L,L
15052,SNAKE,L,L,V,L,L,L,L,L,L,L
15053,SNAKE,L,E,V,E,L,E,L,L,E,E
15054,SNAKE,L,V,V,L,L,V,L,L,V,L
15055,SNAKE,L,L,V,V,L,L,L,L,L,V
15056,SNAKE,V,V,V,L,L,V,V,V,V,V
15057,Sofia 05 07 22,L,E,V,L,L,L,E,L,V,L
15058,Sofia 05 07 22,L,L,V,E,L,E,E,E,L,E
15059,Sofia 05 07 22,V,V,E,V,L,V,L,V,E,L
15060,Sofia 05 07 22,E,V,E,L,V,L,E,V,L,L
15061,Sofia 05 07 22,V,L,L,V,E,L,V,L,V,V
15062,Sofia123 ,L,V,V,E,L,L,E,L,L,L
15063,Sofia123 ,L,V,V,E,L,L,V,L,L,L
15064,Sofia123 ,L,V,V,V,L,L,E,L,L,L
15065,Sofia123 ,L,V,V,V,L,L,V,L,L,L
15066,Sofia123 ,E,V,V,E,L,L,E,L,L,L
15067,Sofia123 ,E,V,V,E,L,L,V,L,L,L
15068,Sofia123 ,E,V,V,V,L,L,E,L,L,L
15069,Sofia123 ,E,V,V,V,L,L,V,L,L,L
15070,SofiaBlack,L,E,E,V,L,V,V,E,E,E
15071,SofiaBlack,V,L,E,L,V,V,L,V,L,L
15072,SofiaBlack,V,E,E,V,V,L,E,V,E,L
15073,SofiaBlack,L,L,E,L,E,L,L,V,E,L
15074,SofiaBlack,V,E,E,L,L,E,L,V,E,E
15075,SofiaBlack,L,L,E,L,V,V,L,E,L,V
15076,SofiaBlack,E,V,V,L,E,L,E,E,V,E
15077,Sofío Herrera,L,L,V,L,L,L,V,L,V,L
15078,Sofío Herrera,L,V,V,E,L,E,L,V,L,E
15079,Soldador,E,L,E,L,V,V,V,V,E,L
15080,Soldador,E,V,E,V,L,L,L,E,V,V
15081,Soldador,L,E,V,E,E,L,L,V,V,L
15082,Soldador,V,L,L,V,E,V,V,E,L,L
15083,Soldador,E,E,V,L,L,V,E,V,V,L
15084,Solitario 1970,L,V,V,E,V,L,L,L,L,L
15085,Solitario 1970,L,V,V,V,L,L,E,L,V,L
15086,Solitario 1970,L,L,V,L,L,L,V,L,V,L
15087,Solitario 1970,L,E,V,V,E,E,E,L,V,L
15088,Solitario 1970,L,V,V,V,E,L,V,L,L,L
15089,Solo yo,L,L,V,L,L,L,L,L,L,L
15090,Solo yo,L,E,V,L,V,L,E,L,E,L
15091,Solo yo,L,V,V,V,L,L,L,L,L,V
15092,Solo yo,L,E,V,L,V,L,L,L,V,V
15093,Solo yo,L,L,V,E,E,L,E,L,E,E
15094,Solo yo,L,V,V,L,V,L,V,E,L,E
15095,SOMER,L,E,V,L,L,L,E,L,L,L
15096,SOMER,L,E,V,L,V,L,E,E,L,E
15097,Sonia Rivera,L,V,V,E,L,V,V,V,E,V
15098,Sonia Rivera,L,V,V,V,L,E,V,L,E,E
15099,Sonia Rivera,E,V,V,E,E,L,E,E,V,L
15100,Suegrita13 ,L,V,L,L,V,L,V,L,E,V
15101,Suegrita13 ,L,V,L,L,L,L,V,L,E,V
15102,Suegrita13 ,L,V,V,L,V,L,V,L,E,V
15103,Suegrita13 ,L,V,V,L,L,L,V,L,E,V
15104,SUERTE 219,L,L,V,V,L,E,L,L,E,V
15105,SUIBERRY ,L,E,V,L,L,L,E,L,L,E
15106,SUIBERRY ,L,E,V,L,L,L,E,L,E,E
15107,SUIBERRY ,L,E,V,L,L,L,V,L,L,E
15108,SUIBERRY ,L,E,V,L,L,L,V,L,E,E
15109,SUIBERRY ,L,L,V,L,L,L,E,L,L,E
15110,SUIBERRY ,L,L,V,L,L,L,E,L,E,E
15111,SUIBERRY ,L,L,V,L,L,L,V,L,L,E
15112,SUIBERRY ,L,L,V,L,L,L,V,L,E,E
15113,SUIBERRY ,L,V,V,L,L,L,E,L,L,E
15114,SUIBERRY ,L,V,V,L,L,L,E,L,E,E
15115,SUIBERRY ,L,V,V,L,L,L,V,L,L,E
15116,SUIBERRY ,L,V,V,L,L,L,V,L,E,E
15117,SUPERCAMPEONES 🍀⚽️ ,L,L,V,L,L,L,L,L,L,E
15118,SUPERCAMPEONES 🍀⚽️ ,L,L,V,L,L,L,L,L,E,E
15119,SUPERCAMPEONES 🍀⚽️ ,L,L,V,L,L,L,L,L,V,E
15120,SUPERCAMPEONES 🍀⚽️ ,L,L,V,L,L,L,E,L,L,E
15121,SUPERCAMPEONES 🍀⚽️ ,L,L,V,L,L,L,E,L,E,E
15122,SUPERCAMPEONES 🍀⚽️ ,L,L,V,L,L,L,E,L,V,E
15123,SUPERCAMPEONES 🍀⚽️ ,L,L,V,L,E,L,L,L,L,E
15124,SUPERCAMPEONES 🍀⚽️ ,L,L,V,L,E,L,L,L,E,E
15125,SUPERCAMPEONES 🍀⚽️ ,L,L,V,L,E,L,L,L,V,E
15126,SUPERCAMPEONES 🍀⚽️ ,L,L,V,L,E,L,E,L,L,E
15127,SUPERCAMPEONES 🍀⚽️ ,L,L,V,L,E,L,E,L,E,E
15128,SUPERCAMPEONES 🍀⚽️ ,L,L,V,L,E,L,E,L,V,E
15129,SUPERCAMPEONES 🍀⚽️ ,L,L,V,E,L,L,L,L,L,E
15130,SUPERCAMPEONES 🍀⚽️ ,L,L,V,E,L,L,L,L,E,E
15131,SUPERCAMPEONES 🍀⚽️ ,L,L,V,E,L,L,L,L,V,E
15132,SUPERCAMPEONES 🍀⚽️ ,L,L,V,E,L,L,E,L,L,E
15133,SUPERCAMPEONES 🍀⚽️ ,L,L,V,E,L,L,E,L,E,E
15134,SUPERCAMPEONES 🍀⚽️ ,L,L,V,E,L,L,E,L,V,E
15135,SUPERCAMPEONES 🍀⚽️ ,L,L,V,E,E,L,L,L,L,E
15136,SUPERCAMPEONES 🍀⚽️ ,L,L,V,E,E,L,L,L,E,E
15137,SUPERCAMPEONES 🍀⚽️ ,L,L,V,E,E,L,L,L,V,E
15138,SUPERCAMPEONES 🍀⚽️ ,L,L,V,E,E,L,E,L,L,E
15139,SUPERCAMPEONES 🍀⚽️ ,L,L,V,E,E,L,E,L,E,E
15140,SUPERCAMPEONES 🍀⚽️ ,L,L,V,E,E,L,E,L,V,E
15141,SUPERCAMPEONES 🍀⚽️ ,L,L,V,V,L,L,L,L,L,E
15142,SUPERCAMPEONES 🍀⚽️ ,L,L,V,V,L,L,L,L,E,E
15143,SUPERCAMPEONES 🍀⚽️ ,L,L,V,V,L,L,L,L,V,E
15144,SUPERCAMPEONES 🍀⚽️ ,L,L,V,V,L,L,E,L,L,E
15145,SUPERCAMPEONES 🍀⚽️ ,L,L,V,V,L,L,E,L,E,E
15146,SUPERCAMPEONES 🍀⚽️ ,L,L,V,V,L,L,E,L,V,E
15147,SUPERCAMPEONES 🍀⚽️ ,L,L,V,V,E,L,L,L,L,E
15148,SUPERCAMPEONES 🍀⚽️ ,L,L,V,V,E,L,L,L,E,E
15149,SUPERCAMPEONES 🍀⚽️ ,L,L,V,V,E,L,L,L,V,E
15150,SUPERCAMPEONES 🍀⚽️ ,L,L,V,V,E,L,E,L,L,E
15151,SUPERCAMPEONES 🍀⚽️ ,L,L,V,V,E,L,E,L,E,E
15152,SUPERCAMPEONES 🍀⚽️ ,L,L,V,V,E,L,E,L,V,E
15153,SUPERCAMPEONES 🍀⚽️ ,L,E,V,L,L,L,L,L,L,E
15154,SUPERCAMPEONES 🍀⚽️ ,L,E,V,L,L,L,L,L,E,E
15155,SUPERCAMPEONES 🍀⚽️ ,L,E,V,L,L,L,L,L,V,E
15156,SUPERCAMPEONES 🍀⚽️ ,L,E,V,L,L,L,E,L,L,E
15157,SUPERCAMPEONES 🍀⚽️ ,L,E,V,L,L,L,E,L,E,E
15158,SUPERCAMPEONES 🍀⚽️ ,L,E,V,L,L,L,E,L,V,E
15159,SUPERCAMPEONES 🍀⚽️ ,L,E,V,L,E,L,L,L,L,E
15160,SUPERCAMPEONES 🍀⚽️ ,L,E,V,L,E,L,L,L,E,E
15161,SUPERCAMPEONES 🍀⚽️ ,L,E,V,L,E,L,L,L,V,E
15162,SUPERCAMPEONES 🍀⚽️ ,L,E,V,L,E,L,E,L,L,E
15163,SUPERCAMPEONES 🍀⚽️ ,L,E,V,L,E,L,E,L,E,E
15164,SUPERCAMPEONES 🍀⚽️ ,L,E,V,L,E,L,E,L,V,E
15165,SUPERCAMPEONES 🍀⚽️ ,L,E,V,E,L,L,L,L,L,E
15166,SUPERCAMPEONES 🍀⚽️ ,L,E,V,E,L,L,L,L,E,E
15167,SUPERCAMPEONES 🍀⚽️ ,L,E,V,E,L,L,L,L,V,E
15168,SUPERCAMPEONES 🍀⚽️ ,L,E,V,E,L,L,E,L,L,E
15169,SUPERCAMPEONES 🍀⚽️ ,L,E,V,E,L,L,E,L,E,E
15170,SUPERCAMPEONES 🍀⚽️ ,L,E,V,E,L,L,E,L,V,E
15171,SUPERCAMPEONES 🍀⚽️ ,L,E,V,E,E,L,L,L,L,E
15172,SUPERCAMPEONES 🍀⚽️ ,L,E,V,E,E,L,L,L,E,E
15173,SUPERCAMPEONES 🍀⚽️ ,L,E,V,E,E,L,L,L,V,E
15174,SUPERCAMPEONES 🍀⚽️ ,L,E,V,E,E,L,E,L,L,E
15175,SUPERCAMPEONES 🍀⚽️ ,L,E,V,E,E,L,E,L,E,E
15176,SUPERCAMPEONES 🍀⚽️ ,L,E,V,E,E,L,E,L,V,E
15177,SUPERCAMPEONES 🍀⚽️ ,L,E,V,V,L,L,L,L,L,E
15178,SUPERCAMPEONES 🍀⚽️ ,L,E,V,V,L,L,L,L,E,E
15179,SUPERCAMPEONES 🍀⚽️ ,L,E,V,V,L,L,L,L,V,E
15180,SUPERCAMPEONES 🍀⚽️ ,L,E,V,V,L,L,E,L,L,E
15181,SUPERCAMPEONES 🍀⚽️ ,L,E,V,V,L,L,E,L,E,E
15182,SUPERCAMPEONES 🍀⚽️ ,L,E,V,V,L,L,E,L,V,E
15183,SUPERCAMPEONES 🍀⚽️ ,L,E,V,V,E,L,L,L,L,E
15184,SUPERCAMPEONES 🍀⚽️ ,L,E,V,V,E,L,L,L,E,E
15185,SUPERCAMPEONES 🍀⚽️ ,L,E,V,V,E,L,L,L,V,E
15186,SUPERCAMPEONES 🍀⚽️ ,L,E,V,V,E,L,E,L,L,E
15187,SUPERCAMPEONES 🍀⚽️ ,L,E,V,V,E,L,E,L,E,E
15188,SUPERCAMPEONES 🍀⚽️ ,L,E,V,V,E,L,E,L,V,E
15189,SUPERCAMPEONES 🍀⚽️ ,L,V,V,L,L,L,L,L,L,E
15190,SUPERCAMPEONES 🍀⚽️ ,L,V,V,L,L,L,L,L,E,E
15191,SUPERCAMPEONES 🍀⚽️ ,L,V,V,L,L,L,L,L,V,E
15192,SUPERCAMPEONES 🍀⚽️ ,L,V,V,L,L,L,E,L,L,E
15193,SUPERCAMPEONES 🍀⚽️ ,L,V,V,L,L,L,E,L,E,E
15194,SUPERCAMPEONES 🍀⚽️ ,L,V,V,L,L,L,E,L,V,E
15195,SUPERCAMPEONES 🍀⚽️ ,L,V,V,L,E,L,L,L,L,E
15196,SUPERCAMPEONES 🍀⚽️ ,L,V,V,L,E,L,L,L,E,E
15197,SUPERCAMPEONES 🍀⚽️ ,L,V,V,L,E,L,L,L,V,E
15198,SUPERCAMPEONES 🍀⚽️ ,L,V,V,L,E,L,E,L,L,E
15199,SUPERCAMPEONES 🍀⚽️ ,L,V,V,L,E,L,E,L,E,E
15200,SUPERCAMPEONES 🍀⚽️ ,L,V,V,L,E,L,E,L,V,E
15201,SUPERCAMPEONES 🍀⚽️ ,L,V,V,E,L,L,L,L,L,E
15202,SUPERCAMPEONES 🍀⚽️ ,L,V,V,E,L,L,L,L,E,E
15203,SUPERCAMPEONES 🍀⚽️ ,L,V,V,E,L,L,L,L,V,E
15204,SUPERCAMPEONES 🍀⚽️ ,L,V,V,E,L,L,E,L,L,E
15205,SUPERCAMPEONES 🍀⚽️ ,L,V,V,E,L,L,E,L,E,E
15206,SUPERCAMPEONES 🍀⚽️ ,L,V,V,E,L,L,E,L,V,E
15207,SUPERCAMPEONES 🍀⚽️ ,L,V,V,E,E,L,L,L,L,E
15208,SUPERCAMPEONES 🍀⚽️ ,L,V,V,E,E,L,L,L,E,E
15209,SUPERCAMPEONES 🍀⚽️ ,L,V,V,E,E,L,L,L,V,E
15210,SUPERCAMPEONES 🍀⚽️ ,L,V,V,E,E,L,E,L,L,E
15211,SUPERCAMPEONES 🍀⚽️ ,L,V,V,E,E,L,E,L,E,E
15212,SUPERCAMPEONES 🍀⚽️ ,L,V,V,E,E,L,E,L,V,E
15213,SUPERCAMPEONES 🍀⚽️ ,L,V,V,V,L,L,L,L,L,E
15214,SUPERCAMPEONES 🍀⚽️ ,L,V,V,V,L,L,L,L,E,E
15215,SUPERCAMPEONES 🍀⚽️ ,L,V,V,V,L,L,L,L,V,E
15216,SUPERCAMPEONES 🍀⚽️ ,L,V,V,V,L,L,E,L,L,E
15217,SUPERCAMPEONES 🍀⚽️ ,L,V,V,V,L,L,E,L,E,E
15218,SUPERCAMPEONES 🍀⚽️ ,L,V,V,V,L,L,E,L,V,E
15219,SUPERCAMPEONES 🍀⚽️ ,L,V,V,V,E,L,L,L,L,E
15220,SUPERCAMPEONES 🍀⚽️ ,L,V,V,V,E,L,L,L,E,E
15221,SUPERCAMPEONES 🍀⚽️ ,L,V,V,V,E,L,L,L,V,E
15222,SUPERCAMPEONES 🍀⚽️ ,L,V,V,V,E,L,E,L,L,E
15223,SUPERCAMPEONES 🍀⚽️ ,L,V,V,V,E,L,E,L,E,E
15224,SUPERCAMPEONES 🍀⚽️ ,L,V,V,V,E,L,E,L,V,E
15225,Syen,L,E,V,L,L,L,V,E,E,L
15226,Syen,L,V,E,L,E,E,V,L,L,L
15227,Syen,E,V,V,V,V,L,V,L,E,V
15228,Syen,L,L,L,E,V,L,E,E,L,L
15229,T. Herrera,E,E,V,E,E,L,L,L,L,L
15230,T. Herrera,E,E,V,E,E,L,E,L,L,L
15231,T. Herrera,E,E,V,E,E,L,E,E,L,L
15232,T. Herrera,E,E,V,E,E,L,E,E,E,L
15233,T. Herrera,E,E,V,E,E,L,E,E,V,L
15234,T. Herrera,E,E,V,E,E,L,E,L,E,L
15235,T. Herrera,E,E,V,E,E,L,E,L,V,L
15236,T. Herrera,E,E,V,E,E,L,V,L,L,L
15237,T. Herrera,E,E,V,E,E,L,V,E,L,L
15238,T. Herrera,E,E,V,E,E,L,V,E,E,L
15239,T. Herrera,E,E,V,E,E,L,V,E,V,L
15240,T. Herrera,E,E,V,E,E,L,V,L,E,L
15241,T. Herrera,E,E,V,E,E,L,V,L,V,L
15242,T. Herrera,E,E,V,E,E,L,L,E,L,L
15243,T. Herrera,E,E,V,E,E,L,L,E,E,L
15244,T. Herrera,E,E,V,E,E,L,L,E,V,L
15245,T. Herrera,E,E,V,E,E,L,L,L,E,L
15246,T. Herrera,E,E,V,E,E,L,L,L,V,L
15247,T. Herrera,E,E,V,L,E,L,L,L,L,L
15248,T. Herrera,E,E,V,L,E,L,E,L,L,L
15249,T. Herrera,E,E,V,L,E,L,E,E,L,L
15250,T. Herrera,E,E,V,L,E,L,E,E,E,L
15251,T. Herrera,E,E,V,L,E,L,E,E,V,L
15252,T. Herrera,E,E,V,L,E,L,E,L,E,L
15253,T. Herrera,E,E,V,L,E,L,E,L,V,L
15254,T. Herrera,E,E,V,L,E,L,V,L,L,L
15255,T. Herrera,E,E,V,L,E,L,V,E,L,L
15256,T. Herrera,E,E,V,L,E,L,V,E,E,L
15257,T. Herrera,E,E,V,L,E,L,V,E,V,L
15258,T. Herrera,E,E,V,L,E,L,V,L,E,L
15259,T. Herrera,E,E,V,L,E,L,V,L,V,L
15260,T. Herrera,E,E,V,L,E,L,L,E,L,L
15261,T. Herrera,E,E,V,L,E,L,L,E,E,L
15262,T. Herrera,E,E,V,L,E,L,L,E,V,L
15263,T. Herrera,E,E,V,L,E,L,L,L,E,L
15264,T. Herrera,E,E,V,L,E,L,L,L,V,L
15265,Tachuelacdmx,L,V,E,L,L,L,L,L,V,E
15266,Tachuelacdmx,L,E,E,L,L,L,L,L,V,E
15267,Tachuelacdmx,L,E,E,L,L,L,E,E,V,E
15268,Tachuelacdmx,L,V,E,L,L,L,E,L,V,E
15269,Tacojim,L,L,V,E,V,L,L,L,E,L
15270,Tacojim,L,E,V,E,E,L,L,L,V,E
15271,Tacojim,L,V,V,L,V,L,E,L,L,E
15272,Tacojim,L,E,E,E,E,L,E,L,V,L
15273,Tacojim,E,L,V,V,E,E,V,E,E,V
15274,Tacos Kike Ayala,L,E,V,L,L,L,L,L,L,L
15275,Tacos Kike Ayala,L,V,V,V,L,E,E,L,V,E
15276,Tadeo 11 ,L,V,V,L,V,L,L,L,L,L
15277,Tadeo 11 ,L,V,V,L,V,L,L,E,L,L
15278,Tadeo 11 ,L,E,V,L,V,L,L,L,L,L
15279,Tadeo 11 ,L,E,V,L,V,L,L,E,L,L
15280,TADEO LOPEZ,L,E,E,E,V,L,L,L,V,L
15281,TADEO LOPEZ ,L,V,V,L,L,L,L,L,V,L
15282,TADEO LOPEZ ,L,V,V,L,L,L,L,L,L,L
15283,TADEO LOPEZ ,L,V,V,L,L,L,V,L,V,L
15284,TADEO LOPEZ ,L,V,V,L,L,L,V,L,L,L
15285,TADEO LOPEZ ,L,V,V,E,L,L,L,L,V,L
15286,TADEO LOPEZ ,L,V,V,E,L,L,L,L,L,L
15287,TADEO LOPEZ ,L,V,V,E,L,L,V,L,V,L
15288,TADEO LOPEZ ,L,V,V,E,L,L,V,L,L,L
15289,TADEO LOPEZ ,L,E,V,L,L,L,L,L,V,L
15290,TADEO LOPEZ ,L,E,V,L,L,L,L,L,L,L
15291,TADEO LOPEZ ,L,E,V,L,L,L,V,L,V,L
15292,TADEO LOPEZ ,L,E,V,L,L,L,V,L,L,L
15293,TADEO LOPEZ ,L,E,V,E,L,L,L,L,V,L
15294,TADEO LOPEZ ,L,E,V,E,L,L,L,L,L,L
15295,TADEO LOPEZ ,L,E,V,E,L,L,V,L,V,L
15296,TADEO LOPEZ ,L,E,V,E,L,L,V,L,L,L
15297,TADEO LOPEZ ,L,L,V,L,L,L,L,L,V,L
15298,TADEO LOPEZ ,L,L,V,L,L,L,L,L,L,L
15299,TADEO LOPEZ ,L,L,V,L,L,L,V,L,V,L
15300,TADEO LOPEZ ,L,L,V,L,L,L,V,L,L,L
15301,TADEO LOPEZ ,L,L,V,E,L,L,L,L,V,L
15302,TADEO LOPEZ ,L,L,V,E,L,L,L,L,L,L
15303,TADEO LOPEZ ,L,L,V,E,L,L,V,L,V,L
15304,TADEO LOPEZ ,L,L,V,E,L,L,V,L,L,L
15305,Tadeo🍀,L,L,V,L,L,L,L,L,E,L
15306,Tadeo🍀,L,E,V,E,L,L,L,L,V,L
15307,Tadeo🍀,L,V,V,E,L,L,L,L,L,L
15308,Tadeo🍀,L,E,V,L,L,E,V,L,E,L
15309,Tadeo🍀,L,V,V,L,L,L,L,L,L,L
15310,Tafoya1,L,L,E,V,L,V,E,L,L,V
15311,Tafoya2,L,V,V,L,L,L,E,E,E,V
15312,Talpa chava,L,V,V,V,L,L,L,L,V,L
15313,Talpa chava,L,L,L,L,L,L,V,L,L,L
15314,Talpa chava,L,L,V,E,L,L,L,L,L,E
15315,Talpa la virgen,L,L,V,L,E,L,V,E,L,V
15316,Talpa la virgen,L,V,V,L,L,E,L,V,V,E
15317,Talpa la virgen,E,L,V,E,L,L,V,L,V,L
15318,Talpa la virgen,L,L,V,E,L,V,E,L,L,V
15319,Talpa la virgen,L,V,V,L,L,E,V,E,V,L
15320,Talpa la virgen,L,V,V,L,L,E,L,E,V,L
15321,Talpa Ramiro luquin,L,V,L,L,L,V,V,L,E,E
15322,Talpa Ramiro luquin,V,L,V,V,E,L,E,L,V,L
15323,TalpaRamiro luquin,V,V,L,V,V,L,V,V,V,L
15324,Tant Omar B,E,L,V,E,L,L,V,E,L,L
15325,Tant Sant,L,L,E,V,L,E,V,E,L,E
15326,Tapon,L,L,V,E,L,E,V,E,E,V
15327,Tapon,L,E,V,V,E,L,E,L,E,L
15328,Tapon,L,L,E,V,E,L,V,E,L,L
15329,Tavito,L,L,V,E,L,L,V,E,L,V
15330,Tavito,L,V,V,E,L,L,V,L,L,L
15331,Tavito,L,V,E,L,L,V,L,L,E,E
15332,Tavito,E,V,V,E,L,V,V,L,L,V
15333,Tavito,L,E,V,E,L,E,E,L,E,V
15334,tavoracho,L,L,V,V,L,V,E,V,L,E
15335,tavoracho,L,L,V,L,E,V,E,L,L,L
15336,TEC 1488_,L,V,V,L,L,L,E,L,V,V
15337,TEC 1488_,E,L,V,E,L,L,V,L,E,V
15338,TEC 1488_,L,L,V,V,E,L,V,L,V,V
15339,TEC 1488_,L,L,V,E,V,E,V,L,V,L
15340,TEC 1488_,L,L,V,L,L,L,V,L,V,L
15341,TEC 1488_,L,L,L,L,L,E,L,L,L,L
15342,TEC 1488_,L,V,V,L,L,L,V,L,L,L
15343,TEC 1488_,L,E,V,L,E,L,V,L,L,L
15344,TEC 1488_,L,L,V,L,V,L,V,L,L,L
15345,TEC 1488_,L,L,E,V,L,L,E,L,L,L
15346,TEC 3_,L,E,V,V,L,E,V,V,E,L
15347,TEC 3_,L,L,V,L,L,L,V,E,E,L
15348,TEC 3_,L,E,V,E,L,V,E,L,E,E
15349,TEC 3_,L,V,V,E,L,E,V,L,V,V
15350,TEC 3_,V,L,L,L,V,E,V,V,V,V
15351,TEC ABO,L,L,E,V,L,L,L,L,E,L
15352,TEC ADRIAN Y AMIGOS,L,L,V,L,L,L,V,L,E,L
15353,TEC ADRIAN Y AMIGOS,L,L,V,L,L,L,V,L,V,L
15354,TEC ADRIAN Y AMIGOS,L,L,V,L,E,L,V,L,E,L
15355,TEC ADRIAN Y AMIGOS,L,L,V,L,E,L,V,L,V,L
15356,TEC ADRIAN Y AMIGOS,L,L,V,V,L,L,V,L,E,L
15357,TEC ADRIAN Y AMIGOS,L,L,V,V,L,L,V,L,V,L
15358,TEC ADRIAN Y AMIGOS,L,L,V,V,E,L,V,L,E,L
15359,TEC ADRIAN Y AMIGOS,L,L,V,V,E,L,V,L,V,L
15360,TEC ADRIAN Y AMIGOS,L,E,V,L,L,L,V,L,E,L
15361,TEC ADRIAN Y AMIGOS,L,E,V,L,L,L,V,L,V,L
15362,TEC ADRIAN Y AMIGOS,L,E,V,L,E,L,V,L,E,L
15363,TEC ADRIAN Y AMIGOS,L,E,V,L,E,L,V,L,V,L
15364,TEC ADRIAN Y AMIGOS,L,E,V,V,L,L,V,L,E,L
15365,TEC ADRIAN Y AMIGOS,L,E,V,V,L,L,V,L,V,L
15366,TEC ADRIAN Y AMIGOS,L,E,V,V,E,L,V,L,E,L
15367,TEC ADRIAN Y AMIGOS,L,E,V,V,E,L,V,L,V,L
15368,TEC ADRIAN Y AMIGOS,L,V,V,L,L,L,V,L,E,L
15369,TEC ADRIAN Y AMIGOS,L,V,V,L,L,L,V,L,V,L
15370,TEC ADRIAN Y AMIGOS,L,V,V,L,E,L,V,L,E,L
15371,TEC ADRIAN Y AMIGOS,L,V,V,L,E,L,V,L,V,L
15372,TEC ADRIAN Y AMIGOS,L,V,V,V,L,L,V,L,E,L
15373,TEC ADRIAN Y AMIGOS,L,V,V,V,L,L,V,L,V,L
15374,TEC ADRIAN Y AMIGOS,L,V,V,V,E,L,V,L,E,L
15375,TEC ADRIAN Y AMIGOS,L,V,V,V,E,L,V,L,V,L
15376,TEC ALINA,L,E,V,E,L,L,V,L,V,E
15377,TEC ALINA,L,L,V,L,L,L,V,L,V,E
15378,TEC ALINA,L,L,V,E,L,L,V,L,L,E
15379,TEC ASI NOMAS,L,V,V,L,E,L,V,L,V,L
15380,TEC ASI NOMAS,L,V,V,L,L,L,V,E,V,E
15381,TEC ASI NOMAS,L,E,V,E,V,E,L,E,V,L
15382,TEC ASI NOMAS,E,V,E,L,E,L,V,E,V,E
15383,TEC ASI NOMAS,V,E,V,L,V,V,E,L,E,L
15384,TEC ASI NOMAS,L,V,V,L,V,L,E,L,L,L
15385,TEC ASTRID HERNANDEZ,L,V,E,V,L,L,L,L,L,L
15386,TEC BARCELONA 1,L,E,V,L,L,L,V,L,V,L
15387,TEC BARCELONA 1,L,E,V,E,L,L,V,L,V,L
15388,TEC BARCELONA 1,L,V,V,L,L,L,V,L,V,L
15389,TEC BARCELONA 1,L,V,V,E,L,L,V,L,V,L
15390,TEC BARCELONA 1,L,L,E,L,L,L,L,E,E,L
15391,TEC BARCELONA 1,L,E,L,E,E,E,E,V,V,E
15392,TEC BERNARDO PR,L,L,V,L,L,L,V,L,L,L
15393,TEC CAMINANTE TACO,E,E,V,L,V,L,E,V,E,L
15394,TEC CAMINANTE TACO,V,V,V,L,L,L,E,L,E,L
15395,TEC CAMINANTE TACO,E,E,E,L,E,V,L,V,E,L
15396,TEC CAMINANTE TACO,V,L,E,L,V,L,V,E,E,L
15397,TEC CAMINANTE TACO,V,E,E,E,E,L,E,E,E,L
15398,TEC CAMINANTE TACO,E,E,E,L,E,V,L,E,V,L
15399,TEC CAMINANTE TACO,E,E,V,V,V,L,E,L,V,L
15400,TEC CAMINANTE TACO,L,E,V,L,L,L,L,L,L,L
15401,TEC CAMINANTE TACO,L,L,L,L,L,L,E,L,E,L
15402,TEC CAMINANTE TACO,E,V,E,L,L,V,L,L,V,L
15403,TEC CAMINANTE TACO,E,E,E,E,E,E,E,E,E,L
15404,TEC CAMINANTE TACO,V,V,V,V,V,L,E,V,V,L
15405,TEC CAMINANTE TACO,L,E,E,L,V,V,L,E,L,L
15406,TEC CAMINANTE TACO,L,V,V,E,L,E,L,V,L,L
15407,TEC CAMINANTE TACO,V,V,V,V,V,V,L,L,V,E
15408,TEC CAMINANTE TACO,E,E,V,L,L,L,L,L,V,L
15409,TEC CAMINANTE TACO,L,V,V,L,L,L,E,V,E,L
15410,TEC CAMINANTE TACO,E,E,L,E,E,E,V,E,L,L
15411,TEC CAMINANTE TACO,L,E,V,L,L,E,L,E,E,L
15412,TEC CAMINANTE TACO,V,V,E,L,L,V,V,V,V,L
15413,TEC CAMINANTE TACO,E,V,V,L,L,L,E,E,L,L
15414,TEC CAMINANTE TACO,E,E,V,E,V,L,E,L,E,L
15415,TEC CAMINANTE TACO,L,V,E,L,E,V,L,E,V,L
15416,TEC CAMINANTE TACO,E,E,E,L,E,L,E,E,E,L
15417,TEC CAMINANTE TACO,V,E,L,V,E,L,E,E,E,L
15418,TEC CHENCHI PUMAS,L,L,V,E,L,L,E,L,L,E
15419,TEC CHENCHI PUMAS,L,E,V,E,L,L,E,L,L,E
15420,TEC CHENCHI PUMAS,L,V,V,E,L,L,E,L,L,E
15421,TEC CHENCHI PUMAS,L,L,V,E,L,V,E,L,L,E
15422,TEC CHENCHI PUMAS,L,E,V,E,L,V,E,L,L,E
15423,TEC CHENCHI PUMAS,L,V,V,E,L,V,E,L,L,E
15424,TEC CUATITAS,L,E,V,V,E,L,V,L,E,E
15425,TEC DARA FERNANDA,L,V,V,L,L,E,L,L,E,E
15426,TEC DENIS AMATE,L,L,E,L,L,L,L,E,L,L
15427,TEC EL BB,L,E,L,E,V,L,V,L,E,L
15428,TEC EL BB,L,E,L,E,E,L,V,L,V,L
15429,TEC EL BB,L,E,L,E,L,L,V,L,V,L
15430,TEC EL BB,L,E,E,E,V,L,E,L,L,L
15431,TEC EL BB,L,E,E,E,L,L,V,L,V,L
15432,TEC EL BB,L,V,L,V,V,L,V,L,L,L
15433,TEC EL BB,L,L,L,V,L,L,V,L,E,E
15434,TEC EL BB,L,V,E,V,V,E,L,L,L,L
15435,TEC EL BB,L,V,V,E,L,E,V,L,E,L
15436,TEC EL BB,L,L,L,L,L,L,L,L,V,L
15437,TEC EL BB,L,L,L,L,L,L,E,E,E,L
15438,TEC EL BURRON,L,V,V,L,L,L,L,L,L,V
15439,TEC EL BURRON,L,V,E,E,L,E,L,L,V,V
15440,TEC EL BURRON,L,E,V,E,L,L,V,L,V,V
15441,TEC EL BURRON,L,E,E,L,L,E,V,L,L,V
15442,TEC EL BURRON,L,V,V,L,L,E,V,L,V,V
15443,TEC EL BURRON,L,V,E,E,L,L,V,L,L,V
15444,TEC EL BURRON,L,E,V,E,L,E,L,L,L,V
15445,TEC EL BURRON,L,E,E,L,L,L,L,L,V,V
15446,TEC EL CUATE,L,L,V,E,L,E,L,L,L,L
15447,TEC EL CUATE,L,V,V,E,L,E,L,L,L,L
15448,TEC EL MUÑECO,L,V,L,L,L,L,L,L,L,L
15449,TEC EL MUÑECO,L,V,V,V,V,L,L,L,L,L
15450,TEC EL MUÑECO,L,V,V,V,V,L,E,E,E,L
15451,TEC EL MUÑECO,L,V,E,L,L,L,E,L,V,L
15452,TEC EL MUÑECO,L,V,V,V,L,L,V,L,L,L
15453,TEC EL MUÑECO,L,V,V,V,E,L,E,L,E,L
15454,TEC EL MUÑECO,L,V,E,V,E,L,E,L,L,L
15455,TEC EL MUÑECO,L,V,L,E,L,L,V,L,E,L
15456,TEC EL MUÑECO,L,V,V,L,L,L,L,L,L,L
15457,TEC EL MUÑECO,L,V,V,V,L,L,L,L,L,L
15458,TEC EL POLLO REBOLLEDO,L,L,V,L,L,L,L,L,V,L
15459,TEC EL POLLO REBOLLEDO,L,L,V,L,L,L,V,L,V,L
15460,TEC EL POLLO REBOLLEDO,L,L,V,E,L,L,L,L,V,L
15461,TEC EL POLLO REBOLLEDO,L,L,V,E,L,L,V,L,V,L
15462,TEC EL POLLO REBOLLEDO,L,V,V,L,L,L,L,L,V,L
15463,TEC EL POLLO REBOLLEDO,L,V,V,L,L,L,V,L,V,L
15464,TEC EL POLLO REBOLLEDO,L,V,V,E,L,L,L,L,V,L
15465,TEC EL POLLO REBOLLEDO,L,V,V,E,L,L,V,L,V,L
15466,TEC EL TOTO,L,L,V,L,L,E,L,L,V,E
15467,TEC ENOK SERRANO,E,E,V,V,L,L,V,L,V,L
15468,TEC ENOK SERRANO,E,E,E,E,E,E,E,E,E,L
15469,TEC ENOK SERRANO,L,V,V,E,L,L,V,L,V,L
15470,TEC ENOK SERRANO,L,L,L,L,L,L,L,L,L,E
15471,TEC ENOK SERRANO,L,L,V,L,L,L,V,L,V,L
15472,TEC ENOK SERRANO,L,L,V,L,E,V,E,L,E,E
15473,TEC GISSEL,E,E,V,E,E,V,V,L,E,L
15474,TEC GISSEL,L,E,V,L,L,L,V,L,E,L
15475,TEC GISSEL,L,V,V,E,E,L,V,L,V,L
15476,TEC GUTY 1,L,V,V,L,L,L,V,L,L,E
15477,TEC GUTY 2,L,L,V,L,L,L,V,L,E,L
15478,TEC HERCULES,L,V,V,L,L,L,V,L,V,V
15479,TEC HERCULES,V,E,L,V,L,E,V,L,E,V
15480,TEC HERCULES,L,V,V,V,L,L,V,L,V,V
15481,TEC JESUS PEÑA EL BARBAS,L,V,V,L,E,L,V,E,V,L
15482,TEC JESUS PEÑA EL BARBAS,L,V,V,E,V,L,E,L,V,L
15483,TEC JESUS PEÑA EL BARBAS,E,V,V,V,V,L,V,E,V,L
15484,TEC JOSE DE LOS ANGELES,L,V,V,L,L,L,V,L,L,L
15485,TEC JOSE LUIS SOTELO CRUZ,L,E,V,L,L,E,E,L,V,L
15486,TEC JOSHERADILLA,L,V,V,V,E,V,V,L,L,L
15487,TEC KORY,L,V,E,L,L,L,V,L,V,E
15488,TEC LA MOLI,L,L,V,L,L,L,E,L,L,E
15489,TEC LA MOLI,L,L,V,L,L,L,V,L,L,E
15490,TEC LA MOLI,L,L,V,L,L,E,E,L,L,E
15491,TEC LA MOLI,L,L,V,L,L,E,V,L,L,E
15492,TEC LA MOLI,L,E,V,L,L,L,E,L,L,E
15493,TEC LA MOLI,L,E,V,L,L,L,V,L,L,E
15494,TEC LA MOLI,L,E,V,L,L,E,E,L,L,E
15495,TEC LA MOLI,L,E,V,L,L,E,V,L,L,E
15496,TEC LA MOLI,L,V,V,E,L,E,L,V,L,L
15497,TEC LOS JUANES,L,E,V,E,L,L,E,E,V,L
15498,TEC LUIS FELIPE,L,E,V,E,L,L,L,L,E,L
15499,TEC LUIS OSO,L,L,V,L,L,L,L,L,L,E
15500,TEC LUIS OSO,L,L,V,L,L,L,V,L,L,E
15501,TEC LUIS OSO,L,L,V,L,V,L,L,L,L,E
15502,TEC LUIS OSO,L,L,V,L,V,L,V,L,L,E
15503,TEC LUIS OSO,L,L,V,E,L,L,L,L,L,E
15504,TEC LUIS OSO,L,L,V,E,L,L,V,L,L,E
15505,TEC LUIS OSO,L,L,V,E,V,L,L,L,L,E
15506,TEC LUIS OSO,L,L,V,E,V,L,V,L,L,E
15507,TEC LUIS OSO,V,L,V,L,L,L,L,L,L,E
15508,TEC LUIS OSO,V,L,V,L,L,L,V,L,L,E
15509,TEC LUIS OSO,V,L,V,L,V,L,L,L,L,E
15510,TEC LUIS OSO,V,L,V,L,V,L,V,L,L,E
15511,TEC LUIS OSO,V,L,V,E,L,L,L,L,L,E
15512,TEC LUIS OSO,V,L,V,E,L,L,V,L,L,E
15513,TEC LUIS OSO,V,L,V,E,V,L,L,L,L,E
15514,TEC LUIS OSO,V,L,V,E,V,L,V,L,L,E
15515,TEC LUIS RENDON,L,V,V,V,L,L,V,L,V,L
15516,TEC LUZ Y CARLOS,L,V,V,V,E,L,L,E,E,V
15517,TEC LUZ Y CARLOS,L,E,V,E,E,L,E,L,L,L
15518,TEC LUZ Y CARLOS,L,L,V,L,L,L,L,V,V,V
15519,TEC LUZ Y CARLOS,L,V,V,L,V,L,L,L,L,L
15520,TEC MAGU MENDOZA,V,L,L,L,L,V,V,E,V,L
15521,TEC MANDADITOS SAN LUIS,L,E,V,L,L,L,L,L,L,L
15522,TEC MANDADITOS SAN LUIS,L,V,V,E,L,L,L,L,L,L
15523,TEC MANDADITOS SAN LUIS,L,L,V,L,E,L,E,L,V,L
15524,TEC MANDADITOS SAN LUIS,L,V,V,E,L,L,L,L,E,L
15525,TEC MANDADITOS SAN LUIS,L,L,E,L,L,L,L,L,L,L
15526,TEC MARCIAL NR,L,E,V,L,E,L,L,E,L,V
15527,TEC MARCIAL NR,L,E,V,L,E,L,L,E,E,V
15528,TEC MARCIAL NR,L,E,V,L,E,L,L,E,V,V
15529,TEC MARCIAL NR,L,E,V,L,E,L,V,E,L,V
15530,TEC MARCIAL NR,L,E,V,L,E,L,V,E,E,V
15531,TEC MARCIAL NR,L,E,V,L,E,L,V,E,V,V
15532,TEC MARCIAL NR,L,E,V,L,E,E,L,E,L,V
15533,TEC MARCIAL NR,L,E,V,L,E,E,L,E,E,V
15534,TEC MARCIAL NR,L,E,V,L,E,E,L,E,V,V
15535,TEC MARCIAL NR,L,E,V,L,E,E,V,E,L,V
15536,TEC MARCIAL NR,L,E,V,L,E,E,V,E,E,V
15537,TEC MARCIAL NR,L,E,V,L,E,E,V,E,V,V
15538,TEC MARCIAL NR,L,E,V,E,E,L,L,E,L,V
15539,TEC MARCIAL NR,L,E,V,E,E,L,L,E,E,V
15540,TEC MARCIAL NR,L,E,V,E,E,L,L,E,V,V
15541,TEC MARCIAL NR,L,E,V,E,E,L,V,E,L,V
15542,TEC MARCIAL NR,L,E,V,E,E,L,V,E,E,V
15543,TEC MARCIAL NR,L,E,V,E,E,L,V,E,V,V
15544,TEC MARCIAL NR,L,E,V,E,E,E,L,E,L,V
15545,TEC MARCIAL NR,L,E,V,E,E,E,L,E,E,V
15546,TEC MARCIAL NR,L,E,V,E,E,E,L,E,V,V
15547,TEC MARCIAL NR,L,E,V,E,E,E,V,E,L,V
15548,TEC MARCIAL NR,L,E,V,E,E,E,V,E,E,V
15549,TEC MARCIAL NR,L,E,V,E,E,E,V,E,V,V
15550,TEC MARCIAL NR,L,V,V,L,E,L,L,E,L,V
15551,TEC MARCIAL NR,L,V,V,L,E,L,L,E,E,V
15552,TEC MARCIAL NR,L,V,V,L,E,L,L,E,V,V
15553,TEC MARCIAL NR,L,V,V,L,E,L,V,E,L,V
15554,TEC MARCIAL NR,L,V,V,L,E,L,V,E,E,V
15555,TEC MARCIAL NR,L,V,V,L,E,L,V,E,V,V
15556,TEC MARCIAL NR,L,V,V,L,E,E,L,E,L,V
15557,TEC MARCIAL NR,L,V,V,L,E,E,L,E,E,V
15558,TEC MARCIAL NR,L,V,V,L,E,E,L,E,V,V
15559,TEC MARCIAL NR,L,V,V,L,E,E,V,E,L,V
15560,TEC MARCIAL NR,L,V,V,L,E,E,V,E,E,V
15561,TEC MARCIAL NR,L,V,V,L,E,E,V,E,V,V
15562,TEC MARCIAL NR,L,V,V,E,E,L,L,E,L,V
15563,TEC MARCIAL NR,L,V,V,E,E,L,L,E,E,V
15564,TEC MARCIAL NR,L,V,V,E,E,L,L,E,V,V
15565,TEC MARCIAL NR,L,V,V,E,E,L,V,E,L,V
15566,TEC MARCIAL NR,L,V,V,E,E,L,V,E,E,V
15567,TEC MARCIAL NR,L,V,V,E,E,L,V,E,V,V
15568,TEC MARCIAL NR,L,V,V,E,E,E,L,E,L,V
15569,TEC MARCIAL NR,L,V,V,E,E,E,L,E,E,V
15570,TEC MARCIAL NR,L,V,V,E,E,E,L,E,V,V
15571,TEC MARCIAL NR,L,V,V,E,E,E,V,E,L,V
15572,TEC MARCIAL NR,L,V,V,E,E,E,V,E,E,V
15573,TEC MARCIAL NR,L,V,V,E,E,E,V,E,V,V
15574,TEC MARI COCOS,L,E,V,L,L,E,V,V,L,L
15575,TEC MARI COCOS,L,E,V,L,L,E,V,V,V,L
15576,TEC MATEO ROMERO 18,L,V,V,L,L,L,V,L,E,L
15577,TEC MCHN,L,V,V,L,L,L,L,L,L,E
15578,TEC MCHN,E,E,E,V,V,L,E,L,L,E
15579,TEC MEREDITH SOTELO,L,L,V,L,L,E,V,L,E,L
15580,TEC MI PATRONA,L,L,V,E,L,V,V,L,E,L
15581,TEC MI PATRONA,L,V,V,L,L,L,V,L,L,L
15582,TEC MIGUEL EL PELUDO,L,E,V,L,E,L,E,L,L,L
15583,TEC MIGUEL EL PELUDO,L,E,V,L,E,L,E,L,V,L
15584,TEC MIGUEL EL PELUDO,L,V,V,L,E,L,E,L,L,L
15585,TEC MIGUEL EL PELUDO,L,V,V,L,E,L,E,L,V,L
15586,TEC MIGUEL EL PELUDO,L,L,V,E,V,E,L,E,E,L
15587,TEC MIGUEL EL PELUDO,L,L,V,V,V,E,L,E,E,L
15588,TEC MIGUEL EL PELUDO,L,V,V,E,V,E,L,E,E,L
15589,TEC MIGUEL EL PELUDO,L,V,V,V,V,E,L,E,E,L
15590,TEC MYLOVE,L,E,V,L,L,L,V,L,V,L
15591,TEC MYLOVE,L,E,V,E,L,L,V,L,V,L
15592,TEC MYLOVE,L,V,V,L,L,L,V,L,V,L
15593,TEC MYLOVE,L,V,V,E,L,L,V,L,V,L
15594,TEC NATHALIA,L,V,L,V,L,L,E,L,V,E
15595,TEC NATHALIA,L,L,L,V,E,L,V,E,V,L
15596,TEC NOLDO 75,L,E,V,E,L,E,L,L,L,E
15597,TEC PACO TRANSPORTE,L,V,V,E,L,L,E,L,L,L
15598,TEC PACO TRANSPORTE,L,L,E,L,E,L,L,E,V,L
15599,TEC PACO TRANSPORTE,V,E,V,V,L,V,V,V,E,E
15600,TEC PAPACHU23,L,V,V,E,L,L,L,E,V,L
15601,TEC PAPACHU23,L,E,V,V,L,E,V,V,E,L
15602,TEC PAPACHU23,L,L,V,V,L,L,E,V,V,L
15603,TEC PAPACHU23,E,V,E,L,E,L,V,L,V,E
15604,TEC PAPACHU23,L,E,V,V,L,L,E,E,L,L
15605,TEC PATRIOTA,L,E,E,L,L,L,E,L,E,E
15606,TEC PATRIOTA,L,E,E,L,L,L,E,L,V,E
15607,TEC PATRIOTA,L,E,E,L,L,L,V,L,E,E
15608,TEC PATRIOTA,L,E,E,L,L,L,V,L,V,E
15609,TEC PATRIOTA,L,E,E,E,L,L,E,L,E,E
15610,TEC PATRIOTA,L,E,E,E,L,L,E,L,V,E
15611,TEC PATRIOTA,L,E,E,E,L,L,V,L,E,E
15612,TEC PATRIOTA,L,E,E,E,L,L,V,L,V,E
15613,TEC PATRIOTA,L,E,V,L,L,L,E,L,E,E
15614,TEC PATRIOTA,L,E,V,L,L,L,E,L,V,E
15615,TEC PATRIOTA,L,E,V,L,L,L,V,L,E,E
15616,TEC PATRIOTA,L,E,V,L,L,L,V,L,V,E
15617,TEC PATRIOTA,L,E,V,E,L,L,E,L,E,E
15618,TEC PATRIOTA,L,E,V,E,L,L,E,L,V,E
15619,TEC PATRIOTA,L,E,V,E,L,L,V,L,E,E
15620,TEC PATRIOTA,L,E,V,E,L,L,V,L,V,E
15621,TEC PEPE LUIS,L,V,V,L,L,L,V,L,L,E
15622,TEC PEPE LUIS,V,L,E,V,L,V,V,E,V,L
15623,TEC PEPE LUIS,L,E,V,V,V,V,V,L,V,L
15624,TEC PEQUE 1,L,V,V,E,L,L,L,L,L,L
15625,TEC PIRU TPTT,L,L,V,L,E,E,V,L,L,L
15626,TEC PIRU TPTT,L,E,V,E,L,L,V,L,E,E
15627,TEC PIRU TPTT,L,L,V,V,V,V,L,L,V,V
15628,TEC POLIN,L,E,E,V,L,L,E,E,V,L
15629,TEC POLIN,L,V,E,E,L,L,E,L,E,L
15630,TEC POLIN,L,L,E,L,L,L,E,L,V,E
15631,TEC POLIN,E,L,V,E,L,L,V,E,E,L
15632,TEC POLIN,E,V,V,E,L,L,L,L,E,E
15633,TEC POLO MARQUEZ R,L,L,V,E,L,V,E,L,L,L
15634,TEC RAMON CUCHUFU,L,L,V,L,L,L,L,L,V,E
15635,TEC RENE AABRCA,L,L,V,L,L,V,E,L,L,L
15636,TEC REYES,L,E,L,E,L,L,E,L,V,E
15637,TEC REYES,L,L,V,L,L,L,L,L,L,L
15638,TEC RODOLFO JIMENEZ,L,L,V,V,L,L,V,L,L,L
15639,TEC SALVA ACOSTA,L,L,V,V,V,L,L,V,V,L
15640,TEC SALVA ACOSTA,L,E,V,V,L,L,V,L,L,L
15641,TEC SALVA ACOSTA,L,V,V,E,V,L,E,L,E,L
15642,TEC SALVA ACOSTA,E,E,V,V,E,L,L,V,L,L
15643,TEC SALVA ACOSTA,V,V,V,V,L,V,L,E,L,L
15644,TEC SALVA ACOSTA,L,L,V,L,L,L,E,V,L,L
15645,TEC TIBURON 4,L,V,V,L,L,L,E,L,L,E
15646,TEC TIBURON 4,L,L,L,V,L,L,V,L,L,E
15647,TEC TIBURON 4,V,V,L,L,V,L,V,L,L,E
15648,TEC TIBURON 4,V,L,V,V,V,L,E,L,L,E
15649,TEC TIBURON 4,L,V,V,E,E,L,L,L,L,E
15650,TEC TIBURON 4,L,E,E,L,E,L,E,L,L,E
15651,TEC TIBURON 4,E,V,E,E,L,L,E,L,L,E
15652,TEC TIBURON 4,E,E,V,L,L,L,L,L,L,E
15653,TEC VENEGAS,L,V,V,E,L,E,E,L,L,L
15654,TEC VENEGAS,L,L,V,V,L,L,L,L,L,L
15655,TEC VENEGAS,L,E,V,E,E,E,E,L,L,L
15656,TEC VIGO ABARCA,L,L,E,V,V,E,E,V,L,L
15657,TEC VIGO ABARCA,V,V,L,V,L,L,E,E,E,E
15658,TEC VIGO ABARCA,E,E,V,V,V,L,L,L,L,L
15659,TEC VIGO ABARCA,L,L,L,E,E,L,V,V,V,L
15660,TEC VIGO ABARCA,L,L,L,E,V,L,V,L,V,E
15661,TEC VL,L,L,V,L,V,L,V,V,V,L
15662,TEC VL,L,E,V,L,E,L,E,V,E,L
15663,TEC VL,L,L,V,L,L,L,V,V,V,L
15664,TEC VL,L,L,V,L,E,L,E,V,V,L
15665,TEC VL,L,V,V,L,V,L,V,V,V,L
15666,TEC XOCHIL PINEDA,V,V,L,V,E,L,E,V,V,E
15667,TEC ZANE,L,L,E,L,L,L,L,L,E,L
15668,TEC ZANE,L,L,V,L,L,L,L,L,E,L
15669,TEC ZANELY,L,L,E,V,L,V,V,L,V,L
15670,TEC ZANELY,L,E,V,V,E,L,V,L,E,L
15671,TEC ZERTUCHE,L,E,V,L,E,E,E,L,L,L
15672,TEC ZOE,L,E,V,E,L,L,L,L,E,E
15673,Teodoro 22,L,E,E,E,V,E,E,L,E,L
15674,Teodoro 22,L,V,V,L,E,E,E,L,E,L
15675,Teodoro 22,V,E,E,L,E,V,E,E,V,L
15676,Teodoro 22,L,V,E,E,V,E,E,L,L,L
15677,Teodoro 22,L,E,E,E,E,V,E,L,L,V
15678,Teodoro 22,L,V,V,V,V,L,L,L,V,V
15679,Teodoro 22,L,V,V,V,L,L,L,V,V,L
15680,Teodoro 22,L,L,L,L,L,E,L,L,E,L
15681,Thiago cuervo26,L,L,V,L,L,L,V,L,V,E
15682,Thiago cuervo26,E,V,V,E,L,L,E,V,V,V
15683,Thiago Mathias ,L,V,E,V,V,E,V,L,L,E
15684,Thiago Mathias ,L,V,E,V,V,L,V,L,L,E
15685,THIFANDRÉ LUNA ,L,L,V,E,L,L,V,L,L,L
15686,THIFANDRÉ LUNA ,L,L,V,E,L,L,L,L,L,L
15687,THIFANDRÉ LUNA ,L,L,V,L,L,L,V,L,L,L
15688,THIFANDRÉ LUNA ,L,L,V,L,L,L,L,L,L,L
15689,THIFANDRÉ LUNA ,L,V,V,E,L,L,V,L,L,L
15690,THIFANDRÉ LUNA ,L,V,V,E,L,L,L,L,L,L
15691,THIFANDRÉ LUNA ,L,V,V,L,L,L,V,L,L,L
15692,THIFANDRÉ LUNA ,L,V,V,L,L,L,L,L,L,L
15693,Tio indio,L,V,V,L,L,L,E,L,L,L
15694,Tio indio,L,E,V,E,L,L,L,V,V,L
15695,Tio indio,L,L,V,L,L,L,V,V,V,V
15696,Tio indio,L,V,V,V,L,L,V,V,L,L
15697,Tio indio,L,L,V,V,V,L,V,L,V,L
15698,Tio indio,L,V,V,V,L,L,V,L,V,L
15699,Tio indio,L,E,E,E,L,L,E,L,L,L
15700,Tio indio,L,E,V,L,L,L,L,L,E,L
15701,Tisha ,L,E,V,L,L,L,L,L,L,L
15702,Tisha ,L,E,V,E,L,L,L,L,L,L
15703,Tisha ,L,L,V,L,L,L,L,L,L,L
15704,Tisha ,L,L,V,E,L,L,L,L,L,L
15705,Tisha ,L,E,V,E,E,L,L,L,L,L
15706,Tisha ,L,E,V,E,L,L,L,L,L,L
15707,Tizamartin,L,E,V,E,L,L,L,L,V,E
15708,Tizamartin,L,V,V,E,L,E,L,L,V,V
15709,Tocayo's ,L,L,V,L,L,L,V,L,V,L
15710,Tocayo's ,L,L,V,L,L,L,V,E,V,L
15711,Tocayo's ,L,L,V,L,L,L,E,L,V,L
15712,Tocayo's ,L,L,V,L,L,L,E,E,V,L
15713,Tocayo's ,L,L,V,E,L,L,V,L,V,L
15714,Tocayo's ,L,L,V,E,L,L,V,E,V,L
15715,Tocayo's ,L,L,V,E,L,L,E,L,V,L
15716,Tocayo's ,L,L,V,E,L,L,E,E,V,L
15717,Tocayo's ,L,V,V,L,L,L,V,L,V,L
15718,Tocayo's ,L,V,V,L,L,L,V,E,V,L
15719,Tocayo's ,L,V,V,L,L,L,E,L,V,L
15720,Tocayo's ,L,V,V,L,L,L,E,E,V,L
15721,Tocayo's ,L,V,V,E,L,L,V,L,V,L
15722,Tocayo's ,L,V,V,E,L,L,V,E,V,L
15723,Tocayo's ,L,V,V,E,L,L,E,L,V,L
15724,Tocayo's ,L,V,V,E,L,L,E,E,V,L
15725,Toche's,L,L,V,E,L,E,L,L,V,E
15726,Toche's,L,E,V,L,L,L,L,L,L,L
15727,Todo con fe,L,V,V,L,V,L,V,L,V,L
15728,Todo con fe,L,L,V,L,E,E,L,L,L,E
15729,Todo con fe,L,E,E,V,L,L,L,L,E,E
15730,Toni roy,L,E,E,E,E,E,E,E,L,L
15731,Toni roy,L,E,V,L,E,L,E,E,L,L
15732,Toni roy,L,L,E,L,V,L,V,L,L,L
15733,Toni roy,L,E,E,E,V,L,E,E,L,L
15734,Toni roy,E,E,E,E,E,E,E,E,E,L
15735,Tony Jaramillo M,L,V,V,L,E,L,E,L,L,L
15736,TONY MOTOLA,E,V,E,V,L,E,L,V,E,V
15737,TOÑO P,L,V,L,L,L,L,V,L,V,V
15738,TOÑO P,L,V,V,L,V,E,V,L,E,E
15739,TOÑO P,L,L,V,L,L,L,V,L,V,V
15740,TOSHO MX,L,V,V,V,L,L,L,L,L,E
15741,TOSHO VIC,L,E,V,L,L,L,L,L,E,L
15742,TRAGA TIERRA,L,L,V,L,L,L,E,L,L,L
15743,TRAGA TIERRA,L,E,V,L,L,L,V,L,L,L
15744,TRAGA TIERRA,L,V,V,L,L,L,L,L,L,L
15745,TRAGA TIERRA,L,E,E,E,L,L,E,L,L,L
15746,Tremendez,L,V,V,V,L,E,V,V,L,L
15747,Tremendez,L,L,V,V,L,L,E,L,E,L
15748,Tremendez,E,L,E,L,L,E,L,E,E,E
15749,Tremendez,L,E,V,V,L,V,L,L,L,E
15750,Tremendez,L,E,V,V,L,E,L,L,L,V
15751,Triby López,L,L,V,E,L,L,V,L,E,L
15752,Triby López,L,E,V,L,L,L,L,L,L,L
15753,Triby López,L,V,V,V,L,L,E,L,L,L
15754,Triby López,L,L,V,L,E,L,L,L,V,L
15755,Triby López,E,L,V,L,L,L,L,E,E,L
15756,Triby López,L,E,V,L,E,E,L,V,L,E
15757,Triby López,L,L,V,V,L,E,V,E,V,L
15758,Triby López,V,V,E,V,L,L,L,E,L,L
15759,Triby López,E,E,V,L,E,L,E,V,E,E
15760,Triby López,L,V,E,E,L,V,V,E,E,L
15761,Tripa gonzalez,L,V,V,V,L,L,L,V,V,L
15762,Tripa gonzalez,L,V,V,E,L,L,L,V,L,L
15763,TSETZANGARI,L,E,V,E,L,E,L,L,L,L
15764,Tytohernandez,L,V,L,L,E,L,E,L,L,L
15765,Tytohernandez,E,L,V,L,L,V,L,E,E,E
15766,UDEG,L,L,V,L,L,V,L,E,L,L
15767,UDEG,L,V,V,L,L,E,L,L,E,L
15768,UDEG,L,E,V,E,L,V,L,L,V,E
15769,UDEG,L,L,V,L,L,V,E,V,L,E
15770,Ulises zanka,L,L,V,L,E,L,V,L,E,L
15771,Ulises zanka,L,E,V,E,L,L,E,L,L,L
15772,Ulises0225,L,V,V,E,L,L,E,L,E,L
15773,Ulises0225,L,V,V,L,L,L,L,E,L,V
15774,Ulises0225,L,L,V,V,L,E,L,L,L,V
15775,Ulises0225,E,V,V,L,E,L,V,E,E,E
15776,Un zanka gordo 😎,L,V,V,L,V,L,E,L,E,L
15777,Un zanka gordo 😎,L,E,V,L,L,V,V,L,V,L
15778,Un zanka gordo 😎,L,L,V,V,L,E,V,V,V,L
15779,Uriel L S,L,L,L,L,L,L,L,L,L,L
15780,Uriel L S,L,L,L,E,E,L,L,L,E,L
15781,Uriel L S,L,L,E,V,E,L,V,E,E,V
15782,Uriel L S,L,E,E,V,E,E,L,L,E,V
15783,Uriel L S,L,V,E,E,L,L,E,E,V,V
15784,Uriel L S,L,L,L,V,V,E,L,V,V,V
15785,Uriel L S,L,V,L,L,L,V,E,V,L,L
15786,Uriel L S,L,L,L,E,L,L,V,V,L,L
15787,Uriel L S,L,L,E,E,V,V,E,E,L,L
15788,Uriel L S,L,V,V,L,E,E,L,E,E,E
15789,Uriel L S,L,V,V,E,E,L,L,E,V,V
15790,Uriel L S,L,E,V,E,L,E,V,E,L,E
15791,Uriel L S,L,L,E,E,E,E,L,L,V,E
15792,Uriel L S,L,V,E,L,V,V,V,E,L,E
15793,Uriel L S,L,E,E,L,L,V,E,E,L,L
15794,Uriel L S,L,V,L,L,L,L,L,E,L,L
15795,Uriel L S,L,V,V,L,E,E,L,L,V,E
15796,Uriel L S,L,E,E,E,L,E,V,E,E,L
15797,Uriel L S,L,E,E,L,V,V,E,E,E,V
15798,Uriel L S,L,L,L,V,E,L,L,L,E,V
15799,Uriel L S,L,E,L,L,V,V,E,E,L,E
15800,Uriel L S,L,V,E,L,L,L,E,V,E,E
15801,Uriel L S,L,L,E,E,E,E,E,V,E,V
15802,Uriel L S,L,V,E,L,E,E,V,E,L,L
15803,Uriel L S,L,V,V,E,L,L,E,E,L,L
15804,Uriel L S,L,E,L,L,V,E,E,E,L,E
15805,Uriel L S,L,E,L,V,L,E,V,L,E,E
15806,Uriel L S,L,V,L,L,E,V,L,L,E,L
15807,Uriel L S,L,E,E,V,L,E,V,E,L,E
15808,Uriel L S,L,E,E,E,L,E,E,V,V,L
15809,Uriel L S,L,E,V,E,L,L,E,V,E,V
15810,Uriel L S,L,L,E,E,E,V,V,L,L,E
15811,Uriel L S,L,E,V,V,V,L,L,E,E,V
15812,Uriel L S,L,L,E,E,V,L,E,V,E,L
15813,Uriel L S,L,L,L,L,V,L,E,L,V,L
15814,Uriel L S,L,E,L,E,E,V,L,L,L,E
15815,Uriel L S,L,E,E,E,L,E,E,V,E,L
15816,Uriel L S,L,E,E,V,E,V,E,L,L,L
15817,Uriel L S,L,E,V,L,V,E,V,E,V,L
15818,Uriel L S,L,E,E,E,V,L,V,E,V,L
15819,Uriel L S,L,V,V,V,V,L,E,E,V,V
15820,Uriel L S,L,E,L,E,L,V,V,L,V,E
15821,Uriel L S,L,E,V,L,E,L,L,E,L,L
15822,Uriel L S,L,L,L,E,L,V,L,L,V,L
15823,Uriel L S,L,E,E,V,E,L,L,V,V,V
15824,Uriel L S,L,E,E,V,L,E,E,V,E,L
15825,Uriel L S,L,E,E,V,L,E,L,L,E,E
15826,Uriel L S,L,E,V,L,E,L,E,E,E,V
15827,Uriel L S,L,L,L,V,L,E,V,E,L,E
15828,Uriel L S,L,E,L,V,E,E,L,E,E,E
15829,Uriel L S,E,E,E,E,E,E,E,E,E,E
15830,Uriel L S,E,L,L,L,L,E,L,V,L,L
15831,Uriel L S,E,V,E,L,E,E,V,L,E,E
15832,Uriel L S,E,E,L,E,V,E,L,E,V,V
15833,Uriel L S,E,E,L,E,E,V,L,E,L,E
15834,Uriel L S,E,E,V,E,L,E,V,E,E,L
15835,Uriel L S,E,L,V,E,L,L,V,V,L,L
15836,Uriel L S,E,L,L,L,L,L,E,L,L,L
15837,Uriel L S,E,L,E,L,V,L,V,L,L,V
15838,Uriel L S,E,V,E,V,V,L,L,E,E,V
15839,Uriel L S,E,E,L,E,V,L,L,L,V,E
15840,Uriel L S,E,E,V,L,L,V,E,E,E,L
15841,Uriel L S,E,L,E,V,V,V,E,L,E,L
15842,Uriel L S,E,L,L,L,E,E,L,L,L,E
15843,Uriel L S,E,L,L,E,L,V,L,V,L,L
15844,Uriel L S,E,L,L,L,L,L,L,L,E,L
15845,Uriel L S,E,V,V,L,E,E,L,E,E,E
15846,Uriel L S,E,V,L,E,E,L,L,E,L,E
15847,Uriel L S,E,E,L,L,V,L,L,L,L,V
15848,Uriel L S,E,V,V,V,L,L,L,E,E,E
15849,Uriel L S,E,E,V,L,L,E,E,V,V,L
15850,Uriel L S,E,V,E,L,E,V,E,L,E,E
15851,Uriel L S,E,E,L,E,E,V,L,E,E,L
15852,Uriel L S,E,E,E,E,E,L,E,V,E,V
15853,Uriel L S,E,V,E,L,E,V,L,L,E,E
15854,Uriel L S,E,E,L,E,V,V,L,L,L,V
15855,Uriel L S,E,L,E,E,L,V,L,E,L,E
15856,Uriel L S,E,V,L,L,V,E,E,V,V,L
15857,Uriel L S,E,V,V,L,L,E,V,E,L,E
15858,Uriel L S,E,V,L,V,L,L,E,V,V,V
15859,Uriel L S,E,E,E,E,E,V,L,V,E,L
15860,Uriel L S,E,L,E,V,L,L,L,V,L,E
15861,Uriel L S,E,E,E,L,E,V,E,L,E,E
15862,Uriel L S,E,L,L,E,L,L,V,L,L,L
15863,Uriel L S,E,V,E,L,E,V,L,V,E,L
15864,Uriel L S,E,E,V,L,L,V,V,E,E,E
15865,Uriel L S,E,V,V,L,L,E,E,V,L,L
15866,Uriel L S,E,V,V,L,L,V,L,L,L,L
15867,Uriel L S,E,V,E,L,E,V,L,L,L,V
15868,Uriel L S,E,V,V,L,V,V,E,V,V,L
15869,Uriel L S,E,V,L,L,E,E,L,V,L,E
15870,Uriel L S,E,L,L,L,L,L,L,L,L,L
15871,Uriel L S,E,L,L,V,L,L,L,E,L,E
15872,Uriel L S,E,V,V,L,V,E,V,E,V,V
15873,Uriel L S,E,V,L,E,E,L,V,E,E,E
15874,Uriel L S,E,L,E,L,V,E,L,E,V,E
15875,Uriel L S,E,V,E,L,E,V,E,L,E,V
15876,Uriel L S,E,V,V,E,E,L,L,E,E,V
15877,Uriel L S,E,E,L,L,V,V,E,E,L,L
15878,Uriel L S,E,L,E,L,V,L,V,L,L,V
15879,Uriel L S,V,V,V,V,V,V,V,V,V,V
15880,Uriel L S,V,L,L,L,E,L,L,L,L,L
15881,Uriel L S,V,L,E,L,L,E,L,L,L,E
15882,Uriel L S,V,L,E,L,V,L,L,L,L,L
15883,Uriel L S,V,L,E,L,L,L,L,L,L,L
15884,Uriel L S,V,E,E,L,E,V,E,L,E,V
15885,Uriel L S,V,V,E,V,L,L,L,E,L,E
15886,Uriel L S,V,E,E,L,E,E,V,E,E,L
15887,Uriel L S,V,E,E,E,E,L,E,V,E,E
15888,Uriel L S,V,E,E,E,E,E,E,E,L,E
15889,Uriel L S,V,L,E,V,L,E,E,L,V,V
15890,Uriel L S,V,V,L,V,V,L,V,V,V,L
15891,Uriel L S,V,V,L,V,E,V,E,V,L,L
15892,Uriel L S,V,E,L,L,E,E,V,V,V,V
15893,Uriel L S,V,E,E,L,E,V,L,E,E,E
15894,Uriel L S,V,E,L,L,E,L,V,V,V,L
15895,Uriel L S,V,E,E,E,L,E,E,L,E,L
15896,Uriel L S,V,V,L,E,E,V,L,E,L,L
15897,Uriel L S,V,V,V,V,E,V,L,V,E,V
15898,Uriel L S,V,V,E,V,L,V,L,V,L,E
15899,Uriel L S,V,V,V,V,V,E,V,V,V,E
15900,Uriel L S,V,V,E,L,V,E,L,L,L,E
15901,Uriel L S,V,V,L,E,V,E,L,V,E,E
15902,Uriel L S,V,E,L,E,V,E,L,L,E,E
15903,Uriel L S,V,L,V,E,E,L,L,V,V,L
15904,Uriel L S,V,V,E,E,L,L,E,L,L,E
15905,Uriel L S,V,E,E,E,L,V,V,E,L,E
15906,Uriel L S,V,E,L,E,V,E,L,E,V,L
15907,Uriel L S,V,E,V,L,L,E,V,E,L,E
15908,Uriel L S,V,V,E,L,L,E,E,V,V,L
15909,Uriel L S,V,V,E,L,L,E,V,E,L,E
15910,Uriel L S,V,V,L,E,V,V,E,E,L,E
15911,Uriel L S,V,V,L,E,E,E,L,V,V,L
15912,Uriel L S,V,V,L,E,E,V,E,E,L,E
15913,Uriel L S,V,E,L,E,V,E,V,E,E,L
15914,Uriel L S,V,L,V,L,V,E,E,L,E,L
15915,Uriel L S,V,E,L,L,L,V,V,E,E,E
15916,Uriel L S,V,E,E,L,L,E,E,V,E,L
15917,Uriel L S,V,V,E,V,E,L,L,L,L,E
15918,Uriel L S,V,E,E,V,V,V,L,V,V,E
15919,Uriel L S,V,E,L,E,L,V,L,L,L,L
15920,Uriel L S,V,L,E,E,E,L,L,V,E,V
15921,Uriel L S,V,E,E,E,L,L,E,L,L,E
15922,Uriel L S,V,E,E,L,E,E,V,V,E,V
15923,Uriel L S,V,L,E,L,L,L,L,V,L,E
15924,Uriel L S,V,E,E,L,L,E,V,E,L,E
15925,Uriel L S,V,V,L,E,L,E,L,E,V,L
15926,Uriel L S,V,V,E,V,L,V,L,V,E,E
15927,Uriel L S,V,L,E,L,L,L,E,L,L,L
15928,Uriel L S,V,E,E,L,V,E,E,L,V,E
15929,Uriel Pérez,E,L,E,V,V,E,E,L,L,L
15930,URIEL VILLEGAS ,L,E,V,E,L,L,E,L,E,L
15931,URIEL VILLEGAS ,L,E,V,E,L,L,E,L,V,L
15932,URIEL VILLEGAS ,L,E,V,L,L,L,E,L,E,L
15933,URIEL VILLEGAS ,L,E,V,L,L,L,E,L,V,L
15934,UVER,L,V,V,L,E,L,V,L,L,L
15935,UVER,L,E,V,E,L,L,E,E,V,L
15936,UVER,L,L,V,V,L,E,L,E,E,L
15937,UVER,L,V,E,L,V,L,V,E,L,L
15938,UVER,L,E,V,L,E,L,E,L,V,L
15939,Uyo,L,E,V,V,E,L,E,L,V,E
15940,Uyo,L,L,V,E,L,E,V,E,E,L
15941,Uyo,L,E,V,E,L,E,L,E,V,L
15942,Uzias Pérez,L,V,V,L,L,E,E,L,L,E
15943,Uzias Pérez,L,V,V,L,L,L,L,L,L,V
15944,Uzias Pérez,E,V,V,E,L,E,E,L,E,E
15945,V.h. Molina R. ,L,L,V,L,L,E,V,L,L,L
15946,V.h. Molina R. ,L,L,V,L,L,E,V,V,L,L
15947,V.h. Molina R. ,L,L,V,L,L,E,L,L,L,L
15948,V.h. Molina R. ,L,L,V,L,L,E,L,V,L,L
15949,V.h. Molina R. ,L,L,V,L,L,V,V,L,L,L
15950,V.h. Molina R. ,L,L,V,L,L,V,V,V,L,L
15951,V.h. Molina R. ,L,L,V,L,L,V,L,L,L,L
15952,V.h. Molina R. ,L,L,V,L,L,V,L,V,L,L
15953,V.h. Molina R. ,L,L,V,L,E,E,V,L,L,L
15954,V.h. Molina R. ,L,L,V,L,E,E,V,V,L,L
15955,V.h. Molina R. ,L,L,V,L,E,E,L,L,L,L
15956,V.h. Molina R. ,L,L,V,L,E,E,L,V,L,L
15957,V.h. Molina R. ,L,L,V,L,E,V,V,L,L,L
15958,V.h. Molina R. ,L,L,V,L,E,V,V,V,L,L
15959,V.h. Molina R. ,L,L,V,L,E,V,L,L,L,L
15960,V.h. Molina R. ,L,L,V,L,E,V,L,V,L,L
15961,V.h. Molina R. ,L,L,V,V,L,E,V,L,L,L
15962,V.h. Molina R. ,L,L,V,V,L,E,V,V,L,L
15963,V.h. Molina R. ,L,L,V,V,L,E,L,L,L,L
15964,V.h. Molina R. ,L,L,V,V,L,E,L,V,L,L
15965,V.h. Molina R. ,L,L,V,V,L,V,V,L,L,L
15966,V.h. Molina R. ,L,L,V,V,L,V,V,V,L,L
15967,V.h. Molina R. ,L,L,V,V,L,V,L,L,L,L
15968,V.h. Molina R. ,L,L,V,V,L,V,L,V,L,L
15969,V.h. Molina R. ,L,L,V,V,E,E,V,L,L,L
15970,V.h. Molina R. ,L,L,V,V,E,E,V,V,L,L
15971,V.h. Molina R. ,L,L,V,V,E,E,L,L,L,L
15972,V.h. Molina R. ,L,L,V,V,E,E,L,V,L,L
15973,V.h. Molina R. ,L,L,V,V,E,V,V,L,L,L
15974,V.h. Molina R. ,L,L,V,V,E,V,V,V,L,L
15975,V.h. Molina R. ,L,L,V,V,E,V,L,L,L,L
15976,V.h. Molina R. ,L,L,V,V,E,V,L,V,L,L
15977,Vale Colorado,L,L,V,V,L,E,V,L,L,V
15978,Vale Colorado,V,V,V,E,L,L,E,L,L,L
15979,Vale Colorado,E,V,V,L,L,V,L,L,E,E
15980,Vale Colorado,L,E,V,V,L,V,V,E,V,L
15981,Vale Colorado,L,V,V,V,L,V,E,L,L,L
15982,Valente Ortega,L,E,V,E,L,E,E,L,V,L
15983,Valente Ortega,L,V,E,L,L,E,V,L,E,V
15984,Valentina 1,L,V,V,L,L,L,E,L,L,L
15985,Valentina 10,L,L,L,L,L,L,L,L,V,L
15986,Valentina 2,L,E,V,L,L,L,L,L,L,V
15987,Valentina 3,L,L,V,L,L,V,V,L,L,L
15988,Valentina 4,L,V,E,L,L,E,E,L,E,L
15989,Valentina 5,L,V,V,L,L,L,V,L,V,L
15990,Valentina 6,L,E,L,L,L,V,V,V,V,L
15991,Valentina 7,L,V,V,L,L,L,E,L,E,L
15992,Valentina 8,L,L,L,V,L,V,V,L,L,L
15993,Valentina 9,L,V,V,L,L,L,V,L,L,L
15994,Vallartazo,L,E,V,E,L,V,E,L,E,L
15995,Vallartazo,L,L,V,L,V,E,E,L,V,E
15996,Vamos con todo ,L,L,V,L,L,E,E,L,V,L
15997,Vamos con todo ,L,L,V,L,L,E,E,L,E,L
15998,Vamos con todo ,L,L,V,L,L,E,L,L,V,L
15999,Vamos con todo ,L,L,V,L,L,E,L,L,E,L
16000,Vamos con todo ,L,L,V,L,L,L,E,L,V,L
16001,Vamos con todo ,L,L,V,L,L,L,E,L,E,L
16002,Vamos con todo ,L,L,V,L,L,L,L,L,V,L
16003,Vamos con todo ,L,L,V,L,L,L,L,L,E,L
16004,Vamos con todo ,L,E,V,L,L,E,E,L,V,L
16005,Vamos con todo ,L,E,V,L,L,E,E,L,E,L
16006,Vamos con todo ,L,E,V,L,L,E,L,L,V,L
16007,Vamos con todo ,L,E,V,L,L,E,L,L,E,L
16008,Vamos con todo ,L,E,V,L,L,L,E,L,V,L
16009,Vamos con todo ,L,E,V,L,L,L,E,L,E,L
16010,Vamos con todo ,L,E,V,L,L,L,L,L,V,L
16011,Vamos con todo ,L,E,V,L,L,L,L,L,E,L
16012,Vamos con todo ,L,V,V,L,L,E,E,L,V,L
16013,Vamos con todo ,L,V,V,L,L,E,E,L,E,L
16014,Vamos con todo ,L,V,V,L,L,E,L,L,V,L
16015,Vamos con todo ,L,V,V,L,L,E,L,L,E,L
16016,Vamos con todo ,L,V,V,L,L,L,E,L,V,L
16017,Vamos con todo ,L,V,V,L,L,L,E,L,E,L
16018,Vamos con todo ,L,V,V,L,L,L,L,L,V,L
16019,Vamos con todo ,L,V,V,L,L,L,L,L,E,L
16020,Vane Tovar,L,V,V,L,L,V,V,E,V,V
16021,Vaquerita2107,L,V,V,L,V,L,E,L,E,L
16022,Vaquerita2107,L,E,V,L,L,E,E,E,E,V
16023,Vaquerita2107,V,L,L,E,E,E,E,E,E,L
16024,Vaquerita2107,L,E,V,L,E,L,E,L,E,V
16025,Vaquerita2107,L,V,V,V,L,L,E,L,L,E
16026,Vaquita Don Beto,L,L,V,L,E,L,V,E,L,L
16027,Vaquita Don Beto,V,E,V,V,V,L,L,L,L,E
16028,Vaquita Don Beto,L,L,V,E,L,E,L,E,L,E
16029,Vaquita Don Beto,L,V,V,E,V,L,E,V,L,V
16030,Vaquita Don Beto ,V,V,V,V,L,V,L,L,L,L
16031,Vaquita Don Beto ,V,V,V,V,L,V,L,L,V,L
16032,Vaquita Don Beto ,V,V,V,V,L,L,L,L,L,L
16033,Vaquita Don Beto ,V,V,V,V,L,L,L,L,V,L
16034,Vaquita Don Beto ,E,V,V,V,L,V,L,L,L,L
16035,Vaquita Don Beto ,E,V,V,V,L,V,L,L,V,L
16036,Vaquita Don Beto ,E,V,V,V,L,L,L,L,L,L
16037,Vaquita Don Beto ,E,V,V,V,L,L,L,L,V,L
16038,VARGAS 95,L,V,E,E,V,E,V,L,L,L
16039,VARGAS 95,L,V,E,E,V,E,V,L,V,L
16040,VARGAS 95,L,V,E,E,V,L,V,L,L,L
16041,VARGAS 95,L,V,E,E,V,L,V,E,L,L
16042,VARGAS 95,L,V,E,E,V,L,V,E,V,L
16043,VARGAS 95,L,V,E,E,V,L,V,L,E,L
16044,VARGAS 95,L,V,E,E,V,L,V,L,V,L
16045,VARGAS 95,L,V,E,V,V,E,V,L,L,L
16046,VARGAS 95,L,V,E,V,V,E,V,E,L,L
16047,VARGAS 95,L,V,E,V,V,E,V,E,V,L
16048,VARGAS 95,L,V,E,V,V,E,V,L,E,L
16049,VARGAS 95,L,V,E,V,V,E,V,L,V,L
16050,VARGAS 95,L,V,E,V,V,L,V,L,L,L
16051,VARGAS 95,L,V,E,V,V,L,V,E,L,L
16052,VARGAS 95,L,V,E,V,V,L,V,E,E,L
16053,VARGAS 95,L,V,E,V,V,L,V,E,V,L
16054,VARGAS 95,L,V,E,V,V,L,V,L,E,L
16055,VARGAS 95,L,V,E,V,V,L,V,L,V,L
16056,VARGAS 95,L,V,E,L,V,E,V,L,L,L
16057,VARGAS 95,L,V,E,L,V,E,V,E,L,L
16058,VARGAS 95,L,V,E,L,V,E,V,E,V,L
16059,VARGAS 95,L,V,E,L,V,E,V,L,E,L
16060,VARGAS 95,L,V,E,L,V,E,V,L,V,L
16061,VARGAS 95,L,V,E,L,V,L,V,L,L,L
16062,VARGAS 95,L,V,E,L,V,L,V,E,L,L
16063,VARGAS 95,L,V,E,L,V,L,V,E,E,L
16064,VARGAS 95,L,V,E,L,V,L,V,E,V,L
16065,VARGAS 95,L,V,E,L,V,L,V,L,E,L
16066,VARGAS 95,L,V,E,L,V,L,V,L,V,L
16067,VARGAS 95,L,V,V,E,V,E,V,L,L,L
16068,VARGAS 95,L,V,V,E,V,E,V,E,L,L
16069,VARGAS 95,L,V,V,E,V,E,V,E,V,L
16070,VARGAS 95,L,V,V,E,V,E,V,L,E,L
16071,VARGAS 95,L,V,V,E,V,E,V,L,V,L
16072,VARGAS 95,L,V,V,E,V,L,V,L,L,L
16073,VARGAS 95,L,V,V,E,V,L,V,E,L,L
16074,VARGAS 95,L,V,V,E,V,L,V,E,E,L
16075,VARGAS 95,L,V,V,E,V,L,V,E,V,L
16076,VARGAS 95,L,V,V,E,V,L,V,L,E,L
16077,VARGAS 95,L,V,V,E,V,L,V,L,V,L
16078,VARGAS 95,L,V,V,V,V,E,V,L,L,L
16079,VARGAS 95,L,V,V,V,V,E,V,E,L,L
16080,VARGAS 95,L,V,V,V,V,E,V,E,E,L
16081,VARGAS 95,L,V,V,V,V,E,V,E,V,L
16082,VARGAS 95,L,V,V,V,V,E,V,L,E,L
16083,VARGAS 95,L,V,V,V,V,E,V,L,V,L
16084,VARGAS 95,L,V,V,V,V,L,V,L,L,L
16085,VARGAS 95,L,V,V,V,V,L,V,E,L,L
16086,VARGAS 95,L,V,V,V,V,L,V,E,E,L
16087,VARGAS 95,L,V,V,V,V,L,V,E,V,L
16088,VARGAS 95,L,V,V,V,V,L,V,L,E,L
16089,VARGAS 95,L,V,V,V,V,L,V,L,V,L
16090,VARGAS 95,L,V,V,L,V,E,V,L,L,L
16091,VARGAS 95,L,V,V,L,V,E,V,E,L,L
16092,VARGAS 95,L,V,V,L,V,E,V,E,E,L
16093,VARGAS 95,L,V,V,L,V,E,V,E,V,L
16094,VARGAS 95,L,V,V,L,V,E,V,L,E,L
16095,VARGAS 95,L,V,V,L,V,E,V,L,V,L
16096,VARGAS 95,L,V,V,L,V,L,V,L,L,L
16097,VARGAS 95,L,V,V,L,V,L,V,E,L,L
16098,VARGAS 95,L,V,V,L,V,L,V,E,E,L
16099,VARGAS 95,L,V,V,L,V,L,V,E,V,L
16100,VARGAS 95,L,V,V,L,V,L,V,L,E,L
16101,VARGAS 95,L,V,V,L,V,L,V,L,V,L
16102,Vegeta,L,E,L,L,L,L,L,L,V,E
16103,Vegeta ,L,V,V,L,L,L,L,L,V,E
16104,Vegeta ,L,V,V,L,L,L,L,L,L,E
16105,Vegeta ,L,L,V,L,L,L,L,L,V,E
16106,Vegeta ,L,L,V,L,L,L,L,L,L,E
16107,Venado gc,E,V,E,L,V,L,V,L,V,L
16108,Venado gc,L,E,V,L,L,L,L,L,L,L
16109,Venado gc,L,E,V,E,L,L,E,L,L,L
16110,VENENO,L,E,E,V,L,L,E,L,L,L
16111,VENENO,L,E,E,V,L,L,E,L,V,L
16112,VENENO,L,E,E,L,L,L,E,L,L,L
16113,VENENO,L,E,E,L,L,L,E,L,V,L
16114,VENENO,L,E,V,E,L,L,E,L,L,L
16115,VENENO,L,E,V,E,L,L,E,L,V,L
16116,VENENO,L,E,V,V,L,E,E,L,L,L
16117,VENENO,L,E,V,V,L,E,E,L,V,L
16118,VENENO,L,E,V,V,L,L,E,L,L,L
16119,VENENO,L,E,V,V,L,L,E,E,L,L
16120,VENENO,L,E,V,V,L,L,E,E,V,L
16121,VENENO,L,E,V,V,L,L,E,L,E,L
16122,VENENO,L,E,V,V,L,L,E,L,V,L
16123,VENENO,L,E,V,L,L,E,E,L,L,L
16124,VENENO,L,E,V,L,L,E,E,L,V,L
16125,VENENO,L,E,V,L,L,L,E,L,L,L
16126,VENENO,L,E,V,L,L,L,E,E,L,L
16127,VENENO,L,E,V,L,L,L,E,E,V,L
16128,VENENO,L,E,V,L,L,L,E,L,E,L
16129,VENENO,L,E,V,L,L,L,E,L,V,L
16130,VENENO,L,E,L,E,L,L,E,L,L,L
16131,VENENO,L,E,L,E,L,L,E,L,V,L
16132,VENENO,L,E,L,V,L,L,E,L,L,L
16133,VENENO,L,E,L,V,L,L,E,E,L,L
16134,VENENO,L,E,L,V,L,L,E,E,V,L
16135,VENENO,L,E,L,V,L,L,E,L,E,L
16136,VENENO,L,E,L,V,L,L,E,L,V,L
16137,VENENO,L,E,L,L,L,L,E,L,L,L
16138,VENENO,L,E,L,L,L,L,E,E,L,L
16139,VENENO,L,E,L,L,L,L,E,E,V,L
16140,VENENO,L,E,L,L,L,L,E,L,E,L
16141,VENENO,L,E,L,L,L,L,E,L,V,L
16142,VENENO,L,E,L,L,L,L,L,L,L,L
16143,VENENO,L,E,E,L,L,L,L,L,L,L
16144,VENENO,L,E,E,E,L,L,L,L,L,L
16145,VENENO,L,E,E,E,L,L,L,L,V,L
16146,VENENO,L,E,E,V,L,L,L,L,L,L
16147,VENENO,L,E,E,V,L,E,L,L,L,L
16148,VENENO,L,E,E,V,L,E,L,L,V,L
16149,VENENO,L,E,E,V,L,L,L,E,L,L
16150,VENENO,L,E,E,V,L,L,L,E,V,L
16151,VENENO,L,E,E,V,L,L,L,L,E,L
16152,VENENO,L,E,E,V,L,L,L,L,V,L
16153,VENENO,L,E,E,L,L,E,L,L,L,L
16154,VENENO,L,E,E,L,L,E,L,L,V,L
16155,VENENO,L,E,E,L,L,L,L,E,L,L
16156,VENENO,L,E,E,L,L,L,L,E,V,L
16157,VENENO,L,E,E,L,L,L,L,L,E,L
16158,VENENO,L,E,E,L,L,L,L,L,V,L
16159,VENENO,L,E,V,L,L,L,L,L,L,L
16160,VENENO,L,E,V,E,L,L,L,L,L,L
16161,VENENO,L,E,V,E,L,E,L,L,L,L
16162,VENENO,L,E,V,E,L,E,L,L,V,L
16163,VENENO,L,E,V,E,L,L,L,E,L,L
16164,VENENO,L,E,V,E,L,L,L,E,V,L
16165,VENENO,L,E,V,E,L,L,L,L,E,L
16166,VENENO,L,E,V,E,L,L,L,L,V,L
16167,VENENO,L,E,V,V,L,L,L,L,L,L
16168,VENENO,L,E,V,V,L,E,L,L,L,L
16169,VENENO,L,E,V,V,L,E,L,E,L,L
16170,VENENO,L,E,V,V,L,E,L,E,V,L
16171,VENENO,L,E,V,V,L,E,L,L,E,L
16172,VENENO,L,E,V,V,L,E,L,L,V,L
16173,VENENO,L,E,V,V,L,L,L,E,L,L
16174,VENENO,L,E,V,V,L,L,L,E,E,L
16175,VENENO,L,E,V,V,L,L,L,E,V,L
16176,VENENO,L,E,V,V,L,L,L,L,E,L
16177,VENENO,L,E,V,V,L,L,L,L,V,L
16178,VENENO,L,E,V,L,L,E,L,L,L,L
16179,VENENO,L,E,V,L,L,E,L,E,L,L
16180,VENENO,L,E,V,L,L,E,L,E,V,L
16181,VENENO,L,E,V,L,L,E,L,L,E,L
16182,VENENO,L,E,V,L,L,E,L,L,V,L
16183,VENENO,L,E,V,L,L,L,L,E,L,L
16184,VENENO,L,E,V,L,L,L,L,E,E,L
16185,VENENO,L,E,V,L,L,L,L,E,V,L
16186,VENENO,L,E,V,L,L,L,L,L,E,L
16187,VENENO,L,E,V,L,L,L,L,L,V,L
16188,VENENO,L,E,L,E,L,L,L,L,L,L
16189,VENENO,L,E,L,E,L,L,L,E,L,L
16190,VENENO,L,E,L,E,L,L,L,E,V,L
16191,VENENO,L,E,L,E,L,L,L,L,E,L
16192,VENENO,L,E,L,E,L,L,L,L,V,L
16193,VENENO,L,E,L,V,L,L,L,L,L,L
16194,VENENO,L,E,L,V,L,L,L,E,L,L
16195,VENENO,L,E,L,V,L,L,L,E,E,L
16196,VENENO,L,E,L,V,L,L,L,E,V,L
16197,VENENO,L,E,L,V,L,L,L,L,E,L
16198,VENENO,L,E,L,V,L,L,L,L,V,L
16199,VENENO,L,E,L,L,L,L,L,E,L,L
16200,VENENO,L,E,L,L,L,L,L,E,E,L
16201,VENENO,L,E,L,L,L,L,L,E,V,L
16202,VENENO,L,E,L,L,L,L,L,L,E,L
16203,VENENO,L,E,L,L,L,L,L,L,V,L
16204,VENOM 😈 ,L,L,V,L,L,L,L,L,L,L
16205,VENOM 😈 ,L,L,V,L,L,L,L,L,E,L
16206,VENOM 😈 ,L,L,V,L,L,L,L,L,V,L
16207,VENOM 😈 ,L,L,V,L,L,L,E,L,L,L
16208,VENOM 😈 ,L,L,V,L,L,L,E,L,E,L
16209,VENOM 😈 ,L,L,V,L,L,L,E,L,V,L
16210,VENOM 😈 ,L,L,V,L,L,L,V,L,L,L
16211,VENOM 😈 ,L,L,V,L,L,L,V,L,E,L
16212,VENOM 😈 ,L,L,V,L,L,L,V,L,V,L
16213,VENOM 😈 ,L,L,V,L,L,E,L,L,L,L
16214,VENOM 😈 ,L,L,V,L,L,E,L,L,E,L
16215,VENOM 😈 ,L,L,V,L,L,E,L,L,V,L
16216,VENOM 😈 ,L,L,V,L,L,E,E,L,L,L
16217,VENOM 😈 ,L,L,V,L,L,E,E,L,E,L
16218,VENOM 😈 ,L,L,V,L,L,E,E,L,V,L
16219,VENOM 😈 ,L,L,V,L,L,E,V,L,L,L
16220,VENOM 😈 ,L,L,V,L,L,E,V,L,E,L
16221,VENOM 😈 ,L,L,V,L,L,E,V,L,V,L
16222,VENOM 😈 ,L,L,V,L,E,L,L,L,L,L
16223,VENOM 😈 ,L,L,V,L,E,L,L,L,E,L
16224,VENOM 😈 ,L,L,V,L,E,L,L,L,V,L
16225,VENOM 😈 ,L,L,V,L,E,L,E,L,L,L
16226,VENOM 😈 ,L,L,V,L,E,L,E,L,E,L
16227,VENOM 😈 ,L,L,V,L,E,L,E,L,V,L
16228,VENOM 😈 ,L,L,V,L,E,L,V,L,L,L
16229,VENOM 😈 ,L,L,V,L,E,L,V,L,E,L
16230,VENOM 😈 ,L,L,V,L,E,L,V,L,V,L
16231,VENOM 😈 ,L,L,V,L,E,E,L,L,L,L
16232,VENOM 😈 ,L,L,V,L,E,E,L,L,E,L
16233,VENOM 😈 ,L,L,V,L,E,E,L,L,V,L
16234,VENOM 😈 ,L,L,V,L,E,E,E,L,L,L
16235,VENOM 😈 ,L,L,V,L,E,E,E,L,E,L
16236,VENOM 😈 ,L,L,V,L,E,E,E,L,V,L
16237,VENOM 😈 ,L,L,V,L,E,E,V,L,L,L
16238,VENOM 😈 ,L,L,V,L,E,E,V,L,E,L
16239,VENOM 😈 ,L,L,V,L,E,E,V,L,V,L
16240,VENOM 😈 ,L,L,V,L,V,L,L,L,L,L
16241,VENOM 😈 ,L,L,V,L,V,L,L,L,E,L
16242,VENOM 😈 ,L,L,V,L,V,L,L,L,V,L
16243,VENOM 😈 ,L,L,V,L,V,L,E,L,L,L
16244,VENOM 😈 ,L,L,V,L,V,L,E,L,E,L
16245,VENOM 😈 ,L,L,V,L,V,L,E,L,V,L
16246,VENOM 😈 ,L,L,V,L,V,L,V,L,L,L
16247,VENOM 😈 ,L,L,V,L,V,L,V,L,E,L
16248,VENOM 😈 ,L,L,V,L,V,L,V,L,V,L
16249,VENOM 😈 ,L,L,V,L,V,E,L,L,L,L
16250,VENOM 😈 ,L,L,V,L,V,E,L,L,E,L
16251,VENOM 😈 ,L,L,V,L,V,E,L,L,V,L
16252,VENOM 😈 ,L,L,V,L,V,E,E,L,L,L
16253,VENOM 😈 ,L,L,V,L,V,E,E,L,E,L
16254,VENOM 😈 ,L,L,V,L,V,E,E,L,V,L
16255,VENOM 😈 ,L,L,V,L,V,E,V,L,L,L
16256,VENOM 😈 ,L,L,V,L,V,E,V,L,E,L
16257,VENOM 😈 ,L,L,V,L,V,E,V,L,V,L
16258,VENOM 😈 ,L,L,V,E,L,L,L,L,L,L
16259,VENOM 😈 ,L,L,V,E,L,L,L,L,E,L
16260,VENOM 😈 ,L,L,V,E,L,L,L,L,V,L
16261,VENOM 😈 ,L,L,V,E,L,L,E,L,L,L
16262,VENOM 😈 ,L,L,V,E,L,L,E,L,E,L
16263,VENOM 😈 ,L,L,V,E,L,L,E,L,V,L
16264,VENOM 😈 ,L,L,V,E,L,L,V,L,L,L
16265,VENOM 😈 ,L,L,V,E,L,L,V,L,E,L
16266,VENOM 😈 ,L,L,V,E,L,L,V,L,V,L
16267,VENOM 😈 ,L,L,V,E,L,E,L,L,L,L
16268,VENOM 😈 ,L,L,V,E,L,E,L,L,E,L
16269,VENOM 😈 ,L,L,V,E,L,E,L,L,V,L
16270,VENOM 😈 ,L,L,V,E,L,E,E,L,L,L
16271,VENOM 😈 ,L,L,V,E,L,E,E,L,E,L
16272,VENOM 😈 ,L,L,V,E,L,E,E,L,V,L
16273,VENOM 😈 ,L,L,V,E,L,E,V,L,L,L
16274,VENOM 😈 ,L,L,V,E,L,E,V,L,E,L
16275,VENOM 😈 ,L,L,V,E,L,E,V,L,V,L
16276,VENOM 😈 ,L,L,V,E,E,L,L,L,L,L
16277,VENOM 😈 ,L,L,V,E,E,L,L,L,E,L
16278,VENOM 😈 ,L,L,V,E,E,L,L,L,V,L
16279,VENOM 😈 ,L,L,V,E,E,L,E,L,L,L
16280,VENOM 😈 ,L,L,V,E,E,L,E,L,E,L
16281,VENOM 😈 ,L,L,V,E,E,L,E,L,V,L
16282,VENOM 😈 ,L,L,V,E,E,L,V,L,L,L
16283,VENOM 😈 ,L,L,V,E,E,L,V,L,E,L
16284,VENOM 😈 ,L,L,V,E,E,L,V,L,V,L
16285,VENOM 😈 ,L,L,V,E,E,E,L,L,L,L
16286,VENOM 😈 ,L,L,V,E,E,E,L,L,E,L
16287,VENOM 😈 ,L,L,V,E,E,E,L,L,V,L
16288,VENOM 😈 ,L,L,V,E,E,E,E,L,L,L
16289,VENOM 😈 ,L,L,V,E,E,E,E,L,E,L
16290,VENOM 😈 ,L,L,V,E,E,E,E,L,V,L
16291,VENOM 😈 ,L,L,V,E,E,E,V,L,L,L
16292,VENOM 😈 ,L,L,V,E,E,E,V,L,E,L
16293,VENOM 😈 ,L,L,V,E,E,E,V,L,V,L
16294,VENOM 😈 ,L,L,V,E,V,L,L,L,L,L
16295,VENOM 😈 ,L,L,V,E,V,L,L,L,E,L
16296,VENOM 😈 ,L,L,V,E,V,L,L,L,V,L
16297,VENOM 😈 ,L,L,V,E,V,L,E,L,L,L
16298,VENOM 😈 ,L,L,V,E,V,L,E,L,E,L
16299,VENOM 😈 ,L,L,V,E,V,L,E,L,V,L
16300,VENOM 😈 ,L,L,V,E,V,L,V,L,L,L
16301,VENOM 😈 ,L,L,V,E,V,L,V,L,E,L
16302,VENOM 😈 ,L,L,V,E,V,L,V,L,V,L
16303,VENOM 😈 ,L,L,V,E,V,E,L,L,L,L
16304,VENOM 😈 ,L,L,V,E,V,E,L,L,E,L
16305,VENOM 😈 ,L,L,V,E,V,E,L,L,V,L
16306,VENOM 😈 ,L,L,V,E,V,E,E,L,L,L
16307,VENOM 😈 ,L,L,V,E,V,E,E,L,E,L
16308,VENOM 😈 ,L,L,V,E,V,E,E,L,V,L
16309,VENOM 😈 ,L,L,V,E,V,E,V,L,L,L
16310,VENOM 😈 ,L,L,V,E,V,E,V,L,E,L
16311,VENOM 😈 ,L,L,V,E,V,E,V,L,V,L
16312,VENOM 😈 ,L,V,V,L,L,L,L,L,L,L
16313,VENOM 😈 ,L,V,V,L,L,L,L,L,E,L
16314,VENOM 😈 ,L,V,V,L,L,L,L,L,V,L
16315,VENOM 😈 ,L,V,V,L,L,L,E,L,L,L
16316,VENOM 😈 ,L,V,V,L,L,L,E,L,E,L
16317,VENOM 😈 ,L,V,V,L,L,L,E,L,V,L
16318,VENOM 😈 ,L,V,V,L,L,L,V,L,L,L
16319,VENOM 😈 ,L,V,V,L,L,L,V,L,E,L
16320,VENOM 😈 ,L,V,V,L,L,L,V,L,V,L
16321,VENOM 😈 ,L,V,V,L,L,E,L,L,L,L
16322,VENOM 😈 ,L,V,V,L,L,E,L,L,E,L
16323,VENOM 😈 ,L,V,V,L,L,E,L,L,V,L
16324,VENOM 😈 ,L,V,V,L,L,E,E,L,L,L
16325,VENOM 😈 ,L,V,V,L,L,E,E,L,E,L
16326,VENOM 😈 ,L,V,V,L,L,E,E,L,V,L
16327,VENOM 😈 ,L,V,V,L,L,E,V,L,L,L
16328,VENOM 😈 ,L,V,V,L,L,E,V,L,E,L
16329,VENOM 😈 ,L,V,V,L,L,E,V,L,V,L
16330,VENOM 😈 ,L,V,V,L,E,L,L,L,L,L
16331,VENOM 😈 ,L,V,V,L,E,L,L,L,E,L
16332,VENOM 😈 ,L,V,V,L,E,L,L,L,V,L
16333,VENOM 😈 ,L,V,V,L,E,L,E,L,L,L
16334,VENOM 😈 ,L,V,V,L,E,L,E,L,E,L
16335,VENOM 😈 ,L,V,V,L,E,L,E,L,V,L
16336,VENOM 😈 ,L,V,V,L,E,L,V,L,L,L
16337,VENOM 😈 ,L,V,V,L,E,L,V,L,E,L
16338,VENOM 😈 ,L,V,V,L,E,L,V,L,V,L
16339,VENOM 😈 ,L,V,V,L,E,E,L,L,L,L
16340,VENOM 😈 ,L,V,V,L,E,E,L,L,E,L
16341,VENOM 😈 ,L,V,V,L,E,E,L,L,V,L
16342,VENOM 😈 ,L,V,V,L,E,E,E,L,L,L
16343,VENOM 😈 ,L,V,V,L,E,E,E,L,E,L
16344,VENOM 😈 ,L,V,V,L,E,E,E,L,V,L
16345,VENOM 😈 ,L,V,V,L,E,E,V,L,L,L
16346,VENOM 😈 ,L,V,V,L,E,E,V,L,E,L
16347,VENOM 😈 ,L,V,V,L,E,E,V,L,V,L
16348,VENOM 😈 ,L,V,V,L,V,L,L,L,L,L
16349,VENOM 😈 ,L,V,V,L,V,L,L,L,E,L
16350,VENOM 😈 ,L,V,V,L,V,L,L,L,V,L
16351,VENOM 😈 ,L,V,V,L,V,L,E,L,L,L
16352,VENOM 😈 ,L,V,V,L,V,L,E,L,E,L
16353,VENOM 😈 ,L,V,V,L,V,L,E,L,V,L
16354,VENOM 😈 ,L,V,V,L,V,L,V,L,L,L
16355,VENOM 😈 ,L,V,V,L,V,L,V,L,E,L
16356,VENOM 😈 ,L,V,V,L,V,L,V,L,V,L
16357,VENOM 😈 ,L,V,V,L,V,E,L,L,L,L
16358,VENOM 😈 ,L,V,V,L,V,E,L,L,E,L
16359,VENOM 😈 ,L,V,V,L,V,E,L,L,V,L
16360,VENOM 😈 ,L,V,V,L,V,E,E,L,L,L
16361,VENOM 😈 ,L,V,V,L,V,E,E,L,E,L
16362,VENOM 😈 ,L,V,V,L,V,E,E,L,V,L
16363,VENOM 😈 ,L,V,V,L,V,E,V,L,L,L
16364,VENOM 😈 ,L,V,V,L,V,E,V,L,E,L
16365,VENOM 😈 ,L,V,V,L,V,E,V,L,V,L
16366,VENOM 😈 ,L,V,V,E,L,L,L,L,L,L
16367,VENOM 😈 ,L,V,V,E,L,L,L,L,E,L
16368,VENOM 😈 ,L,V,V,E,L,L,L,L,V,L
16369,VENOM 😈 ,L,V,V,E,L,L,E,L,L,L
16370,VENOM 😈 ,L,V,V,E,L,L,E,L,E,L
16371,VENOM 😈 ,L,V,V,E,L,L,E,L,V,L
16372,VENOM 😈 ,L,V,V,E,L,L,V,L,L,L
16373,VENOM 😈 ,L,V,V,E,L,L,V,L,E,L
16374,VENOM 😈 ,L,V,V,E,L,L,V,L,V,L
16375,VENOM 😈 ,L,V,V,E,L,E,L,L,L,L
16376,VENOM 😈 ,L,V,V,E,L,E,L,L,E,L
16377,VENOM 😈 ,L,V,V,E,L,E,L,L,V,L
16378,VENOM 😈 ,L,V,V,E,L,E,E,L,L,L
16379,VENOM 😈 ,L,V,V,E,L,E,E,L,E,L
16380,VENOM 😈 ,L,V,V,E,L,E,E,L,V,L
16381,VENOM 😈 ,L,V,V,E,L,E,V,L,L,L
16382,VENOM 😈 ,L,V,V,E,L,E,V,L,E,L
16383,VENOM 😈 ,L,V,V,E,L,E,V,L,V,L
16384,VENOM 😈 ,L,V,V,E,E,L,L,L,L,L
16385,VENOM 😈 ,L,V,V,E,E,L,L,L,E,L
16386,VENOM 😈 ,L,V,V,E,E,L,L,L,V,L
16387,VENOM 😈 ,L,V,V,E,E,L,E,L,L,L
16388,VENOM 😈 ,L,V,V,E,E,L,E,L,E,L
16389,VENOM 😈 ,L,V,V,E,E,L,E,L,V,L
16390,VENOM 😈 ,L,V,V,E,E,L,V,L,L,L
16391,VENOM 😈 ,L,V,V,E,E,L,V,L,E,L
16392,VENOM 😈 ,L,V,V,E,E,L,V,L,V,L
16393,VENOM 😈 ,L,V,V,E,E,E,L,L,L,L
16394,VENOM 😈 ,L,V,V,E,E,E,L,L,E,L
16395,VENOM 😈 ,L,V,V,E,E,E,L,L,V,L
16396,VENOM 😈 ,L,V,V,E,E,E,E,L,L,L
16397,VENOM 😈 ,L,V,V,E,E,E,E,L,E,L
16398,VENOM 😈 ,L,V,V,E,E,E,E,L,V,L
16399,VENOM 😈 ,L,V,V,E,E,E,V,L,L,L
16400,VENOM 😈 ,L,V,V,E,E,E,V,L,E,L
16401,VENOM 😈 ,L,V,V,E,E,E,V,L,V,L
16402,VENOM 😈 ,L,V,V,E,V,L,L,L,L,L
16403,VENOM 😈 ,L,V,V,E,V,L,L,L,E,L
16404,VENOM 😈 ,L,V,V,E,V,L,L,L,V,L
16405,VENOM 😈 ,L,V,V,E,V,L,E,L,L,L
16406,VENOM 😈 ,L,V,V,E,V,L,E,L,E,L
16407,VENOM 😈 ,L,V,V,E,V,L,E,L,V,L
16408,VENOM 😈 ,L,V,V,E,V,L,V,L,L,L
16409,VENOM 😈 ,L,V,V,E,V,L,V,L,E,L
16410,VENOM 😈 ,L,V,V,E,V,L,V,L,V,L
16411,VENOM 😈 ,L,V,V,E,V,E,L,L,L,L
16412,VENOM 😈 ,L,V,V,E,V,E,L,L,E,L
16413,VENOM 😈 ,L,V,V,E,V,E,L,L,V,L
16414,VENOM 😈 ,L,V,V,E,V,E,E,L,L,L
16415,VENOM 😈 ,L,V,V,E,V,E,E,L,E,L
16416,VENOM 😈 ,L,V,V,E,V,E,E,L,V,L
16417,VENOM 😈 ,L,V,V,E,V,E,V,L,L,L
16418,VENOM 😈 ,L,V,V,E,V,E,V,L,E,L
16419,VENOM 😈 ,L,V,V,E,V,E,V,L,V,L
16420,VENOM 😈 ,E,L,V,L,L,L,L,L,L,L
16421,VENOM 😈 ,E,L,V,L,L,L,L,L,E,L
16422,VENOM 😈 ,E,L,V,L,L,L,L,L,V,L
16423,VENOM 😈 ,E,L,V,L,L,L,E,L,L,L
16424,VENOM 😈 ,E,L,V,L,L,L,E,L,E,L
16425,VENOM 😈 ,E,L,V,L,L,L,E,L,V,L
16426,VENOM 😈 ,E,L,V,L,L,L,V,L,L,L
16427,VENOM 😈 ,E,L,V,L,L,L,V,L,E,L
16428,VENOM 😈 ,E,L,V,L,L,L,V,L,V,L
16429,VENOM 😈 ,E,L,V,L,L,E,L,L,L,L
16430,VENOM 😈 ,E,L,V,L,L,E,L,L,E,L
16431,VENOM 😈 ,E,L,V,L,L,E,L,L,V,L
16432,VENOM 😈 ,E,L,V,L,L,E,E,L,L,L
16433,VENOM 😈 ,E,L,V,L,L,E,E,L,E,L
16434,VENOM 😈 ,E,L,V,L,L,E,E,L,V,L
16435,VENOM 😈 ,E,L,V,L,L,E,V,L,L,L
16436,VENOM 😈 ,E,L,V,L,L,E,V,L,E,L
16437,VENOM 😈 ,E,L,V,L,L,E,V,L,V,L
16438,VENOM 😈 ,E,L,V,L,E,L,L,L,L,L
16439,VENOM 😈 ,E,L,V,L,E,L,L,L,E,L
16440,VENOM 😈 ,E,L,V,L,E,L,L,L,V,L
16441,VENOM 😈 ,E,L,V,L,E,L,E,L,L,L
16442,VENOM 😈 ,E,L,V,L,E,L,E,L,E,L
16443,VENOM 😈 ,E,L,V,L,E,L,E,L,V,L
16444,VENOM 😈 ,E,L,V,L,E,L,V,L,L,L
16445,VENOM 😈 ,E,L,V,L,E,L,V,L,E,L
16446,VENOM 😈 ,E,L,V,L,E,L,V,L,V,L
16447,VENOM 😈 ,E,L,V,L,E,E,L,L,L,L
16448,VENOM 😈 ,E,L,V,L,E,E,L,L,E,L
16449,VENOM 😈 ,E,L,V,L,E,E,L,L,V,L
16450,VENOM 😈 ,E,L,V,L,E,E,E,L,L,L
16451,VENOM 😈 ,E,L,V,L,E,E,E,L,E,L
16452,VENOM 😈 ,E,L,V,L,E,E,E,L,V,L
16453,VENOM 😈 ,E,L,V,L,E,E,V,L,L,L
16454,VENOM 😈 ,E,L,V,L,E,E,V,L,E,L
16455,VENOM 😈 ,E,L,V,L,E,E,V,L,V,L
16456,VENOM 😈 ,E,L,V,L,V,L,L,L,L,L
16457,VENOM 😈 ,E,L,V,L,V,L,L,L,E,L
16458,VENOM 😈 ,E,L,V,L,V,L,L,L,V,L
16459,VENOM 😈 ,E,L,V,L,V,L,E,L,L,L
16460,VENOM 😈 ,E,L,V,L,V,L,E,L,E,L
16461,VENOM 😈 ,E,L,V,L,V,L,E,L,V,L
16462,VENOM 😈 ,E,L,V,L,V,L,V,L,L,L
16463,VENOM 😈 ,E,L,V,L,V,L,V,L,E,L
16464,VENOM 😈 ,E,L,V,L,V,L,V,L,V,L
16465,VENOM 😈 ,E,L,V,L,V,E,L,L,L,L
16466,VENOM 😈 ,E,L,V,L,V,E,L,L,E,L
16467,VENOM 😈 ,E,L,V,L,V,E,L,L,V,L
16468,VENOM 😈 ,E,L,V,L,V,E,E,L,L,L
16469,VENOM 😈 ,E,L,V,L,V,E,E,L,E,L
16470,VENOM 😈 ,E,L,V,L,V,E,E,L,V,L
16471,VENOM 😈 ,E,L,V,L,V,E,V,L,L,L
16472,VENOM 😈 ,E,L,V,L,V,E,V,L,E,L
16473,VENOM 😈 ,E,L,V,L,V,E,V,L,V,L
16474,VENOM 😈 ,E,L,V,E,L,L,L,L,L,L
16475,VENOM 😈 ,E,L,V,E,L,L,L,L,E,L
16476,VENOM 😈 ,E,L,V,E,L,L,L,L,V,L
16477,VENOM 😈 ,E,L,V,E,L,L,E,L,L,L
16478,VENOM 😈 ,E,L,V,E,L,L,E,L,E,L
16479,VENOM 😈 ,E,L,V,E,L,L,E,L,V,L
16480,VENOM 😈 ,E,L,V,E,L,L,V,L,L,L
16481,VENOM 😈 ,E,L,V,E,L,L,V,L,E,L
16482,VENOM 😈 ,E,L,V,E,L,L,V,L,V,L
16483,VENOM 😈 ,E,L,V,E,L,E,L,L,L,L
16484,VENOM 😈 ,E,L,V,E,L,E,L,L,E,L
16485,VENOM 😈 ,E,L,V,E,L,E,L,L,V,L
16486,VENOM 😈 ,E,L,V,E,L,E,E,L,L,L
16487,VENOM 😈 ,E,L,V,E,L,E,E,L,E,L
16488,VENOM 😈 ,E,L,V,E,L,E,E,L,V,L
16489,VENOM 😈 ,E,L,V,E,L,E,V,L,L,L
16490,VENOM 😈 ,E,L,V,E,L,E,V,L,E,L
16491,VENOM 😈 ,E,L,V,E,L,E,V,L,V,L
16492,VENOM 😈 ,E,L,V,E,E,L,L,L,L,L
16493,VENOM 😈 ,E,L,V,E,E,L,L,L,E,L
16494,VENOM 😈 ,E,L,V,E,E,L,L,L,V,L
16495,VENOM 😈 ,E,L,V,E,E,L,E,L,L,L
16496,VENOM 😈 ,E,L,V,E,E,L,E,L,E,L
16497,VENOM 😈 ,E,L,V,E,E,L,E,L,V,L
16498,VENOM 😈 ,E,L,V,E,E,L,V,L,L,L
16499,VENOM 😈 ,E,L,V,E,E,L,V,L,E,L
16500,VENOM 😈 ,E,L,V,E,E,L,V,L,V,L
16501,VENOM 😈 ,E,L,V,E,E,E,L,L,L,L
16502,VENOM 😈 ,E,L,V,E,E,E,L,L,E,L
16503,VENOM 😈 ,E,L,V,E,E,E,L,L,V,L
16504,VENOM 😈 ,E,L,V,E,E,E,E,L,L,L
16505,VENOM 😈 ,E,L,V,E,E,E,E,L,E,L
16506,VENOM 😈 ,E,L,V,E,E,E,E,L,V,L
16507,VENOM 😈 ,E,L,V,E,E,E,V,L,L,L
16508,VENOM 😈 ,E,L,V,E,E,E,V,L,E,L
16509,VENOM 😈 ,E,L,V,E,E,E,V,L,V,L
16510,VENOM 😈 ,E,L,V,E,V,L,L,L,L,L
16511,VENOM 😈 ,E,L,V,E,V,L,L,L,E,L
16512,VENOM 😈 ,E,L,V,E,V,L,L,L,V,L
16513,VENOM 😈 ,E,L,V,E,V,L,E,L,L,L
16514,VENOM 😈 ,E,L,V,E,V,L,E,L,E,L
16515,VENOM 😈 ,E,L,V,E,V,L,E,L,V,L
16516,VENOM 😈 ,E,L,V,E,V,L,V,L,L,L
16517,VENOM 😈 ,E,L,V,E,V,L,V,L,E,L
16518,VENOM 😈 ,E,L,V,E,V,L,V,L,V,L
16519,VENOM 😈 ,E,L,V,E,V,E,L,L,L,L
16520,VENOM 😈 ,E,L,V,E,V,E,L,L,E,L
16521,VENOM 😈 ,E,L,V,E,V,E,L,L,V,L
16522,VENOM 😈 ,E,L,V,E,V,E,E,L,L,L
16523,VENOM 😈 ,E,L,V,E,V,E,E,L,E,L
16524,VENOM 😈 ,E,L,V,E,V,E,E,L,V,L
16525,VENOM 😈 ,E,L,V,E,V,E,V,L,L,L
16526,VENOM 😈 ,E,L,V,E,V,E,V,L,E,L
16527,VENOM 😈 ,E,L,V,E,V,E,V,L,V,L
16528,VENOM 😈 ,E,V,V,L,L,L,L,L,L,L
16529,VENOM 😈 ,E,V,V,L,L,L,L,L,E,L
16530,VENOM 😈 ,E,V,V,L,L,L,L,L,V,L
16531,VENOM 😈 ,E,V,V,L,L,L,E,L,L,L
16532,VENOM 😈 ,E,V,V,L,L,L,E,L,E,L
16533,VENOM 😈 ,E,V,V,L,L,L,E,L,V,L
16534,VENOM 😈 ,E,V,V,L,L,L,V,L,L,L
16535,VENOM 😈 ,E,V,V,L,L,L,V,L,E,L
16536,VENOM 😈 ,E,V,V,L,L,L,V,L,V,L
16537,VENOM 😈 ,E,V,V,L,L,E,L,L,L,L
16538,VENOM 😈 ,E,V,V,L,L,E,L,L,E,L
16539,VENOM 😈 ,E,V,V,L,L,E,L,L,V,L
16540,VENOM 😈 ,E,V,V,L,L,E,E,L,L,L
16541,VENOM 😈 ,E,V,V,L,L,E,E,L,E,L
16542,VENOM 😈 ,E,V,V,L,L,E,E,L,V,L
16543,VENOM 😈 ,E,V,V,L,L,E,V,L,L,L
16544,VENOM 😈 ,E,V,V,L,L,E,V,L,E,L
16545,VENOM 😈 ,E,V,V,L,L,E,V,L,V,L
16546,VENOM 😈 ,E,V,V,L,E,L,L,L,L,L
16547,VENOM 😈 ,E,V,V,L,E,L,L,L,E,L
16548,VENOM 😈 ,E,V,V,L,E,L,L,L,V,L
16549,VENOM 😈 ,E,V,V,L,E,L,E,L,L,L
16550,VENOM 😈 ,E,V,V,L,E,L,E,L,E,L
16551,VENOM 😈 ,E,V,V,L,E,L,E,L,V,L
16552,VENOM 😈 ,E,V,V,L,E,L,V,L,L,L
16553,VENOM 😈 ,E,V,V,L,E,L,V,L,E,L
16554,VENOM 😈 ,E,V,V,L,E,L,V,L,V,L
16555,VENOM 😈 ,E,V,V,L,E,E,L,L,L,L
16556,VENOM 😈 ,E,V,V,L,E,E,L,L,E,L
16557,VENOM 😈 ,E,V,V,L,E,E,L,L,V,L
16558,VENOM 😈 ,E,V,V,L,E,E,E,L,L,L
16559,VENOM 😈 ,E,V,V,L,E,E,E,L,E,L
16560,VENOM 😈 ,E,V,V,L,E,E,E,L,V,L
16561,VENOM 😈 ,E,V,V,L,E,E,V,L,L,L
16562,VENOM 😈 ,E,V,V,L,E,E,V,L,E,L
16563,VENOM 😈 ,E,V,V,L,E,E,V,L,V,L
16564,VENOM 😈 ,E,V,V,L,V,L,L,L,L,L
16565,VENOM 😈 ,E,V,V,L,V,L,L,L,E,L
16566,VENOM 😈 ,E,V,V,L,V,L,L,L,V,L
16567,VENOM 😈 ,E,V,V,L,V,L,E,L,L,L
16568,VENOM 😈 ,E,V,V,L,V,L,E,L,E,L
16569,VENOM 😈 ,E,V,V,L,V,L,E,L,V,L
16570,VENOM 😈 ,E,V,V,L,V,L,V,L,L,L
16571,VENOM 😈 ,E,V,V,L,V,L,V,L,E,L
16572,VENOM 😈 ,E,V,V,L,V,L,V,L,V,L
16573,VENOM 😈 ,E,V,V,L,V,E,L,L,L,L
16574,VENOM 😈 ,E,V,V,L,V,E,L,L,E,L
16575,VENOM 😈 ,E,V,V,L,V,E,L,L,V,L
16576,VENOM 😈 ,E,V,V,L,V,E,E,L,L,L
16577,VENOM 😈 ,E,V,V,L,V,E,E,L,E,L
16578,VENOM 😈 ,E,V,V,L,V,E,E,L,V,L
16579,VENOM 😈 ,E,V,V,L,V,E,V,L,L,L
16580,VENOM 😈 ,E,V,V,L,V,E,V,L,E,L
16581,VENOM 😈 ,E,V,V,L,V,E,V,L,V,L
16582,VENOM 😈 ,E,V,V,E,L,L,L,L,L,L
16583,VENOM 😈 ,E,V,V,E,L,L,L,L,E,L
16584,VENOM 😈 ,E,V,V,E,L,L,L,L,V,L
16585,VENOM 😈 ,E,V,V,E,L,L,E,L,L,L
16586,VENOM 😈 ,E,V,V,E,L,L,E,L,E,L
16587,VENOM 😈 ,E,V,V,E,L,L,E,L,V,L
16588,VENOM 😈 ,E,V,V,E,L,L,V,L,L,L
16589,VENOM 😈 ,E,V,V,E,L,L,V,L,E,L
16590,VENOM 😈 ,E,V,V,E,L,L,V,L,V,L
16591,VENOM 😈 ,E,V,V,E,L,E,L,L,L,L
16592,VENOM 😈 ,E,V,V,E,L,E,L,L,E,L
16593,VENOM 😈 ,E,V,V,E,L,E,L,L,V,L
16594,VENOM 😈 ,E,V,V,E,L,E,E,L,L,L
16595,VENOM 😈 ,E,V,V,E,L,E,E,L,E,L
16596,VENOM 😈 ,E,V,V,E,L,E,E,L,V,L
16597,VENOM 😈 ,E,V,V,E,L,E,V,L,L,L
16598,VENOM 😈 ,E,V,V,E,L,E,V,L,E,L
16599,VENOM 😈 ,E,V,V,E,L,E,V,L,V,L
16600,VENOM 😈 ,E,V,V,E,E,L,L,L,L,L
16601,VENOM 😈 ,E,V,V,E,E,L,L,L,E,L
16602,VENOM 😈 ,E,V,V,E,E,L,L,L,V,L
16603,VENOM 😈 ,E,V,V,E,E,L,E,L,L,L
16604,VENOM 😈 ,E,V,V,E,E,L,E,L,E,L
16605,VENOM 😈 ,E,V,V,E,E,L,E,L,V,L
16606,VENOM 😈 ,E,V,V,E,E,L,V,L,L,L
16607,VENOM 😈 ,E,V,V,E,E,L,V,L,E,L
16608,VENOM 😈 ,E,V,V,E,E,L,V,L,V,L
16609,VENOM 😈 ,E,V,V,E,E,E,L,L,L,L
16610,VENOM 😈 ,E,V,V,E,E,E,L,L,E,L
16611,VENOM 😈 ,E,V,V,E,E,E,L,L,V,L
16612,VENOM 😈 ,E,V,V,E,E,E,E,L,L,L
16613,VENOM 😈 ,E,V,V,E,E,E,E,L,E,L
16614,VENOM 😈 ,E,V,V,E,E,E,E,L,V,L
16615,VENOM 😈 ,E,V,V,E,E,E,V,L,L,L
16616,VENOM 😈 ,E,V,V,E,E,E,V,L,E,L
16617,VENOM 😈 ,E,V,V,E,E,E,V,L,V,L
16618,VENOM 😈 ,E,V,V,E,V,L,L,L,L,L
16619,VENOM 😈 ,E,V,V,E,V,L,L,L,E,L
16620,VENOM 😈 ,E,V,V,E,V,L,L,L,V,L
16621,VENOM 😈 ,E,V,V,E,V,L,E,L,L,L
16622,VENOM 😈 ,E,V,V,E,V,L,E,L,E,L
16623,VENOM 😈 ,E,V,V,E,V,L,E,L,V,L
16624,VENOM 😈 ,E,V,V,E,V,L,V,L,L,L
16625,VENOM 😈 ,E,V,V,E,V,L,V,L,E,L
16626,VENOM 😈 ,E,V,V,E,V,L,V,L,V,L
16627,VENOM 😈 ,E,V,V,E,V,E,L,L,L,L
16628,VENOM 😈 ,E,V,V,E,V,E,L,L,E,L
16629,VENOM 😈 ,E,V,V,E,V,E,L,L,V,L
16630,VENOM 😈 ,E,V,V,E,V,E,E,L,L,L
16631,VENOM 😈 ,E,V,V,E,V,E,E,L,E,L
16632,VENOM 😈 ,E,V,V,E,V,E,E,L,V,L
16633,VENOM 😈 ,E,V,V,E,V,E,V,L,L,L
16634,VENOM 😈 ,E,V,V,E,V,E,V,L,E,L
16635,VENOM 😈 ,E,V,V,E,V,E,V,L,V,L
16636,Vero,L,L,V,L,L,V,L,L,V,L
16637,Vero,L,V,V,L,L,V,L,L,V,L
16638,Vero,L,V,V,E,L,L,E,V,L,L
16639,Vero,L,E,V,E,L,L,V,V,V,L
16640,Vero,L,V,V,L,L,L,V,V,L,L
16641,Vero,L,V,V,E,L,V,E,V,V,L
16642,Vero,L,V,E,V,L,L,E,V,V,L
16643,Vero,L,E,E,L,L,L,E,E,L,L
16644,Vero,L,L,E,L,L,E,L,V,E,L
16645,Vero,L,E,L,L,E,L,L,E,V,L
16646,Vero,L,V,V,L,L,L,V,V,L,L
16647,Vero,L,V,V,E,L,V,E,V,V,L
16648,Veronica Perez Ayala,L,V,V,E,L,L,E,L,V,L
16649,Veronica Perez Ayala,L,L,E,V,L,E,L,L,L,E
16650,Veronica Perez Ayala,L,L,E,E,L,E,E,E,E,L
16651,Veronica Perez Ayala,L,E,V,V,L,L,E,L,V,L
16652,Veronica Perez Ayala,L,L,V,V,L,E,E,L,V,E
16653,Vicente barragan Val,L,E,V,E,L,V,V,E,L,V
16654,Vicente barragan Val,L,L,E,V,E,V,L,L,V,L
16655,Vicente barragan Val,L,L,V,L,L,E,E,L,V,E
16656,Vicente barragan Val,L,E,L,L,E,L,E,L,L,V
16657,Vicente barragan Val,L,V,V,E,L,L,L,L,V,V
16658,Vicente barragan Val,L,E,V,L,L,L,E,L,E,E
16659,Vicente barragan Val,L,V,E,E,L,V,V,L,E,V
16660,Vicente barragan Val,L,L,V,L,L,E,L,L,L,E
16661,Vicente barragan Val,E,L,L,V,L,E,E,L,E,E
16662,Vicente barragan Val,L,V,E,E,L,L,V,L,L,L
16663,Vicente barragan Val ,L,L,E,L,L,E,L,E,L,L
16664,Vicente barragan Val ,E,L,E,L,L,E,L,E,L,L
16665,Vicente salinas v. ,L,V,V,L,L,V,V,L,E,L
16666,Vicente salinas v. ,L,V,V,L,L,V,V,L,V,L
16667,Vicente salinas v. ,L,V,V,L,L,V,V,E,E,L
16668,Vicente salinas v. ,L,V,V,L,L,V,V,E,V,L
16669,Vicente salinas v. ,L,V,V,L,L,V,E,L,E,L
16670,Vicente salinas v. ,L,V,V,L,L,V,E,L,V,L
16671,Vicente salinas v. ,L,V,V,L,L,V,E,E,E,L
16672,Vicente salinas v. ,L,V,V,L,L,V,E,E,V,L
16673,Vicente salinas v. ,L,V,V,L,L,E,V,L,E,L
16674,Vicente salinas v. ,L,V,V,L,L,E,V,L,V,L
16675,Vicente salinas v. ,L,V,V,L,L,E,V,E,E,L
16676,Vicente salinas v. ,L,V,V,L,L,E,V,E,V,L
16677,Vicente salinas v. ,L,V,V,L,L,E,E,L,E,L
16678,Vicente salinas v. ,L,V,V,L,L,E,E,L,V,L
16679,Vicente salinas v. ,L,V,V,L,L,E,E,E,E,L
16680,Vicente salinas v. ,L,V,V,L,L,E,E,E,V,L
16681,Vicente salinas v. ,E,V,V,L,L,V,V,L,E,L
16682,Vicente salinas v. ,E,V,V,L,L,V,V,L,V,L
16683,Vicente salinas v. ,E,V,V,L,L,V,V,E,E,L
16684,Vicente salinas v. ,E,V,V,L,L,V,V,E,V,L
16685,Vicente salinas v. ,E,V,V,L,L,V,E,L,E,L
16686,Vicente salinas v. ,E,V,V,L,L,V,E,L,V,L
16687,Vicente salinas v. ,E,V,V,L,L,V,E,E,E,L
16688,Vicente salinas v. ,E,V,V,L,L,V,E,E,V,L
16689,Vicente salinas v. ,E,V,V,L,L,E,V,L,E,L
16690,Vicente salinas v. ,E,V,V,L,L,E,V,L,V,L
16691,Vicente salinas v. ,E,V,V,L,L,E,V,E,E,L
16692,Vicente salinas v. ,E,V,V,L,L,E,V,E,V,L
16693,Vicente salinas v. ,E,V,V,L,L,E,E,L,E,L
16694,Vicente salinas v. ,E,V,V,L,L,E,E,L,V,L
16695,Vicente salinas v. ,E,V,V,L,L,E,E,E,E,L
16696,Vicente salinas v. ,E,V,V,L,L,E,E,E,V,L
16697,Vicky 2010,L,V,V,V,L,L,L,L,V,L
16698,VICTOR 519_7148,L,E,V,E,L,L,E,L,V,E
16699,VICTOR 519_7148,L,L,V,L,E,E,L,E,E,V
16700,VICTOR 519_7148,E,V,V,V,V,L,E,L,L,V
16701,Victor Aguilar 13,L,E,V,L,L,L,E,L,E,L
16702,Victor Aguilar 13,L,V,V,E,E,L,L,E,L,E
16703,Victor Castillo,E,E,V,L,L,L,L,L,L,L
16704,Victor Castillo,E,E,V,E,L,L,L,L,L,L
16705,Victor Castillo,E,E,V,E,L,L,E,L,L,L
16706,Victor Castillo,E,E,V,E,L,L,E,E,L,L
16707,Victor Castillo,E,E,V,E,L,L,E,E,E,L
16708,Victor Castillo,E,E,V,E,L,L,E,E,V,L
16709,Victor Castillo,E,E,V,E,L,L,E,L,E,L
16710,Victor Castillo,E,E,V,E,L,L,E,L,V,L
16711,Victor Castillo,E,E,V,E,L,L,V,L,L,L
16712,Victor Castillo,E,E,V,E,L,L,V,E,L,L
16713,Victor Castillo,E,E,V,E,L,L,V,E,E,L
16714,Victor Castillo,E,E,V,E,L,L,V,E,V,L
16715,Victor Castillo,E,E,V,E,L,L,V,L,E,L
16716,Victor Castillo,E,E,V,E,L,L,V,L,V,L
16717,Victor Castillo,E,E,V,E,L,L,L,E,L,L
16718,Victor Castillo,E,E,V,E,L,L,L,E,E,L
16719,Victor Castillo,E,E,V,E,L,L,L,E,V,L
16720,Victor Castillo,E,E,V,E,L,L,L,L,E,L
16721,Victor Castillo,E,E,V,E,L,L,L,L,V,L
16722,Victor Castillo,E,E,V,L,L,L,E,L,L,L
16723,Victor Castillo,E,E,V,L,L,L,E,E,L,L
16724,Victor Castillo,E,E,V,L,L,L,E,E,E,L
16725,Victor Castillo,E,E,V,L,L,L,E,E,V,L
16726,Victor Castillo,E,E,V,L,L,L,E,L,E,L
16727,Victor Castillo,E,E,V,L,L,L,E,L,V,L
16728,Victor Castillo,E,E,V,L,L,L,V,L,L,L
16729,Victor Castillo,E,E,V,L,L,L,V,E,L,L
16730,Victor Castillo,E,E,V,L,L,L,V,E,E,L
16731,Victor Castillo,E,E,V,L,L,L,V,E,V,L
16732,Victor Castillo,E,E,V,L,L,L,V,L,E,L
16733,Victor Castillo,E,E,V,L,L,L,V,L,V,L
16734,Victor Castillo,E,E,V,L,L,L,L,E,L,L
16735,Victor Castillo,E,E,V,L,L,L,L,E,E,L
16736,Victor Castillo,E,E,V,L,L,L,L,E,V,L
16737,Victor Castillo,E,E,V,L,L,L,L,L,E,L
16738,Victor Castillo,E,E,V,L,L,L,L,L,V,L
16739,Victor castro,E,L,V,E,L,E,L,E,E,L
16740,Victor González,L,L,V,L,L,L,V,L,V,L
16741,Victor González,L,E,V,V,L,L,L,E,V,L
16742,Victor González ,L,L,V,V,L,L,L,L,V,L
16743,Victor González ,L,L,V,V,L,L,E,L,V,L
16744,Victor González ,L,L,V,L,L,L,L,L,V,L
16745,Victor González ,L,L,V,L,L,L,E,L,V,L
16746,Victor González ,L,L,V,L,E,L,E,L,V,L
16747,Victor González ,L,L,V,V,E,L,E,L,V,L
16748,Victor vitela,L,L,V,L,L,V,L,L,V,L
16749,Victor vitela,L,E,V,L,L,L,L,L,V,L
16750,Victorgool,E,L,E,E,L,L,V,E,V,L
16751,Victorgool,V,V,E,L,V,V,V,L,V,L
16752,Victorgool ,E,L,L,L,L,L,V,E,V,L
16753,Victorgool ,E,L,L,L,L,L,V,E,L,L
16754,Victorgool ,E,L,L,L,L,L,V,V,V,L
16755,Victorgool ,E,L,L,L,L,L,V,V,L,L
16756,Victorgool ,L,L,L,L,L,L,V,V,V,L
16757,Victorgool ,L,L,L,L,L,L,V,E,V,L
16758,Victorgool ,E,E,E,L,L,L,E,E,V,E
16759,Victorgool ,E,E,E,L,E,L,E,E,V,E
16760,Victoria 1,L,L,V,V,V,E,E,L,L,L
16761,Victoria 1,L,V,V,L,L,L,L,L,L,L
16762,Victoria 1,L,E,V,V,L,E,E,L,V,V
16763,Victoria 1,L,V,V,L,L,L,L,V,V,V
16764,Victoria 1,L,V,V,L,L,V,V,L,V,L
16765,Victoria 1,L,L,V,V,L,L,L,L,E,V
16766,Victoria 1,L,V,V,V,V,V,V,L,V,L
16767,VIKOS JR 1,L,L,V,V,E,L,L,L,V,V
16768,VIKOS JR 2,L,E,V,E,L,L,L,L,V,V
16769,Vilio gmz,L,L,V,E,V,L,L,L,L,L
16770,Vilio gmz,L,L,V,L,V,L,L,L,L,L
16771,Vilio gmz,L,L,V,L,V,E,L,L,L,L
16772,Vilio gmz,L,E,L,V,L,L,L,L,L,V
16773,Vilio gmz,E,L,V,L,E,L,V,V,L,L
16774,Villafaña,E,E,V,L,L,L,V,L,E,L
16775,Villafaña,V,V,V,V,L,L,E,E,L,E
16776,Villafaña,L,L,V,V,E,L,V,L,V,E
16777,Villafaña,L,E,V,L,E,L,V,L,L,E
16778,Villafaña,L,E,V,V,L,E,L,E,E,E
16779,Villegas Izquierdo,L,V,V,V,L,L,V,L,V,L
16780,Villegas Izquierdo,L,L,V,V,L,E,L,E,E,L
16781,Villegas Izquierdo,V,V,V,V,L,L,V,V,V,L
16782,Villegas Izquierdo,L,V,V,L,L,E,E,E,E,L
16783,Villegas Izquierdo,L,V,V,E,L,E,E,E,E,L
16784,VIR ⛪T A L P A⛪ ,L,L,E,L,L,L,L,L,L,L
16785,VIR ⛪T A L P A⛪ ,L,L,E,L,L,L,L,L,E,L
16786,VIR ⛪T A L P A⛪ ,L,L,E,L,L,L,L,L,V,L
16787,VIR ⛪T A L P A⛪ ,L,L,E,L,L,L,E,L,L,L
16788,VIR ⛪T A L P A⛪ ,L,L,E,L,L,L,E,L,E,L
16789,VIR ⛪T A L P A⛪ ,L,L,E,L,L,L,E,L,V,L
16790,VIR ⛪T A L P A⛪ ,L,L,E,L,L,L,V,L,L,L
16791,VIR ⛪T A L P A⛪ ,L,L,E,L,L,L,V,L,E,L
16792,VIR ⛪T A L P A⛪ ,L,L,E,L,L,L,V,L,V,L
16793,VIR ⛪T A L P A⛪ ,L,L,E,L,E,L,L,L,L,L
16794,VIR ⛪T A L P A⛪ ,L,L,E,L,E,L,L,L,E,L
16795,VIR ⛪T A L P A⛪ ,L,L,E,L,E,L,L,L,V,L
16796,VIR ⛪T A L P A⛪ ,L,L,E,L,E,L,E,L,L,L
16797,VIR ⛪T A L P A⛪ ,L,L,E,L,E,L,E,L,E,L
16798,VIR ⛪T A L P A⛪ ,L,L,E,L,E,L,E,L,V,L
16799,VIR ⛪T A L P A⛪ ,L,L,E,L,E,L,V,L,L,L
16800,VIR ⛪T A L P A⛪ ,L,L,E,L,E,L,V,L,E,L
16801,VIR ⛪T A L P A⛪ ,L,L,E,L,E,L,V,L,V,L
16802,VIR ⛪T A L P A⛪ ,L,L,E,E,L,L,L,L,L,L
16803,VIR ⛪T A L P A⛪ ,L,L,E,E,L,L,L,L,E,L
16804,VIR ⛪T A L P A⛪ ,L,L,E,E,L,L,L,L,V,L
16805,VIR ⛪T A L P A⛪ ,L,L,E,E,L,L,E,L,L,L
16806,VIR ⛪T A L P A⛪ ,L,L,E,E,L,L,E,L,E,L
16807,VIR ⛪T A L P A⛪ ,L,L,E,E,L,L,E,L,V,L
16808,VIR ⛪T A L P A⛪ ,L,L,E,E,L,L,V,L,L,L
16809,VIR ⛪T A L P A⛪ ,L,L,E,E,L,L,V,L,E,L
16810,VIR ⛪T A L P A⛪ ,L,L,E,E,L,L,V,L,V,L
16811,VIR ⛪T A L P A⛪ ,L,L,E,E,E,L,L,L,L,L
16812,VIR ⛪T A L P A⛪ ,L,L,E,E,E,L,L,L,E,L
16813,VIR ⛪T A L P A⛪ ,L,L,E,E,E,L,L,L,V,L
16814,VIR ⛪T A L P A⛪ ,L,L,E,E,E,L,E,L,L,L
16815,VIR ⛪T A L P A⛪ ,L,L,E,E,E,L,E,L,E,L
16816,VIR ⛪T A L P A⛪ ,L,L,E,E,E,L,E,L,V,L
16817,VIR ⛪T A L P A⛪ ,L,L,E,E,E,L,V,L,L,L
16818,VIR ⛪T A L P A⛪ ,L,L,E,E,E,L,V,L,E,L
16819,VIR ⛪T A L P A⛪ ,L,L,E,E,E,L,V,L,V,L
16820,VIR ⛪T A L P A⛪ ,L,L,E,V,L,L,L,L,L,L
16821,VIR ⛪T A L P A⛪ ,L,L,E,V,L,L,L,L,E,L
16822,VIR ⛪T A L P A⛪ ,L,L,E,V,L,L,L,L,V,L
16823,VIR ⛪T A L P A⛪ ,L,L,E,V,L,L,E,L,L,L
16824,VIR ⛪T A L P A⛪ ,L,L,E,V,L,L,E,L,E,L
16825,VIR ⛪T A L P A⛪ ,L,L,E,V,L,L,E,L,V,L
16826,VIR ⛪T A L P A⛪ ,L,L,E,V,L,L,V,L,L,L
16827,VIR ⛪T A L P A⛪ ,L,L,E,V,L,L,V,L,E,L
16828,VIR ⛪T A L P A⛪ ,L,L,E,V,L,L,V,L,V,L
16829,VIR ⛪T A L P A⛪ ,L,L,E,V,E,L,L,L,L,L
16830,VIR ⛪T A L P A⛪ ,L,L,E,V,E,L,L,L,E,L
16831,VIR ⛪T A L P A⛪ ,L,L,E,V,E,L,L,L,V,L
16832,VIR ⛪T A L P A⛪ ,L,L,E,V,E,L,E,L,L,L
16833,VIR ⛪T A L P A⛪ ,L,L,E,V,E,L,E,L,E,L
16834,VIR ⛪T A L P A⛪ ,L,L,E,V,E,L,E,L,V,L
16835,VIR ⛪T A L P A⛪ ,L,L,E,V,E,L,V,L,L,L
16836,VIR ⛪T A L P A⛪ ,L,L,E,V,E,L,V,L,E,L
16837,VIR ⛪T A L P A⛪ ,L,L,E,V,E,L,V,L,V,L
16838,VIR ⛪T A L P A⛪ ,L,L,V,L,L,L,L,L,L,L
16839,VIR ⛪T A L P A⛪ ,L,L,V,L,L,L,L,L,E,L
16840,VIR ⛪T A L P A⛪ ,L,L,V,L,L,L,L,L,V,L
16841,VIR ⛪T A L P A⛪ ,L,L,V,L,L,L,E,L,L,L
16842,VIR ⛪T A L P A⛪ ,L,L,V,L,L,L,E,L,E,L
16843,VIR ⛪T A L P A⛪ ,L,L,V,L,L,L,E,L,V,L
16844,VIR ⛪T A L P A⛪ ,L,L,V,L,L,L,V,L,L,L
16845,VIR ⛪T A L P A⛪ ,L,L,V,L,L,L,V,L,E,L
16846,VIR ⛪T A L P A⛪ ,L,L,V,L,L,L,V,L,V,L
16847,VIR ⛪T A L P A⛪ ,L,L,V,L,E,L,L,L,L,L
16848,VIR ⛪T A L P A⛪ ,L,L,V,L,E,L,L,L,E,L
16849,VIR ⛪T A L P A⛪ ,L,L,V,L,E,L,L,L,V,L
16850,VIR ⛪T A L P A⛪ ,L,L,V,L,E,L,E,L,L,L
16851,VIR ⛪T A L P A⛪ ,L,L,V,L,E,L,E,L,E,L
16852,VIR ⛪T A L P A⛪ ,L,L,V,L,E,L,E,L,V,L
16853,VIR ⛪T A L P A⛪ ,L,L,V,L,E,L,V,L,L,L
16854,VIR ⛪T A L P A⛪ ,L,L,V,L,E,L,V,L,E,L
16855,VIR ⛪T A L P A⛪ ,L,L,V,L,E,L,V,L,V,L
16856,VIR ⛪T A L P A⛪ ,L,L,V,E,L,L,L,L,L,L
16857,VIR ⛪T A L P A⛪ ,L,L,V,E,L,L,L,L,E,L
16858,VIR ⛪T A L P A⛪ ,L,L,V,E,L,L,L,L,V,L
16859,VIR ⛪T A L P A⛪ ,L,L,V,E,L,L,E,L,L,L
16860,VIR ⛪T A L P A⛪ ,L,L,V,E,L,L,E,L,E,L
16861,VIR ⛪T A L P A⛪ ,L,L,V,E,L,L,E,L,V,L
16862,VIR ⛪T A L P A⛪ ,L,L,V,E,L,L,V,L,L,L
16863,VIR ⛪T A L P A⛪ ,L,L,V,E,L,L,V,L,E,L
16864,VIR ⛪T A L P A⛪ ,L,L,V,E,L,L,V,L,V,L
16865,VIR ⛪T A L P A⛪ ,L,L,V,E,E,L,L,L,L,L
16866,VIR ⛪T A L P A⛪ ,L,L,V,E,E,L,L,L,E,L
16867,VIR ⛪T A L P A⛪ ,L,L,V,E,E,L,L,L,V,L
16868,VIR ⛪T A L P A⛪ ,L,L,V,E,E,L,E,L,L,L
16869,VIR ⛪T A L P A⛪ ,L,L,V,E,E,L,E,L,E,L
16870,VIR ⛪T A L P A⛪ ,L,L,V,E,E,L,E,L,V,L
16871,VIR ⛪T A L P A⛪ ,L,L,V,E,E,L,V,L,L,L
16872,VIR ⛪T A L P A⛪ ,L,L,V,E,E,L,V,L,E,L
16873,VIR ⛪T A L P A⛪ ,L,L,V,E,E,L,V,L,V,L
16874,VIR ⛪T A L P A⛪ ,L,L,V,V,L,L,L,L,L,L
16875,VIR ⛪T A L P A⛪ ,L,L,V,V,L,L,L,L,E,L
16876,VIR ⛪T A L P A⛪ ,L,L,V,V,L,L,L,L,V,L
16877,VIR ⛪T A L P A⛪ ,L,L,V,V,L,L,E,L,L,L
16878,VIR ⛪T A L P A⛪ ,L,L,V,V,L,L,E,L,E,L
16879,VIR ⛪T A L P A⛪ ,L,L,V,V,L,L,E,L,V,L
16880,VIR ⛪T A L P A⛪ ,L,L,V,V,L,L,V,L,L,L
16881,VIR ⛪T A L P A⛪ ,L,L,V,V,L,L,V,L,E,L
16882,VIR ⛪T A L P A⛪ ,L,L,V,V,L,L,V,L,V,L
16883,VIR ⛪T A L P A⛪ ,L,L,V,V,E,L,L,L,L,L
16884,VIR ⛪T A L P A⛪ ,L,L,V,V,E,L,L,L,E,L
16885,VIR ⛪T A L P A⛪ ,L,L,V,V,E,L,L,L,V,L
16886,VIR ⛪T A L P A⛪ ,L,L,V,V,E,L,E,L,L,L
16887,VIR ⛪T A L P A⛪ ,L,L,V,V,E,L,E,L,E,L
16888,VIR ⛪T A L P A⛪ ,L,L,V,V,E,L,E,L,V,L
16889,VIR ⛪T A L P A⛪ ,L,L,V,V,E,L,V,L,L,L
16890,VIR ⛪T A L P A⛪ ,L,L,V,V,E,L,V,L,E,L
16891,VIR ⛪T A L P A⛪ ,L,L,V,V,E,L,V,L,V,L
16892,VIR ⛪T A L P A⛪ ,L,E,E,L,L,L,L,L,L,L
16893,VIR ⛪T A L P A⛪ ,L,E,E,L,L,L,L,L,E,L
16894,VIR ⛪T A L P A⛪ ,L,E,E,L,L,L,L,L,V,L
16895,VIR ⛪T A L P A⛪ ,L,E,E,L,L,L,E,L,L,L
16896,VIR ⛪T A L P A⛪ ,L,E,E,L,L,L,E,L,E,L
16897,VIR ⛪T A L P A⛪ ,L,E,E,L,L,L,E,L,V,L
16898,VIR ⛪T A L P A⛪ ,L,E,E,L,L,L,V,L,L,L
16899,VIR ⛪T A L P A⛪ ,L,E,E,L,L,L,V,L,E,L
16900,VIR ⛪T A L P A⛪ ,L,E,E,L,L,L,V,L,V,L
16901,VIR ⛪T A L P A⛪ ,L,E,E,L,E,L,L,L,L,L
16902,VIR ⛪T A L P A⛪ ,L,E,E,L,E,L,L,L,E,L
16903,VIR ⛪T A L P A⛪ ,L,E,E,L,E,L,L,L,V,L
16904,VIR ⛪T A L P A⛪ ,L,E,E,L,E,L,E,L,L,L
16905,VIR ⛪T A L P A⛪ ,L,E,E,L,E,L,E,L,E,L
16906,VIR ⛪T A L P A⛪ ,L,E,E,L,E,L,E,L,V,L
16907,VIR ⛪T A L P A⛪ ,L,E,E,L,E,L,V,L,L,L
16908,VIR ⛪T A L P A⛪ ,L,E,E,L,E,L,V,L,E,L
16909,VIR ⛪T A L P A⛪ ,L,E,E,L,E,L,V,L,V,L
16910,VIR ⛪T A L P A⛪ ,L,E,E,E,L,L,L,L,L,L
16911,VIR ⛪T A L P A⛪ ,L,E,E,E,L,L,L,L,E,L
16912,VIR ⛪T A L P A⛪ ,L,E,E,E,L,L,L,L,V,L
16913,VIR ⛪T A L P A⛪ ,L,E,E,E,L,L,E,L,L,L
16914,VIR ⛪T A L P A⛪ ,L,E,E,E,L,L,E,L,E,L
16915,VIR ⛪T A L P A⛪ ,L,E,E,E,L,L,E,L,V,L
16916,VIR ⛪T A L P A⛪ ,L,E,E,E,L,L,V,L,L,L
16917,VIR ⛪T A L P A⛪ ,L,E,E,E,L,L,V,L,E,L
16918,VIR ⛪T A L P A⛪ ,L,E,E,E,L,L,V,L,V,L
16919,VIR ⛪T A L P A⛪ ,L,E,E,E,E,L,L,L,L,L
16920,VIR ⛪T A L P A⛪ ,L,E,E,E,E,L,L,L,E,L
16921,VIR ⛪T A L P A⛪ ,L,E,E,E,E,L,L,L,V,L
16922,VIR ⛪T A L P A⛪ ,L,E,E,E,E,L,E,L,L,L
16923,VIR ⛪T A L P A⛪ ,L,E,E,E,E,L,E,L,E,L
16924,VIR ⛪T A L P A⛪ ,L,E,E,E,E,L,E,L,V,L
16925,VIR ⛪T A L P A⛪ ,L,E,E,E,E,L,V,L,L,L
16926,VIR ⛪T A L P A⛪ ,L,E,E,E,E,L,V,L,E,L
16927,VIR ⛪T A L P A⛪ ,L,E,E,E,E,L,V,L,V,L
16928,VIR ⛪T A L P A⛪ ,L,E,E,V,L,L,L,L,L,L
16929,VIR ⛪T A L P A⛪ ,L,E,E,V,L,L,L,L,E,L
16930,VIR ⛪T A L P A⛪ ,L,E,E,V,L,L,L,L,V,L
16931,VIR ⛪T A L P A⛪ ,L,E,E,V,L,L,E,L,L,L
16932,VIR ⛪T A L P A⛪ ,L,E,E,V,L,L,E,L,E,L
16933,VIR ⛪T A L P A⛪ ,L,E,E,V,L,L,E,L,V,L
16934,VIR ⛪T A L P A⛪ ,L,E,E,V,L,L,V,L,L,L
16935,VIR ⛪T A L P A⛪ ,L,E,E,V,L,L,V,L,E,L
16936,VIR ⛪T A L P A⛪ ,L,E,E,V,L,L,V,L,V,L
16937,VIR ⛪T A L P A⛪ ,L,E,E,V,E,L,L,L,L,L
16938,VIR ⛪T A L P A⛪ ,L,E,E,V,E,L,L,L,E,L
16939,VIR ⛪T A L P A⛪ ,L,E,E,V,E,L,L,L,V,L
16940,VIR ⛪T A L P A⛪ ,L,E,E,V,E,L,E,L,L,L
16941,VIR ⛪T A L P A⛪ ,L,E,E,V,E,L,E,L,E,L
16942,VIR ⛪T A L P A⛪ ,L,E,E,V,E,L,E,L,V,L
16943,VIR ⛪T A L P A⛪ ,L,E,E,V,E,L,V,L,L,L
16944,VIR ⛪T A L P A⛪ ,L,E,E,V,E,L,V,L,E,L
16945,VIR ⛪T A L P A⛪ ,L,E,E,V,E,L,V,L,V,L
16946,VIR ⛪T A L P A⛪ ,L,E,V,L,L,L,L,L,L,L
16947,VIR ⛪T A L P A⛪ ,L,E,V,L,L,L,L,L,E,L
16948,VIR ⛪T A L P A⛪ ,L,E,V,L,L,L,L,L,V,L
16949,VIR ⛪T A L P A⛪ ,L,E,V,L,L,L,E,L,L,L
16950,VIR ⛪T A L P A⛪ ,L,E,V,L,L,L,E,L,E,L
16951,VIR ⛪T A L P A⛪ ,L,E,V,L,L,L,E,L,V,L
16952,VIR ⛪T A L P A⛪ ,L,E,V,L,L,L,V,L,L,L
16953,VIR ⛪T A L P A⛪ ,L,E,V,L,L,L,V,L,E,L
16954,VIR ⛪T A L P A⛪ ,L,E,V,L,L,L,V,L,V,L
16955,VIR ⛪T A L P A⛪ ,L,E,V,L,E,L,L,L,L,L
16956,VIR ⛪T A L P A⛪ ,L,E,V,L,E,L,L,L,E,L
16957,VIR ⛪T A L P A⛪ ,L,E,V,L,E,L,L,L,V,L
16958,VIR ⛪T A L P A⛪ ,L,E,V,L,E,L,E,L,L,L
16959,VIR ⛪T A L P A⛪ ,L,E,V,L,E,L,E,L,E,L
16960,VIR ⛪T A L P A⛪ ,L,E,V,L,E,L,E,L,V,L
16961,VIR ⛪T A L P A⛪ ,L,E,V,L,E,L,V,L,L,L
16962,VIR ⛪T A L P A⛪ ,L,E,V,L,E,L,V,L,E,L
16963,VIR ⛪T A L P A⛪ ,L,E,V,L,E,L,V,L,V,L
16964,VIR ⛪T A L P A⛪ ,L,E,V,E,L,L,L,L,L,L
16965,VIR ⛪T A L P A⛪ ,L,E,V,E,L,L,L,L,E,L
16966,VIR ⛪T A L P A⛪ ,L,E,V,E,L,L,L,L,V,L
16967,VIR ⛪T A L P A⛪ ,L,E,V,E,L,L,E,L,L,L
16968,VIR ⛪T A L P A⛪ ,L,E,V,E,L,L,E,L,E,L
16969,VIR ⛪T A L P A⛪ ,L,E,V,E,L,L,E,L,V,L
16970,VIR ⛪T A L P A⛪ ,L,E,V,E,L,L,V,L,L,L
16971,VIR ⛪T A L P A⛪ ,L,E,V,E,L,L,V,L,E,L
16972,VIR ⛪T A L P A⛪ ,L,E,V,E,L,L,V,L,V,L
16973,VIR ⛪T A L P A⛪ ,L,E,V,E,E,L,L,L,L,L
16974,VIR ⛪T A L P A⛪ ,L,E,V,E,E,L,L,L,E,L
16975,VIR ⛪T A L P A⛪ ,L,E,V,E,E,L,L,L,V,L
16976,VIR ⛪T A L P A⛪ ,L,E,V,E,E,L,E,L,L,L
16977,VIR ⛪T A L P A⛪ ,L,E,V,E,E,L,E,L,E,L
16978,VIR ⛪T A L P A⛪ ,L,E,V,E,E,L,E,L,V,L
16979,VIR ⛪T A L P A⛪ ,L,E,V,E,E,L,V,L,L,L
16980,VIR ⛪T A L P A⛪ ,L,E,V,E,E,L,V,L,E,L
16981,VIR ⛪T A L P A⛪ ,L,E,V,E,E,L,V,L,V,L
16982,VIR ⛪T A L P A⛪ ,L,E,V,V,L,L,L,L,L,L
16983,VIR ⛪T A L P A⛪ ,L,E,V,V,L,L,L,L,E,L
16984,VIR ⛪T A L P A⛪ ,L,E,V,V,L,L,L,L,V,L
16985,VIR ⛪T A L P A⛪ ,L,E,V,V,L,L,E,L,L,L
16986,VIR ⛪T A L P A⛪ ,L,E,V,V,L,L,E,L,E,L
16987,VIR ⛪T A L P A⛪ ,L,E,V,V,L,L,E,L,V,L
16988,VIR ⛪T A L P A⛪ ,L,E,V,V,L,L,V,L,L,L
16989,VIR ⛪T A L P A⛪ ,L,E,V,V,L,L,V,L,E,L
16990,VIR ⛪T A L P A⛪ ,L,E,V,V,L,L,V,L,V,L
16991,VIR ⛪T A L P A⛪ ,L,E,V,V,E,L,L,L,L,L
16992,VIR ⛪T A L P A⛪ ,L,E,V,V,E,L,L,L,E,L
16993,VIR ⛪T A L P A⛪ ,L,E,V,V,E,L,L,L,V,L
16994,VIR ⛪T A L P A⛪ ,L,E,V,V,E,L,E,L,L,L
16995,VIR ⛪T A L P A⛪ ,L,E,V,V,E,L,E,L,E,L
16996,VIR ⛪T A L P A⛪ ,L,E,V,V,E,L,E,L,V,L
16997,VIR ⛪T A L P A⛪ ,L,E,V,V,E,L,V,L,L,L
16998,VIR ⛪T A L P A⛪ ,L,E,V,V,E,L,V,L,E,L
16999,VIR ⛪T A L P A⛪ ,L,E,V,V,E,L,V,L,V,L
17000,VIR ⛪T A L P A⛪ ,L,V,E,L,L,L,L,L,L,L
17001,VIR ⛪T A L P A⛪ ,L,V,E,L,L,L,L,L,E,L
17002,VIR ⛪T A L P A⛪ ,L,V,E,L,L,L,L,L,V,L
17003,VIR ⛪T A L P A⛪ ,L,V,E,L,L,L,E,L,L,L
17004,VIR ⛪T A L P A⛪ ,L,V,E,L,L,L,E,L,E,L
17005,VIR ⛪T A L P A⛪ ,L,V,E,L,L,L,E,L,V,L
17006,VIR ⛪T A L P A⛪ ,L,V,E,L,L,L,V,L,L,L
17007,VIR ⛪T A L P A⛪ ,L,V,E,L,L,L,V,L,E,L
17008,VIR ⛪T A L P A⛪ ,L,V,E,L,L,L,V,L,V,L
17009,VIR ⛪T A L P A⛪ ,L,V,E,L,E,L,L,L,L,L
17010,VIR ⛪T A L P A⛪ ,L,V,E,L,E,L,L,L,E,L
17011,VIR ⛪T A L P A⛪ ,L,V,E,L,E,L,L,L,V,L
17012,VIR ⛪T A L P A⛪ ,L,V,E,L,E,L,E,L,L,L
17013,VIR ⛪T A L P A⛪ ,L,V,E,L,E,L,E,L,E,L
17014,VIR ⛪T A L P A⛪ ,L,V,E,L,E,L,E,L,V,L
17015,VIR ⛪T A L P A⛪ ,L,V,E,L,E,L,V,L,L,L
17016,VIR ⛪T A L P A⛪ ,L,V,E,L,E,L,V,L,E,L
17017,VIR ⛪T A L P A⛪ ,L,V,E,L,E,L,V,L,V,L
17018,VIR ⛪T A L P A⛪ ,L,V,E,E,L,L,L,L,L,L
17019,VIR ⛪T A L P A⛪ ,L,V,E,E,L,L,L,L,E,L
17020,VIR ⛪T A L P A⛪ ,L,V,E,E,L,L,L,L,V,L
17021,VIR ⛪T A L P A⛪ ,L,V,E,E,L,L,E,L,L,L
17022,VIR ⛪T A L P A⛪ ,L,V,E,E,L,L,E,L,E,L
17023,VIR ⛪T A L P A⛪ ,L,V,E,E,L,L,E,L,V,L
17024,VIR ⛪T A L P A⛪ ,L,V,E,E,L,L,V,L,L,L
17025,VIR ⛪T A L P A⛪ ,L,V,E,E,L,L,V,L,E,L
17026,VIR ⛪T A L P A⛪ ,L,V,E,E,L,L,V,L,V,L
17027,VIR ⛪T A L P A⛪ ,L,V,E,E,E,L,L,L,L,L
17028,VIR ⛪T A L P A⛪ ,L,V,E,E,E,L,L,L,E,L
17029,VIR ⛪T A L P A⛪ ,L,V,E,E,E,L,L,L,V,L
17030,VIR ⛪T A L P A⛪ ,L,V,E,E,E,L,E,L,L,L
17031,VIR ⛪T A L P A⛪ ,L,V,E,E,E,L,E,L,E,L
17032,VIR ⛪T A L P A⛪ ,L,V,E,E,E,L,E,L,V,L
17033,VIR ⛪T A L P A⛪ ,L,V,E,E,E,L,V,L,L,L
17034,VIR ⛪T A L P A⛪ ,L,V,E,E,E,L,V,L,E,L
17035,VIR ⛪T A L P A⛪ ,L,V,E,E,E,L,V,L,V,L
17036,VIR ⛪T A L P A⛪ ,L,V,E,V,L,L,L,L,L,L
17037,VIR ⛪T A L P A⛪ ,L,V,E,V,L,L,L,L,E,L
17038,VIR ⛪T A L P A⛪ ,L,V,E,V,L,L,L,L,V,L
17039,VIR ⛪T A L P A⛪ ,L,V,E,V,L,L,E,L,L,L
17040,VIR ⛪T A L P A⛪ ,L,V,E,V,L,L,E,L,E,L
17041,VIR ⛪T A L P A⛪ ,L,V,E,V,L,L,E,L,V,L
17042,VIR ⛪T A L P A⛪ ,L,V,E,V,L,L,V,L,L,L
17043,VIR ⛪T A L P A⛪ ,L,V,E,V,L,L,V,L,E,L
17044,VIR ⛪T A L P A⛪ ,L,V,E,V,L,L,V,L,V,L
17045,VIR ⛪T A L P A⛪ ,L,V,E,V,E,L,L,L,L,L
17046,VIR ⛪T A L P A⛪ ,L,V,E,V,E,L,L,L,E,L
17047,VIR ⛪T A L P A⛪ ,L,V,E,V,E,L,L,L,V,L
17048,VIR ⛪T A L P A⛪ ,L,V,E,V,E,L,E,L,L,L
17049,VIR ⛪T A L P A⛪ ,L,V,E,V,E,L,E,L,E,L
17050,VIR ⛪T A L P A⛪ ,L,V,E,V,E,L,E,L,V,L
17051,VIR ⛪T A L P A⛪ ,L,V,E,V,E,L,V,L,L,L
17052,VIR ⛪T A L P A⛪ ,L,V,E,V,E,L,V,L,E,L
17053,VIR ⛪T A L P A⛪ ,L,V,E,V,E,L,V,L,V,L
17054,VIR ⛪T A L P A⛪ ,L,V,V,L,L,L,L,L,L,L
17055,VIR ⛪T A L P A⛪ ,L,V,V,L,L,L,L,L,E,L
17056,VIR ⛪T A L P A⛪ ,L,V,V,L,L,L,L,L,V,L
17057,VIR ⛪T A L P A⛪ ,L,V,V,L,L,L,E,L,L,L
17058,VIR ⛪T A L P A⛪ ,L,V,V,L,L,L,E,L,E,L
17059,VIR ⛪T A L P A⛪ ,L,V,V,L,L,L,E,L,V,L
17060,VIR ⛪T A L P A⛪ ,L,V,V,L,L,L,V,L,L,L
17061,VIR ⛪T A L P A⛪ ,L,V,V,L,L,L,V,L,E,L
17062,VIR ⛪T A L P A⛪ ,L,V,V,L,L,L,V,L,V,L
17063,VIR ⛪T A L P A⛪ ,L,V,V,L,E,L,L,L,L,L
17064,VIR ⛪T A L P A⛪ ,L,V,V,L,E,L,L,L,E,L
17065,VIR ⛪T A L P A⛪ ,L,V,V,L,E,L,L,L,V,L
17066,VIR ⛪T A L P A⛪ ,L,V,V,L,E,L,E,L,L,L
17067,VIR ⛪T A L P A⛪ ,L,V,V,L,E,L,E,L,E,L
17068,VIR ⛪T A L P A⛪ ,L,V,V,L,E,L,E,L,V,L
17069,VIR ⛪T A L P A⛪ ,L,V,V,L,E,L,V,L,L,L
17070,VIR ⛪T A L P A⛪ ,L,V,V,L,E,L,V,L,E,L
17071,VIR ⛪T A L P A⛪ ,L,V,V,L,E,L,V,L,V,L
17072,VIR ⛪T A L P A⛪ ,L,V,V,E,L,L,L,L,L,L
17073,VIR ⛪T A L P A⛪ ,L,V,V,E,L,L,L,L,E,L
17074,VIR ⛪T A L P A⛪ ,L,V,V,E,L,L,L,L,V,L
17075,VIR ⛪T A L P A⛪ ,L,V,V,E,L,L,E,L,L,L
17076,VIR ⛪T A L P A⛪ ,L,V,V,E,L,L,E,L,E,L
17077,VIR ⛪T A L P A⛪ ,L,V,V,E,L,L,E,L,V,L
17078,VIR ⛪T A L P A⛪ ,L,V,V,E,L,L,V,L,L,L
17079,VIR ⛪T A L P A⛪ ,L,V,V,E,L,L,V,L,E,L
17080,VIR ⛪T A L P A⛪ ,L,V,V,E,L,L,V,L,V,L
17081,VIR ⛪T A L P A⛪ ,L,V,V,E,E,L,L,L,L,L
17082,VIR ⛪T A L P A⛪ ,L,V,V,E,E,L,L,L,E,L
17083,VIR ⛪T A L P A⛪ ,L,V,V,E,E,L,L,L,V,L
17084,VIR ⛪T A L P A⛪ ,L,V,V,E,E,L,E,L,L,L
17085,VIR ⛪T A L P A⛪ ,L,V,V,E,E,L,E,L,E,L
17086,VIR ⛪T A L P A⛪ ,L,V,V,E,E,L,E,L,V,L
17087,VIR ⛪T A L P A⛪ ,L,V,V,E,E,L,V,L,L,L
17088,VIR ⛪T A L P A⛪ ,L,V,V,E,E,L,V,L,E,L
17089,VIR ⛪T A L P A⛪ ,L,V,V,E,E,L,V,L,V,L
17090,VIR ⛪T A L P A⛪ ,L,V,V,V,L,L,L,L,L,L
17091,VIR ⛪T A L P A⛪ ,L,V,V,V,L,L,L,L,E,L
17092,VIR ⛪T A L P A⛪ ,L,V,V,V,L,L,L,L,V,L
17093,VIR ⛪T A L P A⛪ ,L,V,V,V,L,L,E,L,L,L
17094,VIR ⛪T A L P A⛪ ,L,V,V,V,L,L,E,L,E,L
17095,VIR ⛪T A L P A⛪ ,L,V,V,V,L,L,E,L,V,L
17096,VIR ⛪T A L P A⛪ ,L,V,V,V,L,L,V,L,L,L
17097,VIR ⛪T A L P A⛪ ,L,V,V,V,L,L,V,L,E,L
17098,VIR ⛪T A L P A⛪ ,L,V,V,V,L,L,V,L,V,L
17099,VIR ⛪T A L P A⛪ ,L,V,V,V,E,L,L,L,L,L
17100,VIR ⛪T A L P A⛪ ,L,V,V,V,E,L,L,L,E,L
17101,VIR ⛪T A L P A⛪ ,L,V,V,V,E,L,L,L,V,L
17102,VIR ⛪T A L P A⛪ ,L,V,V,V,E,L,E,L,L,L
17103,VIR ⛪T A L P A⛪ ,L,V,V,V,E,L,E,L,E,L
17104,VIR ⛪T A L P A⛪ ,L,V,V,V,E,L,E,L,V,L
17105,VIR ⛪T A L P A⛪ ,L,V,V,V,E,L,V,L,L,L
17106,VIR ⛪T A L P A⛪ ,L,V,V,V,E,L,V,L,E,L
17107,VIR ⛪T A L P A⛪ ,L,V,V,V,E,L,V,L,V,L
17108,VIR 10 101199A,E,E,L,V,E,L,L,V,E,E
17109,VIR 10 1666MG,L,L,L,L,L,V,V,V,L,L
17110,VIR 10 8877EP,V,V,V,V,V,L,L,L,L,L
17111,VIR 10 MGG,L,V,L,L,L,V,V,L,V,V
17112,VIR 10 MGG,L,L,E,E,V,V,V,E,L,L
17113,VIR 2 O.S.G.R,L,L,V,E,L,E,L,L,V,L
17114,VIR 2 SELINA,L,V,V,L,L,E,L,L,L,L
17115,VIR 6 REINALDO URIBE 1 ,L,L,V,L,L,L,V,L,L,L
17116,VIR 6 REINALDO URIBE 1 ,L,L,V,L,L,L,V,L,V,L
17117,VIR 6 REINALDO URIBE 1 ,L,L,V,L,V,L,V,L,L,L
17118,VIR 6 REINALDO URIBE 1 ,L,L,V,L,V,L,V,L,V,L
17119,VIR 6 REINALDO URIBE 1 ,L,L,V,V,L,L,V,L,L,L
17120,VIR 6 REINALDO URIBE 1 ,L,L,V,V,L,L,V,L,V,L
17121,VIR 6 REINALDO URIBE 1 ,L,L,V,V,V,L,V,L,L,L
17122,VIR 6 REINALDO URIBE 1 ,L,L,V,V,V,L,V,L,V,L
17123,VIR 6 REINALDO URIBE 1 ,L,V,V,L,L,L,V,L,L,L
17124,VIR 6 REINALDO URIBE 1 ,L,V,V,L,L,L,V,L,V,L
17125,VIR 6 REINALDO URIBE 1 ,L,V,V,L,V,L,V,L,L,L
17126,VIR 6 REINALDO URIBE 1 ,L,V,V,L,V,L,V,L,V,L
17127,VIR 6 REINALDO URIBE 1 ,L,V,V,V,L,L,V,L,L,L
17128,VIR 6 REINALDO URIBE 1 ,L,V,V,V,L,L,V,L,V,L
17129,VIR 6 REINALDO URIBE 1 ,L,V,V,V,V,L,V,L,L,L
17130,VIR 6 REINALDO URIBE 1 ,L,V,V,V,V,L,V,L,V,L
17131,VIR 6 REINALDO URIBE 2 ,L,L,V,V,L,L,V,E,E,E
17132,VIR 6 REINALDO URIBE 2 ,L,L,V,V,E,L,V,E,E,E
17133,VIR 6 REINALDO URIBE 2 ,L,E,V,V,L,L,V,E,E,E
17134,VIR 6 REINALDO URIBE 2 ,L,E,V,V,E,L,V,E,E,E
17135,VIR 6 REINALDO URIBE 3 ,L,V,V,V,V,L,E,V,V,V
17136,VIR 6 REINALDO URIBE 3 ,L,V,V,V,V,L,V,V,V,V
17137,VIR 6 REINALDO URIBE 3 ,L,V,V,V,V,E,E,V,V,V
17138,VIR 6 REINALDO URIBE 3 ,L,V,V,V,V,E,V,V,V,V
17139,VIR 6 REINALDO URIBE 4 ,L,E,V,E,E,L,L,L,E,E
17140,VIR 6 REINALDO URIBE 4 ,L,E,V,E,E,L,V,L,E,E
17141,VIR 6 REINALDO URIBE 4 ,E,E,V,E,E,L,L,L,E,E
17142,VIR 6 REINALDO URIBE 4 ,E,E,V,E,E,L,V,L,E,E
17143,VIR 9 ADÁN,L,E,V,L,L,V,V,L,L,L
17144,VIR 9 GONZALO MINERVA,V,L,V,L,V,L,E,V,V,L
17145,VIR 9 GUSTAVO,L,L,V,V,L,V,L,V,L,E
17146,VIR 9 PAUL,L,V,V,L,L,L,V,L,L,L
17147,VIR 9 WERO,L,E,V,V,V,E,V,L,L,E
17148,VIR ALFREDO URIBE,L,E,E,L,E,L,L,E,L,V
17149,VIR ARMANDO GUZMÁN ,L,L,L,L,L,L,L,L,L,E
17150,VIR ARMANDO GUZMÁN ,L,L,L,L,L,L,L,E,L,E
17151,VIR ARMANDO GUZMÁN ,L,L,L,L,L,E,L,L,L,E
17152,VIR ARMANDO GUZMÁN ,L,L,L,L,L,E,L,E,L,E
17153,VIR ARMANDO GUZMÁN ,L,L,L,L,V,L,L,L,L,E
17154,VIR ARMANDO GUZMÁN ,L,L,L,L,V,L,L,E,L,E
17155,VIR ARMANDO GUZMÁN ,L,L,L,L,V,E,L,L,L,E
17156,VIR ARMANDO GUZMÁN ,L,L,L,L,V,E,L,E,L,E
17157,VIR ARMANDO GUZMÁN ,L,L,V,L,L,L,L,L,L,E
17158,VIR ARMANDO GUZMÁN ,L,L,V,L,L,L,L,E,L,E
17159,VIR ARMANDO GUZMÁN ,L,L,V,L,L,E,L,L,L,E
17160,VIR ARMANDO GUZMÁN ,L,L,V,L,L,E,L,E,L,E
17161,VIR ARMANDO GUZMÁN ,L,L,V,L,V,L,L,L,L,E
17162,VIR ARMANDO GUZMÁN ,L,L,V,L,V,L,L,E,L,E
17163,VIR ARMANDO GUZMÁN ,L,L,V,L,V,E,L,L,L,E
17164,VIR ARMANDO GUZMÁN ,L,L,V,L,V,E,L,E,L,E
17165,VIR ARMANDO GUZMÁN ,E,L,L,L,L,L,L,L,L,E
17166,VIR ARMANDO GUZMÁN ,E,L,L,L,L,L,L,E,L,E
17167,VIR ARMANDO GUZMÁN ,E,L,L,L,L,E,L,L,L,E
17168,VIR ARMANDO GUZMÁN ,E,L,L,L,L,E,L,E,L,E
17169,VIR ARMANDO GUZMÁN ,E,L,L,L,V,L,L,L,L,E
17170,VIR ARMANDO GUZMÁN ,E,L,L,L,V,L,L,E,L,E
17171,VIR ARMANDO GUZMÁN ,E,L,L,L,V,E,L,L,L,E
17172,VIR ARMANDO GUZMÁN ,E,L,L,L,V,E,L,E,L,E
17173,VIR ARMANDO GUZMÁN ,E,L,V,L,L,L,L,L,L,E
17174,VIR ARMANDO GUZMÁN ,E,L,V,L,L,L,L,E,L,E
17175,VIR ARMANDO GUZMÁN ,E,L,V,L,L,E,L,L,L,E
17176,VIR ARMANDO GUZMÁN ,E,L,V,L,L,E,L,E,L,E
17177,VIR ARMANDO GUZMÁN ,E,L,V,L,V,L,L,L,L,E
17178,VIR ARMANDO GUZMÁN ,E,L,V,L,V,L,L,E,L,E
17179,VIR ARMANDO GUZMÁN ,E,L,V,L,V,E,L,L,L,E
17180,VIR ARMANDO GUZMÁN ,E,L,V,L,V,E,L,E,L,E
17181,VIR CARLOS ARTURO PÉREZ 1,L,E,V,L,L,L,L,L,V,L
17182,VIR CARLOS ARTURO PÉREZ 10,L,E,V,L,V,E,E,L,V,L
17183,VIR CARLOS ARTURO PÉREZ 2,E,L,V,V,E,E,E,E,L,V
17184,VIR CARLOS ARTURO PÉREZ 3,L,V,V,E,L,L,V,V,E,E
17185,VIR CARLOS ARTURO PÉREZ 4,E,E,V,L,E,E,L,L,V,L
17186,VIR CARLOS ARTURO PÉREZ 5,L,L,E,V,V,V,E,E,L,V
17187,VIR CARLOS ARTURO PÉREZ 6,L,V,V,V,L,L,V,L,V,V
17188,VIR CARLOS ARTURO PÉREZ 7,L,V,V,L,L,L,E,L,E,L
17189,VIR CARLOS ARTURO PÉREZ 8,L,E,V,E,V,L,V,E,L,L
17190,VIR CARLOS ARTURO PÉREZ 9,L,L,L,V,V,E,V,L,L,L
17191,VIR CUADRADO,L,E,E,E,L,L,L,L,E,L
17192,VIR CUADRADO,L,V,V,L,L,E,V,L,E,L
17193,VIR CUADRADO,E,E,E,E,E,L,L,L,L,E
17194,VIR DAIANA YOSELIN GUERRA,L,V,V,E,L,E,V,E,L,V
17195,VIR DAVID HERNANDEZ,L,E,V,E,L,L,E,E,E,L
17196,VIR DAVID HERNANDEZ,L,V,V,V,L,L,L,L,E,L
17197,VIR DAVID HERNANDEZ,L,V,V,V,L,L,E,L,V,V
17198,VIR ENRIQUE CONTRERAS,L,V,V,E,E,L,E,E,V,L
17199,VIR ENRIQUE CONTRERAS,L,E,V,L,V,E,V,E,E,L
17200,VIR GALLETO,L,E,V,L,E,L,V,L,V,L
17201,VIR GALLETO,L,V,V,E,V,E,L,L,L,L
17202,VIR JAVIER HERNANDEZ,L,V,V,V,L,L,V,L,E,L
17203,VIR JONY TOMATLÁN,L,E,E,V,L,L,V,L,L,L
17204,VIR JONY TOMATLÁN,L,L,V,L,L,L,E,L,L,V
17205,VIR JONY TOMATLÁN,E,V,V,L,E,L,E,L,V,L
17206,VIR JONY TOMATLÁN,L,V,V,V,L,L,V,E,L,V
17207,VIR JONY TOMATLÁN,L,L,E,V,L,L,E,V,V,V
17208,VIR JONY TOMATLÁN,L,V,V,E,L,E,E,L,L,E
17209,VIR JORGE HURTADO,L,E,V,L,E,L,L,L,E,L
17210,VIR JORGE HURTADO,L,L,V,L,L,E,E,V,E,V
17211,VIR JORGE HURTADO,E,V,V,E,L,L,L,V,V,E
17212,VIR JORGE HURTADO,L,V,V,L,E,E,L,E,L,V
17213,VIR JORGE HURTADO,L,E,V,L,L,E,L,E,V,V
17214,VIR JORGE HURTADO,L,V,V,E,E,L,V,V,L,V
17215,VIR JOSÉ FRANCO,L,V,V,L,L,L,E,E,E,E
17216,VIR JOSÉ FRANCO,L,V,V,L,E,L,E,L,L,V
17217,VIR JULIAN OCOTES,L,V,L,V,L,L,L,V,V,L
17218,VIR JULIAN OCOTES,L,L,V,L,E,L,E,L,E,L
17219,VIR LORENZO PÉREZ,L,L,V,L,L,L,V,L,L,L
17220,VIR LUIS MEZA,L,V,V,E,E,L,V,L,V,L
17221,VIR LUIS MEZA,L,V,V,E,L,L,V,E,E,L
17222,VIR MONTERREY,L,E,E,V,L,L,L,E,V,E
17223,VIR MONTERREY,L,L,V,E,E,L,E,V,V,L
17224,VIR NÉSTOR ELÍAS,L,V,L,E,E,V,L,E,V,E
17225,VIR PATRICIA MARTÍNEZ,V,V,V,L,L,L,V,L,V,L
17226,VIR PATRICIA URIBE,L,V,V,L,L,L,E,L,L,E
17227,VIR SERGIO H GUERRA,L,V,V,E,L,L,E,L,V,L
17228,VIR TIBURÓN 627,L,V,V,L,L,V,L,L,V,L
17229,VIR TIBURÓN 627,L,L,V,V,L,V,L,L,V,L
17230,VIR TIBURÓN 627,L,L,V,L,L,L,V,L,V,L
17231,VIR VIC MAN,L,E,V,E,L,L,V,L,L,L
17232,Virgen de Guadalupe,L,L,V,L,L,L,V,L,L,L
17233,Virgen de Guadalupe,L,L,V,L,L,L,L,L,L,L
17234,Virgen de Guadalupe,L,V,L,V,L,L,L,L,L,L
17235,Virgen de Guadalupe,L,V,V,L,L,L,L,L,L,L
17236,Virgen de Guadalupe,L,V,V,V,L,L,V,L,L,L
17237,Virgen de Guadalupe,L,L,L,V,L,L,L,L,L,L
17238,Visente Martínez vel,L,V,L,E,L,V,L,E,L,L
17239,Visente Martínez vel,L,E,V,L,E,V,E,V,V,L
17240,Visente Martínez vel,L,V,E,V,V,E,E,E,V,E
17241,Visente Martínez vel,L,L,L,V,L,E,V,V,L,L
17242,Visente Martínez vel,L,E,L,V,L,V,E,V,V,L
17243,Visente Martínez vel,E,V,L,E,L,L,E,L,L,L
17244,Visente Martínez vel,L,V,V,L,L,L,L,L,L,L
17245,Visente Martínez vel,V,L,V,L,E,V,E,V,E,E
17246,Wachel y Kaleen ,L,V,V,L,V,L,V,L,L,L
17247,Wachel y Kaleen ,L,V,V,L,V,L,V,E,L,L
17248,Wachel y Kaleen ,L,V,V,L,V,L,V,V,L,L
17249,Wachel y Kaleen ,L,V,V,L,V,L,E,L,L,L
17250,Wachel y Kaleen ,L,V,V,L,V,L,E,E,L,L
17251,Wachel y Kaleen ,L,V,V,L,V,L,E,V,L,L
17252,Wachel y Kaleen ,L,V,V,L,V,L,L,L,L,L
17253,Wachel y Kaleen ,L,V,V,L,V,L,L,E,L,L
17254,Wachel y Kaleen ,L,V,V,L,V,L,L,V,L,L
17255,Wachel y Kaleen ,L,V,V,L,E,L,V,L,L,L
17256,Wachel y Kaleen ,L,V,V,L,E,L,V,E,L,L
17257,Wachel y Kaleen ,L,V,V,L,E,L,V,V,L,L
17258,Wachel y Kaleen ,L,V,V,L,E,L,E,L,L,L
17259,Wachel y Kaleen ,L,V,V,L,E,L,E,E,L,L
17260,Wachel y Kaleen ,L,V,V,L,E,L,E,V,L,L
17261,Wachel y Kaleen ,L,V,V,L,E,L,L,L,L,L
17262,Wachel y Kaleen ,L,V,V,L,E,L,L,E,L,L
17263,Wachel y Kaleen ,L,V,V,L,E,L,L,V,L,L
17264,Wachel y Kaleen ,L,V,V,L,L,L,V,L,L,L
17265,Wachel y Kaleen ,L,V,V,L,L,L,V,E,L,L
17266,Wachel y Kaleen ,L,V,V,L,L,L,V,V,L,L
17267,Wachel y Kaleen ,L,V,V,L,L,L,E,L,L,L
17268,Wachel y Kaleen ,L,V,V,L,L,L,E,E,L,L
17269,Wachel y Kaleen ,L,V,V,L,L,L,E,V,L,L
17270,Wachel y Kaleen ,L,V,V,L,L,L,L,L,L,L
17271,Wachel y Kaleen ,L,V,V,L,L,L,L,E,L,L
17272,Wachel y Kaleen ,L,V,V,L,L,L,L,V,L,L
17273,Wachel y Kaleen ,L,V,V,V,V,L,V,L,L,L
17274,Wachel y Kaleen ,L,V,V,V,V,L,V,E,L,L
17275,Wachel y Kaleen ,L,V,V,V,V,L,V,V,L,L
17276,Wachel y Kaleen ,L,V,V,V,V,L,E,L,L,L
17277,Wachel y Kaleen ,L,V,V,V,V,L,E,E,L,L
17278,Wachel y Kaleen ,L,V,V,V,V,L,E,V,L,L
17279,Wachel y Kaleen ,L,V,V,V,V,L,L,L,L,L
17280,Wachel y Kaleen ,L,V,V,V,V,L,L,E,L,L
17281,Wachel y Kaleen ,L,V,V,V,V,L,L,V,L,L
17282,Wachel y Kaleen ,L,V,V,V,E,L,V,L,L,L
17283,Wachel y Kaleen ,L,V,V,V,E,L,V,E,L,L
17284,Wachel y Kaleen ,L,V,V,V,E,L,V,V,L,L
17285,Wachel y Kaleen ,L,V,V,V,E,L,E,L,L,L
17286,Wachel y Kaleen ,L,V,V,V,E,L,E,E,L,L
17287,Wachel y Kaleen ,L,V,V,V,E,L,E,V,L,L
17288,Wachel y Kaleen ,L,V,V,V,E,L,L,L,L,L
17289,Wachel y Kaleen ,L,V,V,V,E,L,L,E,L,L
17290,Wachel y Kaleen ,L,V,V,V,E,L,L,V,L,L
17291,Wachel y Kaleen ,L,V,V,V,L,L,V,L,L,L
17292,Wachel y Kaleen ,L,V,V,V,L,L,V,E,L,L
17293,Wachel y Kaleen ,L,V,V,V,L,L,V,V,L,L
17294,Wachel y Kaleen ,L,V,V,V,L,L,E,L,L,L
17295,Wachel y Kaleen ,L,V,V,V,L,L,E,E,L,L
17296,Wachel y Kaleen ,L,V,V,V,L,L,E,V,L,L
17297,Wachel y Kaleen ,L,V,V,V,L,L,L,L,L,L
17298,Wachel y Kaleen ,L,V,V,V,L,L,L,E,L,L
17299,Wachel y Kaleen ,L,V,V,V,L,L,L,V,L,L
17300,Wachel y Kaleen ,L,V,V,E,V,L,V,L,L,L
17301,Wachel y Kaleen ,L,V,V,E,V,L,V,E,L,L
17302,Wachel y Kaleen ,L,V,V,E,V,L,V,V,L,L
17303,Wachel y Kaleen ,L,V,V,E,V,L,E,L,L,L
17304,Wachel y Kaleen ,L,V,V,E,V,L,E,E,L,L
17305,Wachel y Kaleen ,L,V,V,E,V,L,E,V,L,L
17306,Wachel y Kaleen ,L,V,V,E,V,L,L,L,L,L
17307,Wachel y Kaleen ,L,V,V,E,V,L,L,E,L,L
17308,Wachel y Kaleen ,L,V,V,E,V,L,L,V,L,L
17309,Wachel y Kaleen ,L,V,V,E,E,L,V,L,L,L
17310,Wachel y Kaleen ,L,V,V,E,E,L,V,E,L,L
17311,Wachel y Kaleen ,L,V,V,E,E,L,V,V,L,L
17312,Wachel y Kaleen ,L,V,V,E,E,L,E,L,L,L
17313,Wachel y Kaleen ,L,V,V,E,E,L,E,E,L,L
17314,Wachel y Kaleen ,L,V,V,E,E,L,E,V,L,L
17315,Wachel y Kaleen ,L,V,V,E,E,L,L,L,L,L
17316,Wachel y Kaleen ,L,V,V,E,E,L,L,E,L,L
17317,Wachel y Kaleen ,L,V,V,E,E,L,L,V,L,L
17318,Wachel y Kaleen ,L,V,V,E,L,L,V,L,L,L
17319,Wachel y Kaleen ,L,V,V,E,L,L,V,E,L,L
17320,Wachel y Kaleen ,L,V,V,E,L,L,V,V,L,L
17321,Wachel y Kaleen ,L,V,V,E,L,L,E,L,L,L
17322,Wachel y Kaleen ,L,V,V,E,L,L,E,E,L,L
17323,Wachel y Kaleen ,L,V,V,E,L,L,E,V,L,L
17324,Wachel y Kaleen ,L,V,V,E,L,L,L,L,L,L
17325,Wachel y Kaleen ,L,V,V,E,L,L,L,E,L,L
17326,Wachel y Kaleen ,L,V,V,E,L,L,L,V,L,L
17327,Wachel y Kaleen ,L,E,V,L,V,L,V,L,L,L
17328,Wachel y Kaleen ,L,E,V,L,V,L,V,E,L,L
17329,Wachel y Kaleen ,L,E,V,L,V,L,V,V,L,L
17330,Wachel y Kaleen ,L,E,V,L,V,L,E,L,L,L
17331,Wachel y Kaleen ,L,E,V,L,V,L,E,E,L,L
17332,Wachel y Kaleen ,L,E,V,L,V,L,E,V,L,L
17333,Wachel y Kaleen ,L,E,V,L,V,L,L,L,L,L
17334,Wachel y Kaleen ,L,E,V,L,V,L,L,E,L,L
17335,Wachel y Kaleen ,L,E,V,L,V,L,L,V,L,L
17336,Wachel y Kaleen ,L,E,V,L,E,L,V,L,L,L
17337,Wachel y Kaleen ,L,E,V,L,E,L,V,E,L,L
17338,Wachel y Kaleen ,L,E,V,L,E,L,V,V,L,L
17339,Wachel y Kaleen ,L,E,V,L,E,L,E,L,L,L
17340,Wachel y Kaleen ,L,E,V,L,E,L,E,E,L,L
17341,Wachel y Kaleen ,L,E,V,L,E,L,E,V,L,L
17342,Wachel y Kaleen ,L,E,V,L,E,L,L,L,L,L
17343,Wachel y Kaleen ,L,E,V,L,E,L,L,E,L,L
17344,Wachel y Kaleen ,L,E,V,L,E,L,L,V,L,L
17345,Wachel y Kaleen ,L,E,V,L,L,L,V,L,L,L
17346,Wachel y Kaleen ,L,E,V,L,L,L,V,E,L,L
17347,Wachel y Kaleen ,L,E,V,L,L,L,V,V,L,L
17348,Wachel y Kaleen ,L,E,V,L,L,L,E,L,L,L
17349,Wachel y Kaleen ,L,E,V,L,L,L,E,E,L,L
17350,Wachel y Kaleen ,L,E,V,L,L,L,E,V,L,L
17351,Wachel y Kaleen ,L,E,V,L,L,L,L,L,L,L
17352,Wachel y Kaleen ,L,E,V,L,L,L,L,E,L,L
17353,Wachel y Kaleen ,L,E,V,L,L,L,L,V,L,L
17354,Wachel y Kaleen ,L,E,V,V,V,L,V,L,L,L
17355,Wachel y Kaleen ,L,E,V,V,V,L,V,E,L,L
17356,Wachel y Kaleen ,L,E,V,V,V,L,V,V,L,L
17357,Wachel y Kaleen ,L,E,V,V,V,L,E,L,L,L
17358,Wachel y Kaleen ,L,E,V,V,V,L,E,E,L,L
17359,Wachel y Kaleen ,L,E,V,V,V,L,E,V,L,L
17360,Wachel y Kaleen ,L,E,V,V,V,L,L,L,L,L
17361,Wachel y Kaleen ,L,E,V,V,V,L,L,E,L,L
17362,Wachel y Kaleen ,L,E,V,V,V,L,L,V,L,L
17363,Wachel y Kaleen ,L,E,V,V,E,L,V,L,L,L
17364,Wachel y Kaleen ,L,E,V,V,E,L,V,E,L,L
17365,Wachel y Kaleen ,L,E,V,V,E,L,V,V,L,L
17366,Wachel y Kaleen ,L,E,V,V,E,L,E,L,L,L
17367,Wachel y Kaleen ,L,E,V,V,E,L,E,E,L,L
17368,Wachel y Kaleen ,L,E,V,V,E,L,E,V,L,L
17369,Wachel y Kaleen ,L,E,V,V,E,L,L,L,L,L
17370,Wachel y Kaleen ,L,E,V,V,E,L,L,E,L,L
17371,Wachel y Kaleen ,L,E,V,V,E,L,L,V,L,L
17372,Wachel y Kaleen ,L,E,V,V,L,L,V,L,L,L
17373,Wachel y Kaleen ,L,E,V,V,L,L,V,E,L,L
17374,Wachel y Kaleen ,L,E,V,V,L,L,V,V,L,L
17375,Wachel y Kaleen ,L,E,V,V,L,L,E,L,L,L
17376,Wachel y Kaleen ,L,E,V,V,L,L,E,E,L,L
17377,Wachel y Kaleen ,L,E,V,V,L,L,E,V,L,L
17378,Wachel y Kaleen ,L,E,V,V,L,L,L,L,L,L
17379,Wachel y Kaleen ,L,E,V,V,L,L,L,E,L,L
17380,Wachel y Kaleen ,L,E,V,V,L,L,L,V,L,L
17381,Wachel y Kaleen ,L,E,V,E,V,L,V,L,L,L
17382,Wachel y Kaleen ,L,E,V,E,V,L,V,E,L,L
17383,Wachel y Kaleen ,L,E,V,E,V,L,V,V,L,L
17384,Wachel y Kaleen ,L,E,V,E,V,L,E,L,L,L
17385,Wachel y Kaleen ,L,E,V,E,V,L,E,E,L,L
17386,Wachel y Kaleen ,L,E,V,E,V,L,E,V,L,L
17387,Wachel y Kaleen ,L,E,V,E,V,L,L,L,L,L
17388,Wachel y Kaleen ,L,E,V,E,V,L,L,E,L,L
17389,Wachel y Kaleen ,L,E,V,E,V,L,L,V,L,L
17390,Wachel y Kaleen ,L,E,V,E,E,L,V,L,L,L
17391,Wachel y Kaleen ,L,E,V,E,E,L,V,E,L,L
17392,Wachel y Kaleen ,L,E,V,E,E,L,V,V,L,L
17393,Wachel y Kaleen ,L,E,V,E,E,L,E,L,L,L
17394,Wachel y Kaleen ,L,E,V,E,E,L,E,E,L,L
17395,Wachel y Kaleen ,L,E,V,E,E,L,E,V,L,L
17396,Wachel y Kaleen ,L,E,V,E,E,L,L,L,L,L
17397,Wachel y Kaleen ,L,E,V,E,E,L,L,E,L,L
17398,Wachel y Kaleen ,L,E,V,E,E,L,L,V,L,L
17399,Wachel y Kaleen ,L,E,V,E,L,L,V,L,L,L
17400,Wachel y Kaleen ,L,E,V,E,L,L,V,E,L,L
17401,Wachel y Kaleen ,L,E,V,E,L,L,V,V,L,L
17402,Wachel y Kaleen ,L,E,V,E,L,L,E,L,L,L
17403,Wachel y Kaleen ,L,E,V,E,L,L,E,E,L,L
17404,Wachel y Kaleen ,L,E,V,E,L,L,E,V,L,L
17405,Wachel y Kaleen ,L,E,V,E,L,L,L,L,L,L
17406,Wachel y Kaleen ,L,E,V,E,L,L,L,E,L,L
17407,Wachel y Kaleen ,L,E,V,E,L,L,L,V,L,L
17408,Wachel y Kaleen ,L,L,V,L,V,L,V,L,L,L
17409,Wachel y Kaleen ,L,L,V,L,V,L,V,E,L,L
17410,Wachel y Kaleen ,L,L,V,L,V,L,V,V,L,L
17411,Wachel y Kaleen ,L,L,V,L,V,L,E,L,L,L
17412,Wachel y Kaleen ,L,L,V,L,V,L,E,E,L,L
17413,Wachel y Kaleen ,L,L,V,L,V,L,E,V,L,L
17414,Wachel y Kaleen ,L,L,V,L,V,L,L,L,L,L
17415,Wachel y Kaleen ,L,L,V,L,V,L,L,E,L,L
17416,Wachel y Kaleen ,L,L,V,L,V,L,L,V,L,L
17417,Wachel y Kaleen ,L,L,V,L,E,L,V,L,L,L
17418,Wachel y Kaleen ,L,L,V,L,E,L,V,E,L,L
17419,Wachel y Kaleen ,L,L,V,L,E,L,V,V,L,L
17420,Wachel y Kaleen ,L,L,V,L,E,L,E,L,L,L
17421,Wachel y Kaleen ,L,L,V,L,E,L,E,E,L,L
17422,Wachel y Kaleen ,L,L,V,L,E,L,E,V,L,L
17423,Wachel y Kaleen ,L,L,V,L,E,L,L,L,L,L
17424,Wachel y Kaleen ,L,L,V,L,E,L,L,E,L,L
17425,Wachel y Kaleen ,L,L,V,L,E,L,L,V,L,L
17426,Wachel y Kaleen ,L,L,V,L,L,L,V,L,L,L
17427,Wachel y Kaleen ,L,L,V,L,L,L,V,E,L,L
17428,Wachel y Kaleen ,L,L,V,L,L,L,V,V,L,L
17429,Wachel y Kaleen ,L,L,V,L,L,L,E,L,L,L
17430,Wachel y Kaleen ,L,L,V,L,L,L,E,E,L,L
17431,Wachel y Kaleen ,L,L,V,L,L,L,E,V,L,L
17432,Wachel y Kaleen ,L,L,V,L,L,L,L,L,L,L
17433,Wachel y Kaleen ,L,L,V,L,L,L,L,E,L,L
17434,Wachel y Kaleen ,L,L,V,L,L,L,L,V,L,L
17435,Wachel y Kaleen ,L,L,V,V,V,L,V,L,L,L
17436,Wachel y Kaleen ,L,L,V,V,V,L,V,E,L,L
17437,Wachel y Kaleen ,L,L,V,V,V,L,V,V,L,L
17438,Wachel y Kaleen ,L,L,V,V,V,L,E,L,L,L
17439,Wachel y Kaleen ,L,L,V,V,V,L,E,E,L,L
17440,Wachel y Kaleen ,L,L,V,V,V,L,E,V,L,L
17441,Wachel y Kaleen ,L,L,V,V,V,L,L,L,L,L
17442,Wachel y Kaleen ,L,L,V,V,V,L,L,E,L,L
17443,Wachel y Kaleen ,L,L,V,V,V,L,L,V,L,L
17444,Wachel y Kaleen ,L,L,V,V,E,L,V,L,L,L
17445,Wachel y Kaleen ,L,L,V,V,E,L,V,E,L,L
17446,Wachel y Kaleen ,L,L,V,V,E,L,V,V,L,L
17447,Wachel y Kaleen ,L,L,V,V,E,L,E,L,L,L
17448,Wachel y Kaleen ,L,L,V,V,E,L,E,E,L,L
17449,Wachel y Kaleen ,L,L,V,V,E,L,E,V,L,L
17450,Wachel y Kaleen ,L,L,V,V,E,L,L,L,L,L
17451,Wachel y Kaleen ,L,L,V,V,E,L,L,E,L,L
17452,Wachel y Kaleen ,L,L,V,V,E,L,L,V,L,L
17453,Wachel y Kaleen ,L,L,V,V,L,L,V,L,L,L
17454,Wachel y Kaleen ,L,L,V,V,L,L,V,E,L,L
17455,Wachel y Kaleen ,L,L,V,V,L,L,V,V,L,L
17456,Wachel y Kaleen ,L,L,V,V,L,L,E,L,L,L
17457,Wachel y Kaleen ,L,L,V,V,L,L,E,E,L,L
17458,Wachel y Kaleen ,L,L,V,V,L,L,E,V,L,L
17459,Wachel y Kaleen ,L,L,V,V,L,L,L,L,L,L
17460,Wachel y Kaleen ,L,L,V,V,L,L,L,E,L,L
17461,Wachel y Kaleen ,L,L,V,V,L,L,L,V,L,L
17462,Wachel y Kaleen ,L,L,V,E,V,L,V,L,L,L
17463,Wachel y Kaleen ,L,L,V,E,V,L,V,E,L,L
17464,Wachel y Kaleen ,L,L,V,E,V,L,V,V,L,L
17465,Wachel y Kaleen ,L,L,V,E,V,L,E,L,L,L
17466,Wachel y Kaleen ,L,L,V,E,V,L,E,E,L,L
17467,Wachel y Kaleen ,L,L,V,E,V,L,E,V,L,L
17468,Wachel y Kaleen ,L,L,V,E,V,L,L,L,L,L
17469,Wachel y Kaleen ,L,L,V,E,V,L,L,E,L,L
17470,Wachel y Kaleen ,L,L,V,E,V,L,L,V,L,L
17471,Wachel y Kaleen ,L,L,V,E,E,L,V,L,L,L
17472,Wachel y Kaleen ,L,L,V,E,E,L,V,E,L,L
17473,Wachel y Kaleen ,L,L,V,E,E,L,V,V,L,L
17474,Wachel y Kaleen ,L,L,V,E,E,L,E,L,L,L
17475,Wachel y Kaleen ,L,L,V,E,E,L,E,E,L,L
17476,Wachel y Kaleen ,L,L,V,E,E,L,E,V,L,L
17477,Wachel y Kaleen ,L,L,V,E,E,L,L,L,L,L
17478,Wachel y Kaleen ,L,L,V,E,E,L,L,E,L,L
17479,Wachel y Kaleen ,L,L,V,E,E,L,L,V,L,L
17480,Wachel y Kaleen ,L,L,V,E,L,L,V,L,L,L
17481,Wachel y Kaleen ,L,L,V,E,L,L,V,E,L,L
17482,Wachel y Kaleen ,L,L,V,E,L,L,V,V,L,L
17483,Wachel y Kaleen ,L,L,V,E,L,L,E,L,L,L
17484,Wachel y Kaleen ,L,L,V,E,L,L,E,E,L,L
17485,Wachel y Kaleen ,L,L,V,E,L,L,E,V,L,L
17486,Wachel y Kaleen ,L,L,V,E,L,L,L,L,L,L
17487,Wachel y Kaleen ,L,L,V,E,L,L,L,E,L,L
17488,Wachel y Kaleen ,L,L,V,E,L,L,L,V,L,L
17489,Whainer ,L,E,E,E,L,L,E,L,E,E
17490,Whainer ,L,E,E,E,L,L,E,L,V,E
17491,Whainer ,L,E,E,E,L,L,V,L,E,E
17492,Whainer ,L,E,E,E,L,L,V,L,V,E
17493,Whainer ,L,E,E,V,L,L,E,L,E,E
17494,Whainer ,L,E,E,V,L,L,E,L,V,E
17495,Whainer ,L,E,E,V,L,L,V,L,E,E
17496,Whainer ,L,E,E,V,L,L,V,L,V,E
17497,Winston,L,E,V,E,L,L,V,L,E,L
17498,Winston,L,V,V,V,L,L,V,L,V,L
17499,X10.14.16,L,V,V,E,L,L,L,L,E,L
17500,X251125,L,E,V,V,L,L,L,L,E,E
17501,X251125,L,V,V,E,L,L,E,L,L,L
17502,X251125,L,E,V,E,L,L,E,L,V,L
17503,X3 Sinsuerte ,L,V,V,L,L,L,E,L,L,L
17504,X3 Sinsuerte ,L,V,V,L,L,V,E,L,L,L
17505,X3 Sinsuerte ,L,V,V,E,L,L,E,L,L,L
17506,X3 Sinsuerte ,L,V,V,E,L,V,E,L,L,L
17507,X3 Sinsuerte ,L,V,V,V,L,L,E,L,L,L
17508,X3 Sinsuerte ,L,V,V,V,L,V,E,L,L,L
17509,XA9 bravo,L,V,V,L,V,V,V,L,V,L
17510,XA9 bravo,L,V,L,V,L,V,L,V,L,V
17511,XA9 bravo,V,V,V,V,V,L,L,L,L,L
17512,XA9 bravo,L,E,V,E,E,V,E,L,V,E
17513,XA9 bravo,L,L,V,V,V,L,L,L,V,L
17514,XAA Judian R Nuñez ,L,L,V,L,L,L,E,L,L,L
17515,XAA Judian R Nuñez ,L,L,V,L,L,L,E,L,V,L
17516,XAA Judian R Nuñez ,L,L,V,L,L,L,V,L,L,L
17517,XAA Judian R Nuñez ,L,L,V,L,L,L,V,L,V,L
17518,XAA Judian R Nuñez ,L,L,V,E,L,L,E,L,L,L
17519,XAA Judian R Nuñez ,L,L,V,E,L,L,E,L,V,L
17520,XAA Judian R Nuñez ,L,L,V,E,L,L,V,L,L,L
17521,XAA Judian R Nuñez ,L,L,V,E,L,L,V,L,V,L
17522,XAA Judian R Nuñez ,L,V,V,L,L,L,E,L,L,L
17523,XAA Judian R Nuñez ,L,V,V,L,L,L,E,L,V,L
17524,XAA Judian R Nuñez ,L,V,V,L,L,L,V,L,L,L
17525,XAA Judian R Nuñez ,L,V,V,L,L,L,V,L,V,L
17526,XAA Judian R Nuñez ,L,V,V,E,L,L,E,L,L,L
17527,XAA Judian R Nuñez ,L,V,V,E,L,L,E,L,V,L
17528,XAA Judian R Nuñez ,L,V,V,E,L,L,V,L,L,L
17529,XAA Judian R Nuñez ,L,V,V,E,L,L,V,L,V,L
17530,XAaaRGE_01,L,V,E,E,L,L,E,L,E,L
17531,XAaaRGE_01,V,L,L,L,V,E,V,L,E,E
17532,XAaaRGE_01,L,V,V,L,L,L,E,V,L,V
17533,XAantonioN,L,L,V,V,L,L,V,L,L,L
17534,XAantonioN,L,E,V,E,L,L,E,L,L,L
17535,XIMENITA,L,V,V,L,L,V,L,L,L,E
17536,XIMENITA,L,E,E,V,E,L,L,L,V,L
17537,Ximenita ,L,L,V,L,L,L,V,L,L,V
17538,Ximenita ,L,L,V,L,L,L,V,L,E,V
17539,Ximenita ,L,L,V,L,L,L,V,L,V,V
17540,Ximenita ,L,L,V,L,L,L,E,L,L,V
17541,Ximenita ,L,L,V,L,L,L,E,L,E,V
17542,Ximenita ,L,L,V,L,L,L,E,L,V,V
17543,Ximenita ,L,L,V,L,V,L,V,L,L,V
17544,Ximenita ,L,L,V,L,V,L,V,L,E,V
17545,Ximenita ,L,L,V,L,V,L,V,L,V,V
17546,Ximenita ,L,L,V,L,V,L,E,L,L,V
17547,Ximenita ,L,L,V,L,V,L,E,L,E,V
17548,Ximenita ,L,L,V,L,V,L,E,L,V,V
17549,Ximenita ,L,L,V,V,L,L,V,L,L,V
17550,Ximenita ,L,L,V,V,L,L,V,L,E,V
17551,Ximenita ,L,L,V,V,L,L,V,L,V,V
17552,Ximenita ,L,L,V,V,L,L,E,L,L,V
17553,Ximenita ,L,L,V,V,L,L,E,L,E,V
17554,Ximenita ,L,L,V,V,L,L,E,L,V,V
17555,Ximenita ,L,L,V,V,V,L,V,L,L,V
17556,Ximenita ,L,L,V,V,V,L,V,L,E,V
17557,Ximenita ,L,L,V,V,V,L,V,L,V,V
17558,Ximenita ,L,L,V,V,V,L,E,L,L,V
17559,Ximenita ,L,L,V,V,V,L,E,L,E,V
17560,Ximenita ,L,L,V,V,V,L,E,L,V,V
17561,Ximenita ,L,V,V,L,L,L,V,L,L,V
17562,Ximenita ,L,V,V,L,L,L,V,L,E,V
17563,Ximenita ,L,V,V,L,L,L,V,L,V,V
17564,Ximenita ,L,V,V,L,L,L,E,L,L,V
17565,Ximenita ,L,V,V,L,L,L,E,L,E,V
17566,Ximenita ,L,V,V,L,L,L,E,L,V,V
17567,Ximenita ,L,V,V,L,V,L,V,L,L,V
17568,Ximenita ,L,V,V,L,V,L,V,L,E,V
17569,Ximenita ,L,V,V,L,V,L,V,L,V,V
17570,Ximenita ,L,V,V,L,V,L,E,L,L,V
17571,Ximenita ,L,V,V,L,V,L,E,L,E,V
17572,Ximenita ,L,V,V,L,V,L,E,L,V,V
17573,Ximenita ,L,V,V,V,L,L,V,L,L,V
17574,Ximenita ,L,V,V,V,L,L,V,L,E,V
17575,Ximenita ,L,V,V,V,L,L,V,L,V,V
17576,Ximenita ,L,V,V,V,L,L,E,L,L,V
17577,Ximenita ,L,V,V,V,L,L,E,L,E,V
17578,Ximenita ,L,V,V,V,L,L,E,L,V,V
17579,Ximenita ,L,V,V,V,V,L,V,L,L,V
17580,Ximenita ,L,V,V,V,V,L,V,L,E,V
17581,Ximenita ,L,V,V,V,V,L,V,L,V,V
17582,Ximenita ,L,V,V,V,V,L,E,L,L,V
17583,Ximenita ,L,V,V,V,V,L,E,L,E,V
17584,Ximenita ,L,V,V,V,V,L,E,L,V,V
17585,Ximenita ,L,E,V,L,L,L,V,L,L,V
17586,Ximenita ,L,E,V,L,L,L,V,L,E,V
17587,Ximenita ,L,E,V,L,L,L,V,L,V,V
17588,Ximenita ,L,E,V,L,L,L,E,L,L,V
17589,Ximenita ,L,E,V,L,L,L,E,L,E,V
17590,Ximenita ,L,E,V,L,L,L,E,L,V,V
17591,Ximenita ,L,E,V,L,V,L,V,L,L,V
17592,Ximenita ,L,E,V,L,V,L,V,L,E,V
17593,Ximenita ,L,E,V,L,V,L,V,L,V,V
17594,Ximenita ,L,E,V,L,V,L,E,L,L,V
17595,Ximenita ,L,E,V,L,V,L,E,L,E,V
17596,Ximenita ,L,E,V,L,V,L,E,L,V,V
17597,Ximenita ,L,E,V,V,L,L,V,L,L,V
17598,Ximenita ,L,E,V,V,L,L,V,L,E,V
17599,Ximenita ,L,E,V,V,L,L,V,L,V,V
17600,Ximenita ,L,E,V,V,L,L,E,L,L,V
17601,Ximenita ,L,E,V,V,L,L,E,L,E,V
17602,Ximenita ,L,E,V,V,L,L,E,L,V,V
17603,Ximenita ,L,E,V,V,V,L,V,L,L,V
17604,Ximenita ,L,E,V,V,V,L,V,L,E,V
17605,Ximenita ,L,E,V,V,V,L,V,L,V,V
17606,Ximenita ,L,E,V,V,V,L,E,L,L,V
17607,Ximenita ,L,E,V,V,V,L,E,L,E,V
17608,Ximenita ,L,E,V,V,V,L,E,L,V,V
17609,Ximenita ,E,L,V,L,L,L,V,L,L,V
17610,Ximenita ,E,L,V,L,L,L,V,L,E,V
17611,Ximenita ,E,L,V,L,L,L,V,L,V,V
17612,Ximenita ,E,L,V,L,L,L,E,L,L,V
17613,Ximenita ,E,L,V,L,L,L,E,L,E,V
17614,Ximenita ,E,L,V,L,L,L,E,L,V,V
17615,Ximenita ,E,L,V,L,V,L,V,L,L,V
17616,Ximenita ,E,L,V,L,V,L,V,L,E,V
17617,Ximenita ,E,L,V,L,V,L,V,L,V,V
17618,Ximenita ,E,L,V,L,V,L,E,L,L,V
17619,Ximenita ,E,L,V,L,V,L,E,L,E,V
17620,Ximenita ,E,L,V,L,V,L,E,L,V,V
17621,Ximenita ,E,L,V,V,L,L,V,L,L,V
17622,Ximenita ,E,L,V,V,L,L,V,L,E,V
17623,Ximenita ,E,L,V,V,L,L,V,L,V,V
17624,Ximenita ,E,L,V,V,L,L,E,L,L,V
17625,Ximenita ,E,L,V,V,L,L,E,L,E,V
17626,Ximenita ,E,L,V,V,L,L,E,L,V,V
17627,Ximenita ,E,L,V,V,V,L,V,L,L,V
17628,Ximenita ,E,L,V,V,V,L,V,L,E,V
17629,Ximenita ,E,L,V,V,V,L,V,L,V,V
17630,Ximenita ,E,L,V,V,V,L,E,L,L,V
17631,Ximenita ,E,L,V,V,V,L,E,L,E,V
17632,Ximenita ,E,L,V,V,V,L,E,L,V,V
17633,Ximenita ,E,V,V,L,L,L,V,L,L,V
17634,Ximenita ,E,V,V,L,L,L,V,L,E,V
17635,Ximenita ,E,V,V,L,L,L,V,L,V,V
17636,Ximenita ,E,V,V,L,L,L,E,L,L,V
17637,Ximenita ,E,V,V,L,L,L,E,L,E,V
17638,Ximenita ,E,V,V,L,L,L,E,L,V,V
17639,Ximenita ,E,V,V,L,V,L,V,L,L,V
17640,Ximenita ,E,V,V,L,V,L,V,L,E,V
17641,Ximenita ,E,V,V,L,V,L,V,L,V,V
17642,Ximenita ,E,V,V,L,V,L,E,L,L,V
17643,Ximenita ,E,V,V,L,V,L,E,L,E,V
17644,Ximenita ,E,V,V,L,V,L,E,L,V,V
17645,Ximenita ,E,V,V,V,L,L,V,L,L,V
17646,Ximenita ,E,V,V,V,L,L,V,L,E,V
17647,Ximenita ,E,V,V,V,L,L,V,L,V,V
17648,Ximenita ,E,V,V,V,L,L,E,L,L,V
17649,Ximenita ,E,V,V,V,L,L,E,L,E,V
17650,Ximenita ,E,V,V,V,L,L,E,L,V,V
17651,Ximenita ,E,V,V,V,V,L,V,L,L,V
17652,Ximenita ,E,V,V,V,V,L,V,L,E,V
17653,Ximenita ,E,V,V,V,V,L,V,L,V,V
17654,Ximenita ,E,V,V,V,V,L,E,L,L,V
17655,Ximenita ,E,V,V,V,V,L,E,L,E,V
17656,Ximenita ,E,V,V,V,V,L,E,L,V,V
17657,Ximenita ,E,E,V,L,L,L,V,L,L,V
17658,Ximenita ,E,E,V,L,L,L,V,L,E,V
17659,Ximenita ,E,E,V,L,L,L,V,L,V,V
17660,Ximenita ,E,E,V,L,L,L,E,L,L,V
17661,Ximenita ,E,E,V,L,L,L,E,L,E,V
17662,Ximenita ,E,E,V,L,L,L,E,L,V,V
17663,Ximenita ,E,E,V,L,V,L,V,L,L,V
17664,Ximenita ,E,E,V,L,V,L,V,L,E,V
17665,Ximenita ,E,E,V,L,V,L,V,L,V,V
17666,Ximenita ,E,E,V,L,V,L,E,L,L,V
17667,Ximenita ,E,E,V,L,V,L,E,L,E,V
17668,Ximenita ,E,E,V,L,V,L,E,L,V,V
17669,Ximenita ,E,E,V,V,L,L,V,L,L,V
17670,Ximenita ,E,E,V,V,L,L,V,L,E,V
17671,Ximenita ,E,E,V,V,L,L,V,L,V,V
17672,Ximenita ,E,E,V,V,L,L,E,L,L,V
17673,Ximenita ,E,E,V,V,L,L,E,L,E,V
17674,Ximenita ,E,E,V,V,L,L,E,L,V,V
17675,Ximenita ,E,E,V,V,V,L,V,L,L,V
17676,Ximenita ,E,E,V,V,V,L,V,L,E,V
17677,Ximenita ,E,E,V,V,V,L,V,L,V,V
17678,Ximenita ,E,E,V,V,V,L,E,L,L,V
17679,Ximenita ,E,E,V,V,V,L,E,L,E,V
17680,Ximenita ,E,E,V,V,V,L,E,L,V,V
17681,Yael zavala,L,V,V,L,V,E,E,L,V,V
17682,Yael zavala,V,L,V,L,E,L,E,L,V,V
17683,Yael zavala,E,E,V,E,E,V,E,V,L,L
17684,Yael zavala,L,L,V,V,L,E,E,E,V,E
17685,Yael zavala,L,E,V,V,L,E,E,L,E,L
17686,Yael zavala ,L,L,L,L,L,L,L,L,L,L
17687,Yael zavala ,L,L,L,L,L,L,L,L,V,L
17688,Yael zavala ,L,L,V,L,L,L,L,L,L,L
17689,Yael zavala ,L,L,V,L,L,L,L,L,V,L
17690,Yahir,E,V,L,V,E,V,V,L,V,L
17691,Yahir,E,L,E,L,V,L,E,E,V,E
17692,YAMI RODRÍGUEZ,L,V,V,L,L,L,E,L,E,V
17693,Yayo 1,L,E,V,L,E,V,V,E,L,L
17694,Yayo 2,L,V,V,E,V,E,L,E,E,E
17695,Yayo 3,L,E,V,E,L,L,L,V,V,V
17696,Yimi américa,L,V,V,L,L,L,V,L,V,L
17697,Yimi américa,L,L,V,L,L,V,L,L,L,L
17698,Yimi américa,V,V,L,L,L,V,E,L,V,V
17699,Yimi américa,L,L,V,V,L,E,V,L,V,L
17700,Yimi américa,V,L,V,L,L,V,L,L,E,V
17701,Yimi américa,L,L,V,L,L,V,L,V,L,L
17702,Yimi américa,L,L,V,V,L,L,V,E,V,E
17703,Yony ac ,L,L,L,L,L,L,L,L,L,L
17704,Yony ac ,L,L,L,L,L,L,E,L,L,L
17705,Yony ac ,L,L,L,E,L,L,L,L,L,L
17706,Yony ac ,L,L,L,E,L,L,E,L,L,L
17707,Yony ac ,L,L,V,L,L,L,L,L,L,L
17708,Yony ac ,L,L,V,L,L,L,E,L,L,L
17709,Yony ac ,L,L,V,E,L,L,L,L,L,L
17710,Yony ac ,L,L,V,E,L,L,E,L,L,L
17711,Yony ac ,L,E,L,L,L,L,L,L,L,L
17712,Yony ac ,L,E,L,L,L,L,E,L,L,L
17713,Yony ac ,L,E,L,E,L,L,L,L,L,L
17714,Yony ac ,L,E,L,E,L,L,E,L,L,L
17715,Yony ac ,L,E,V,L,L,L,L,L,L,L
17716,Yony ac ,L,E,V,L,L,L,E,L,L,L
17717,Yony ac ,L,E,V,E,L,L,L,L,L,L
17718,Yony ac ,L,E,V,E,L,L,E,L,L,L
17719,Yopy Peña,L,V,V,L,L,L,L,L,L,V
17720,Yopy Peña,L,E,V,E,L,L,V,L,L,V
17721,Yopy Peña,L,L,V,L,L,L,V,L,L,E
17722,Yopy Peña,L,V,E,E,L,L,V,L,L,V
17723,Yopy Peña,L,E,L,L,L,L,E,L,L,L
17724,Yorbin Mendez,L,V,V,V,L,L,L,L,V,L
17725,Yorbin Mendez,L,E,V,V,L,L,E,V,V,L
17726,Yorch1,L,L,V,V,L,L,L,L,L,L
17727,Yorch1,L,E,V,E,L,L,E,V,E,L
17728,YOSSI,L,L,E,L,L,L,V,E,L,L
17729,YOSSI,L,E,V,E,E,L,E,E,E,L
17730,YOSSI,L,E,V,V,V,L,V,E,E,L
17731,Yoyis anzo ,L,L,V,L,L,E,L,L,L,L
17732,Yoyis anzo ,L,L,V,L,L,E,E,L,L,L
17733,Yoyis anzo ,L,L,V,L,L,V,L,L,L,L
17734,Yoyis anzo ,L,L,V,L,L,V,E,L,L,L
17735,Yoyis anzo ,L,E,V,L,L,E,L,L,L,L
17736,Yoyis anzo ,L,E,V,L,L,E,E,L,L,L
17737,Yoyis anzo ,L,E,V,L,L,V,L,L,L,L
17738,Yoyis anzo ,L,E,V,L,L,V,E,L,L,L
17739,Yoyis anzo ,L,E,V,L,L,V,E,L,L,V
17740,Yoyis anzo ,L,E,V,E,L,V,E,L,L,V
17741,Yoyis anzo ,L,L,V,L,L,E,L,E,L,E
17742,Yoyis anzo ,L,E,V,L,L,E,L,E,L,E
17743,Yoyis anzo ,L,E,V,L,L,V,V,L,L,V
17744,Yoyis anzo ,L,E,V,E,L,V,V,L,L,V
17745,Yoyis anzo ,L,L,V,L,L,E,V,E,L,L
17746,Yoyis anzo ,L,L,V,L,L,V,V,E,L,L
17747,Yoyis anzo ,L,E,V,L,L,L,E,L,L,L
17748,Yoyis anzo ,L,E,V,L,L,L,E,E,L,L
17749,Yoyis anzo ,L,L,V,L,L,E,V,L,L,E
17750,Yoyis anzo ,L,L,V,L,L,E,V,L,E,E
17751,Yuli,E,V,V,L,L,E,E,L,E,V
17752,Yuli,L,L,V,L,L,E,L,E,V,V
17753,Yuli,E,L,V,E,L,E,E,E,L,V
17754,Yuli,V,L,E,L,V,L,L,E,V,E
17755,Yuliana27,L,L,V,V,L,L,V,L,L,V
17756,Yuliana27,L,V,V,V,L,L,V,L,L,V
17757,Zacatecas52,L,V,E,V,E,L,V,E,V,L
17758,Zacatecas52 ,L,L,V,L,L,L,E,L,L,L
17759,Zacatecas52 ,L,L,V,L,L,L,V,L,L,L
17760,Zacatecas52 ,L,E,V,L,L,L,E,L,L,L
17761,Zacatecas52 ,L,E,V,L,L,L,V,L,L,L
17762,Zague Gomez Jimenez,L,E,V,E,L,L,V,L,V,E
17763,Zague Gomez Jimenez,L,V,V,L,L,L,L,V,L,L
17764,Zague Gomez Jimenez,E,V,V,V,L,E,L,L,L,L
17765,Zague Gomez Jimenez,E,L,V,E,V,L,E,L,V,V
17766,zamacona ,L,L,V,L,V,L,L,L,L,L
17767,zamacona ,L,L,V,L,V,L,V,L,L,L
17768,zamacona ,L,V,V,L,V,L,L,L,L,L
17769,zamacona ,L,V,V,L,V,L,V,L,L,L
17770,zamacona ,E,L,V,L,V,L,L,L,L,L
17771,zamacona ,E,L,V,L,V,L,V,L,L,L
17772,zamacona ,E,V,V,L,V,L,L,L,L,L
17773,zamacona ,E,V,V,L,V,L,V,L,L,L
17774,Zaraguato ,L,V,V,L,L,L,L,L,L,L
17775,Zaraguato ,L,V,V,L,L,L,L,L,E,L
17776,Zaraguato ,L,V,V,L,L,L,V,L,L,L
17777,Zaraguato ,L,V,V,L,L,L,V,L,E,L
17778,Zaraguato ,L,V,V,L,L,L,E,L,L,L
17779,Zaraguato ,L,V,V,L,L,L,E,L,E,L
17780,Zaraguato ,L,V,V,V,L,L,L,L,L,L
17781,Zaraguato ,L,V,V,V,L,L,L,L,E,L
17782,Zaraguato ,L,V,V,V,L,L,V,L,L,L
17783,Zaraguato ,L,V,V,V,L,L,V,L,E,L
17784,Zaraguato ,L,V,V,V,L,L,E,L,L,L
17785,Zaraguato ,L,V,V,V,L,L,E,L,E,L
17786,Zaraguato ,L,V,V,E,L,L,L,L,L,L
17787,Zaraguato ,L,V,V,E,L,L,L,L,E,L
17788,Zaraguato ,L,V,V,E,L,L,V,L,L,L
17789,Zaraguato ,L,V,V,E,L,L,V,L,E,L
17790,Zaraguato ,L,V,V,E,L,L,E,L,L,L
17791,Zaraguato ,L,V,V,E,L,L,E,L,E,L
17792,Zaraguato ,L,L,V,L,L,L,L,L,L,L
17793,Zaraguato ,L,L,V,L,L,L,L,L,E,L
17794,Zaraguato ,L,L,V,L,L,L,V,L,L,L
17795,Zaraguato ,L,L,V,L,L,L,V,L,E,L
17796,Zaraguato ,L,L,V,L,L,L,E,L,L,L
17797,Zaraguato ,L,L,V,L,L,L,E,L,E,L
17798,Zaraguato ,L,L,V,V,L,L,L,L,L,L
17799,Zaraguato ,L,L,V,V,L,L,L,L,E,L
17800,Zaraguato ,L,L,V,V,L,L,V,L,L,L
17801,Zaraguato ,L,L,V,V,L,L,V,L,E,L
17802,Zaraguato ,L,L,V,V,L,L,E,L,L,L
17803,Zaraguato ,L,L,V,V,L,L,E,L,E,L
17804,Zaraguato ,L,L,V,E,L,L,L,L,L,L
17805,Zaraguato ,L,L,V,E,L,L,L,L,E,L
17806,Zaraguato ,L,L,V,E,L,L,V,L,L,L
17807,Zaraguato ,L,L,V,E,L,L,V,L,E,L
17808,Zaraguato ,L,L,V,E,L,L,E,L,L,L
17809,Zaraguato ,L,L,V,E,L,L,E,L,E,L
17810,Zaraguato ,L,E,V,L,L,L,L,L,L,L
17811,Zaraguato ,L,E,V,L,L,L,L,L,E,L
17812,Zaraguato ,L,E,V,L,L,L,V,L,L,L
17813,Zaraguato ,L,E,V,L,L,L,V,L,E,L
17814,Zaraguato ,L,E,V,L,L,L,E,L,L,L
17815,Zaraguato ,L,E,V,L,L,L,E,L,E,L
17816,Zaraguato ,L,E,V,V,L,L,L,L,L,L
17817,Zaraguato ,L,E,V,V,L,L,L,L,E,L
17818,Zaraguato ,L,E,V,V,L,L,V,L,L,L
17819,Zaraguato ,L,E,V,V,L,L,V,L,E,L
17820,Zaraguato ,L,E,V,V,L,L,E,L,L,L
17821,Zaraguato ,L,E,V,V,L,L,E,L,E,L
17822,Zaraguato ,L,E,V,E,L,L,L,L,L,L
17823,Zaraguato ,L,E,V,E,L,L,L,L,E,L
17824,Zaraguato ,L,E,V,E,L,L,V,L,L,L
17825,Zaraguato ,L,E,V,E,L,L,V,L,E,L
17826,Zaraguato ,L,E,V,E,L,L,E,L,L,L
17827,Zaraguato ,L,E,V,E,L,L,E,L,E,L
17828,Zitácuaro Michoacán,E,L,E,V,V,V,E,E,V,V
17829,Zitácuaro Michoacán,E,L,V,E,L,V,V,E,L,V
17830,ZOE BARRON,L,V,E,L,V,V,E,E,V,E
17831,Zorickfel.m.h,L,L,L,L,L,L,L,L,L,L
17832,Zorickfel.m.h,L,V,V,L,V,L,V,L,L,L
17833,Zorickfel.m.h,L,V,V,L,E,L,E,E,E,L
17834,Zurdo Cortes,L,L,V,V,L,L,L,L,L,L
17835,Zurdo Cortes,L,E,V,E,L,L,E,L,V,E
17836,Zzambriz Daniel ,E,E,E,L,L,L,V,L,L,L
17837,Zzambriz Daniel ,E,E,V,L,L,L,V,L,L,L
17838,Zzambriz Daniel ,E,V,E,L,L,L,V,L,L,L
17839,Zzambriz Daniel ,E,V,V,L,L,L,V,L,L,L
17840,Zzambriz Daniel ,V,E,E,L,L,L,V,L,L,L
17841,Zzambriz Daniel ,V,E,V,L,L,L,V,L,L,L
17842,Zzambriz Daniel ,V,V,E,L,L,L,V,L,L,L
17843,Zzambriz Daniel ,V,V,V,L,L,L,V,L,L,L
17844,🐠OSO🐠,L,E,V,E,L,L,L,L,L,L
17845,🐠OSO🐠,L,L,V,L,E,L,E,E,E,L
17846,🐠OSO🐠,E,V,V,L,L,L,E,L,E,L
17847,🐠OSO🐠,E,E,V,V,E,L,L,L,E,L
17848,🐠OSO🐠,V,L,E,L,L,L,E,L,V,L
17849,🐠OSO🐠,E,L,V,V,L,E,L,L,V,L
17850,🐠OSO🐠,L,L,V,E,L,L,V,L,L,L
17851,🐠OSO🐠,L,V,V,E,L,V,L,E,V,E
17852,🐠OSO🐠,L,E,V,L,L,E,E,E,V,L
17853,🐠OSO🐠,L,L,V,E,L,V,L,V,V,E
17854,🐠OSO🐠,L,V,V,L,L,V,L,V,L,L
17855,🐠OSO🐠,L,E,V,E,L,L,V,L,L,V
17856,🐠OSO🐠,L,E,V,L,L,V,L,E,L,L
17857,🐠OSO🐠,L,E,V,V,L,V,L,L,V,E
17858,🐠OSO🐠,E,L,V,L,L,L,V,L,V,V
17859,🐠OSO🐠,L,E,V,L,L,V,E,V,L,L
17860,🐠OSO🐠,L,V,V,E,L,E,E,V,E,L
17861,🐠OSO🐠,L,V,V,L,L,V,L,V,V,L
17862,🐠OSO🐠,L,E,V,V,L,L,E,E,E,L
